customer_id,customer_name,phone_number,gender,age_group,city,region,customer_segment
CUST00001,Customer 1,2348082692761,Unknown,60+,Abuja,North Central,Occasional
CUST00002,Customer 2,2348059532120,Male,46-60,Kaduna,North West,Unknown
CUST00003,Customer 3,2348056395726,F,60+,Kaduna,North West,Regular
CUST00004,Customer 4,2348080821128,Female,46-60,Port Harcourt,South South,Regular
CUST00005,Customer 5,2348036427770,MALE,60+,Port Harcourt,South South,Premium
CUST00006,Customer 6,2348074847255,Unknown,26-35,Lagos,South West,Premium
CUST00007,Customer 7,2348036601246,female,26-35,Enugu,South East,Occasional
CUST00008,Customer 8,2348075833712,Unknown,Unknown,Kano,North West,premium 
CUST00009,Customer 9,2348067133364,Unknown,60+,Kaduna,North West,Regular
CUST00010,Customer 10,2348090112132,M,36-45,Enugu,South East,Premium
CUST00011,Customer 11,2348038791348,Unknown,18-25,Benin City,South South,Regular
CUST00012,Customer 12,2348060885184,Unknown,46-60,Kano,North West,Occasional
CUST00013,Customer 13,2348033904052,Male,46-60,Kano,North West,Regular
CUST00014,Customer 14,2348010508117,Female,18-25,Abuja,North Central,Unknown
CUST00015,Customer 15,2348010555625,Unknown,26-35,Lagos,South West,Occasional
CUST00016,Customer 16,2348050420397,F,60+,Lagos,South West,Unknown
CUST00017,Customer 17,2348069586750,Unknown,36-45,Ibadan,South West,Premium
CUST00018,Customer 18,2348020595629,Male,26-35,Abuja,North Central,Occasional
CUST00019,Customer 19,2348036890720,Unknown,60+,Ibadan,South West,Occasional
CUST00020,Customer 20,2348066386164,Female,18-25,Kaduna,North West,Business
CUST00021,Customer 21,2348061671249,Female,36-45,Kaduna,North West,Premium
CUST00022,Customer 22,2348074881930,Male,Unknown,Ibadan,South West,Premium
CUST00023,Customer 23,2348099094781,Male,46-60,Ibadan,South West,REGULAR
CUST00024,Customer 24,2348035440677,Male,36-45,Kano,North West,Occasional
CUST00025, Customer 25 ,2348028830055,MALE,26-35,Enugu,South East,Regular
CUST00026,Customer 26,2348078156663, m ,26-35,Enugu,South East,Business
CUST00027,Customer 27,2348020056982,Male,Unknown,Lagos,South West,Unknown
CUST00028,Customer 28,2348088037313,Unknown,26-35,Abuja,North Central,REGULAR
CUST00029,Customer 29,2348091745975,Unknown,36-45,Ibadan,South West,Business
CUST00030,Customer 30,2348039264601,M,46-60,Port Harcourt,South South,Regular
CUST00031,Customer 31,2348025983090,Female,18-25,Benin City,South South,REGULAR
CUST00032,Customer 32,2348033872218,Unknown,18-25,Abuja,North Central,Regular
CUST00033,Customer 33,2348067909080,Unknown,36-45,Benin City,South South,premium 
CUST00034,Customer 34,2348056644561,Unknown,18-25,Benin City,South South,REGULAR
CUST00035,Customer 35,2348047398382,Unknown,46-60,Kaduna,North West,Regular
CUST00036,Customer 36,2348016299540,Unknown,60+,Benin City,South South,Premium
CUST00037,Customer 37,2348013083917,female,Unknown,Kano,North West,Regular
CUST00038,Customer 38,2348068383582,Female,18-25,Abuja,North Central,Regular
CUST00039,Customer 39,2348019746185,Female,Unknown,Ibadan,South West,Premium
CUST00040,Customer 40,2348029041166,Female,36-45,Port Harcourt,South South,Regular
CUST00041,Customer 41,2348026244722,Unknown,26-35,Kano,North West,Premium
CUST00042,Customer 42,2348052569934,FEMALE,36-45,Enugu,South East,Occasional
CUST00043,Customer 43,2348051915552,female,46-60,Port Harcourt,South South,Unknown
CUST00044,Customer 44,2348058571379, f ,46-60,Ibadan,South West,Unknown
CUST00045,Customer 45,2348043657225,Female,46-60,Port Harcourt,South South,Unknown
CUST00046,Customer 46,2348021471483,Female,26-35,Benin City,South South,Occasional
CUST00047,Customer 47,2348013549887,Male,26-35,Lagos,South West,Regular
CUST00048,Customer 48,2348095099920,Unknown,60+,Lagos,South West,Occasional
CUST00049,Customer 49,2348074658799,Female,18-25,Ibadan,South West,Unknown
CUST00050, Customer 50 ,2348065607939,MALE,18-25,Ibadan,South West,Regular
CUST00051,Customer 51,2348074064719,M,36-45,Abuja,North Central,Business
CUST00052,Customer 52,2348061514628,F,26-35,Kaduna,North West,Occasional
CUST00053,Customer 53,2348065748573,Female,36-45,Benin City,South South,Business
CUST00054,Customer 54,2348011014403, m ,18-25,Lagos,South West,Occasional
CUST00055,Customer 55,2348058007384,Male,46-60,Kano,North West,premium 
CUST00056,Customer 56,2348018562690,Male,46-60,Kano,North West,Premium
CUST00057,Customer 57,2348043646420,male,Unknown,Kaduna,North West,Regular
CUST00058,Customer 58,2348066692457,MALE,60+,Kaduna,North West,premium 
CUST00059,Customer 59,2348045987793,Male,46-60,Kaduna,North West,Regular
CUST00060,Customer 60,2348096397726,male,46-60,Abuja,North Central,Regular
CUST00061,Customer 61,2348040312455,Female,60+,Enugu,South East,Regular
CUST00062,Customer 62,2348031649318,Unknown,Unknown,Lagos,South West,Unknown
CUST00063,Customer 63,2348048260075,Female,18-25,Kaduna,North West,Regular
CUST00064,Customer 64,2348096557840,M,18-25,Kaduna,North West,Unknown
CUST00065,Customer 65,2348064201530,Female,26-35,Enugu,South East,REGULAR
CUST00066,Customer 66,2348071980514,Unknown,26-35,Ibadan,South West,Premium
CUST00067,Customer 67,2348050099195,Female,46-60,Port Harcourt,South South,REGULAR
CUST00068,Customer 68,2348034629293,male,Unknown,Port Harcourt,South South,Regular
CUST00069,Customer 69,2348042717187,Unknown,18-25,Abuja,North Central,Business
CUST00070,Customer 70,2348093849179,Female,Unknown,Abuja,North Central,Occasional
CUST00071,Customer 71,2348016395033, m ,Unknown,Lagos,South West,premium 
CUST00072,Customer 72,2348011051566,Male,26-35,Kano,North West,Premium
CUST00073,Customer 73,2348027942409, f ,46-60,Lagos,South West,Regular
CUST00074,Customer 74,2348094872098,Female,18-25,Lagos,South West,Occasional
CUST00075, Customer 75 ,2348019314288,M,36-45,Port Harcourt,South South,Regular
CUST00076,Customer 76,2348048450654,M,Unknown,Benin City,South South,Premium
CUST00077,Customer 77,2348052308574,Female,Unknown,Ibadan,South West,Occasional
CUST00078,Customer 78,2348010611229,Unknown,Unknown,Benin City,South South,Regular
CUST00079,Customer 79,2348039709005,Unknown,18-25,Port Harcourt,South South,Premium
CUST00080,Customer 80,2348059243921,Unknown,60+,Kano,North West,Premium
CUST00081,Customer 81,2348010241281,Female,Unknown,Abuja,North Central,Regular
CUST00082,Customer 82,2348089590139,Unknown,60+,Port Harcourt,South South,Regular
CUST00083,Customer 83,2348084885446,M,60+,Benin City,South South,Premium
CUST00084,Customer 84,2348068853127,Female,60+,Benin City,South South,premium 
CUST00085,Customer 85,2348021663882,Unknown,Unknown,Kano,North West,premium 
CUST00086,Customer 86,2348032529245,M,18-25,Abuja,North Central,Premium
CUST00087,Customer 87,2348053722148,F,46-60,Lagos,South West,Premium
CUST00088,Customer 88,2348030597621,Female,Unknown,Enugu,South East,Unknown
CUST00089,Customer 89,2348085637670,Female,60+,Kano,North West,Occasional
CUST00090,Customer 90,2348040761894,Male,36-45,Benin City,South South,Business
CUST00091,Customer 91,2348044484576,Unknown,60+,Abuja,North Central,Occasional
CUST00092,Customer 92,2348044740408,Unknown,26-35,Port Harcourt,South South,Occasional
CUST00093,Customer 93,2348071500774,Unknown,26-35,Benin City,South South,Regular
CUST00094,Customer 94,2348011605828,Female,46-60,Abuja,North Central,Occasional
CUST00095,Customer 95,2348031704101,MALE,Unknown,Lagos,South West,Premium
CUST00096,Customer 96,2348043500332,Female,60+,Enugu,South East,Business
CUST00097,Customer 97,2348098876210,Female,26-35,Abuja,North Central,Premium
CUST00098,Customer 98,2348045276829,Unknown,26-35,Port Harcourt,South South,Occasional
CUST00099,Customer 99,2348052813999, f ,36-45,Enugu,South East,REGULAR
CUST00100, Customer 100 ,2348050474801,Female,60+,Port Harcourt,South South,Occasional
CUST00101,Customer 101,2348085488400,F,26-35,Kaduna,North West,Regular
CUST00102,Customer 102,2348060405290,Female,60+,Kano,North West,Regular
CUST00103,Customer 103,2348053582014,Female,36-45,Kaduna,North West,premium 
CUST00104,Customer 104,2348091619281,female,60+,Kano,North West,Regular
CUST00105,Customer 105,2348072260881,Male,46-60,Enugu,South East,Regular
CUST00106,Customer 106,2348012084299,male,36-45,Kano,North West,Occasional
CUST00107,Customer 107,2348092495830,Female,Unknown,Enugu,South East,Occasional
CUST00108,Customer 108,2348060755159,Female,36-45,Kaduna,North West,Occasional
CUST00109,Customer 109,2348044640804,Female,46-60,Port Harcourt,South South,premium 
CUST00110,Customer 110,2348094068508,Male,Unknown,Abuja,North Central,Occasional
CUST00111,Customer 111,2348086596816,F,36-45,Kaduna,North West,Premium
CUST00112,Customer 112,2348054633701,Male,Unknown,Kaduna,North West,premium 
CUST00113,Customer 113,2348037258879,female,36-45,Benin City,South South,Regular
CUST00114,Customer 114,2348064012386, m ,36-45,Enugu,South East,Occasional
CUST00115,Customer 115,2348068992169,FEMALE,26-35,Lagos,South West,Occasional
CUST00116,Customer 116,2348029245410,Male,36-45,Kaduna,North West,Premium
CUST00117,Customer 117,2348022789449,Unknown,46-60,Lagos,South West,REGULAR
CUST00118,Customer 118,2348072446329,Female,60+,Lagos,South West,Premium
CUST00119,Customer 119,2348049248210,female,60+,Kaduna,North West,Occasional
CUST00120,Customer 120,2348034609528,Female,Unknown,Abuja,North Central,Business
CUST00121,Customer 121,2348084654144,Unknown,Unknown,Abuja,North Central,Premium
CUST00122,Customer 122,2348036136389,MALE,36-45,Kano,North West,REGULAR
CUST00123,Customer 123,2348027936509,Unknown,36-45,Benin City,South South,Regular
CUST00124,Customer 124,2348093733470,Male,46-60,Enugu,South East,Regular
CUST00125, Customer 125 ,2348087307689,female,Unknown,Benin City,South South,REGULAR
CUST00126,Customer 126,2348022926147,F,26-35,Abuja,North Central,Premium
CUST00127,Customer 127,2348097533919,male,46-60,Lagos,South West,Occasional
CUST00128,Customer 128,2348050154176,Female,18-25,Benin City,South South,Premium
CUST00129,Customer 129,2348073432231,Unknown,18-25,Ibadan,South West,Premium
CUST00130,Customer 130,2348052116327,Unknown,18-25,Kano,North West,Business
CUST00131,Customer 131,2348019816326, f ,26-35,Port Harcourt,South South,Occasional
CUST00132,Customer 132,2348097438654, m ,60+,Ibadan,South West,Premium
CUST00133,Customer 133,2348072935049,F,46-60,Abuja,North Central,Premium
CUST00134,Customer 134,2348065862429,Male,18-25,Enugu,South East,Premium
CUST00135,Customer 135,2348051250605,Female,18-25,Abuja,North Central,Regular
CUST00136,Customer 136,2348072326167, m ,36-45,Enugu,South East,Regular
CUST00137,Customer 137,2348039537816,FEMALE,46-60,Abuja,North Central,Regular
CUST00138,Customer 138,2348031501723, f ,36-45,Kano,North West,Regular
CUST00139,Customer 139,2348090229591,Male,46-60,Port Harcourt,South South,Business
CUST00140,Customer 140,2348047482269,Male,18-25,Kano,North West,Regular
CUST00141,Customer 141,2348081046004,Female,60+,Kano,North West,Regular
CUST00142,Customer 142,2348017243339,Male,46-60,Kano,North West,Occasional
CUST00143,Customer 143,2348091863548,male,Unknown,Kano,North West,Occasional
CUST00144,Customer 144,2348032627927,male,26-35,Enugu,South East,REGULAR
CUST00145,Customer 145,2348087589174,F,Unknown,Lagos,South West,Regular
CUST00146,Customer 146,2348019936156,Female,46-60,Abuja,North Central,Premium
CUST00147,Customer 147,2348020455781,Unknown,18-25,Kano,North West,Occasional
CUST00148,Customer 148,2348010763352,FEMALE,46-60,Ibadan,South West,Regular
CUST00149,Customer 149,2348026528931,FEMALE,26-35,Ibadan,South West,Regular
CUST00150, Customer 150 ,2348040064688,FEMALE,46-60,Port Harcourt,South South,Premium
CUST00151,Customer 151,2348091024225,M,Unknown,Kano,North West,Premium
CUST00152,Customer 152,2348017222724,Female,18-25,Kaduna,North West,Regular
CUST00153,Customer 153,2348085325019,FEMALE,46-60,Abuja,North Central,premium 
CUST00154,Customer 154,2348043021073,Male,46-60,Lagos,South West,premium 
CUST00155,Customer 155,2348021116725,Female,18-25,Ibadan,South West,Premium
CUST00156,Customer 156,2348093132160,Female,36-45,Lagos,South West,Premium
CUST00157,Customer 157,2348042739440,Unknown,26-35,Kano,North West,Regular
CUST00158,Customer 158,2348079636235, m ,26-35,Kaduna,North West,Occasional
CUST00159,Customer 159,2348065573983,male,26-35,Lagos,South West,Premium
CUST00160,Customer 160,2348066796178,Male,18-25,Enugu,South East,Business
CUST00161,Customer 161,2348037790557,Male,18-25,Benin City,South South,Premium
CUST00162,Customer 162,2348028000822,Female,Unknown,Abuja,North Central,premium 
CUST00163,Customer 163,2348077775796,Female,36-45,Port Harcourt,South South,Premium
CUST00164,Customer 164,2348071844737,Male,26-35,Enugu,South East,Regular
CUST00165,Customer 165,2348049763932,Male,Unknown,Kano,North West,Occasional
CUST00166,Customer 166,2348097583899,F,60+,Ibadan,South West,Unknown
CUST00167,Customer 167,2348045263003,F,26-35,Kaduna,North West,Business
CUST00168,Customer 168,2348078261104,Unknown,18-25,Enugu,South East,Occasional
CUST00169,Customer 169,2348023902363,Female,36-45,Kano,North West,Occasional
CUST00170,Customer 170,2348086331056,Unknown,36-45,Ibadan,South West,Regular
CUST00171,Customer 171,2348089488753,Unknown,60+,Abuja,North Central,Regular
CUST00172,Customer 172,2348025418265,Male,26-35,Ibadan,South West,Regular
CUST00173,Customer 173,2348069743485,Male,26-35,Kaduna,North West,Occasional
CUST00174,Customer 174,2348042373579,FEMALE,Unknown,Kano,North West,Occasional
CUST00175, Customer 175 ,2348098541532,Female,Unknown,Abuja,North Central,Occasional
CUST00176,Customer 176,2348062203988,Female,18-25,Enugu,South East,Business
CUST00177,Customer 177,2348085449242,Unknown,18-25,Enugu,South East,premium 
CUST00178,Customer 178,2348030645181,Female,26-35,Lagos,South West,Occasional
CUST00179,Customer 179,2348038940981, f ,26-35,Benin City,South South,Premium
CUST00180,Customer 180,2348022651637,F,Unknown,Port Harcourt,South South,Premium
CUST00181,Customer 181,2348048041284,Male,46-60,Enugu,South East,premium 
CUST00182,Customer 182,2348041228454,MALE,26-35,Kano,North West,premium 
CUST00183,Customer 183,2348044212615,Male,Unknown,Abuja,North Central,Occasional
CUST00184,Customer 184,2348062252290,F,36-45,Port Harcourt,South South,Regular
CUST00185,Customer 185,2348034971578,Unknown,Unknown,Kaduna,North West,Business
CUST00186,Customer 186,2348079805137,female,46-60,Benin City,South South,Regular
CUST00187,Customer 187,2348053955381,Male,46-60,Port Harcourt,South South,Regular
CUST00188,Customer 188,2348036249279,Female,26-35,Benin City,South South,Unknown
CUST00189,Customer 189,2348057893119,Female,46-60,Kaduna,North West,premium 
CUST00190,Customer 190,2348016597148,Female,Unknown,Kaduna,North West,Regular
CUST00191,Customer 191,2348023095451,Female,60+,Lagos,South West,Occasional
CUST00192,Customer 192,2348089017486,female,36-45,Port Harcourt,South South,Premium
CUST00193,Customer 193,2348015247547,Unknown,Unknown,Benin City,South South,premium 
CUST00194,Customer 194,2348062795575,Female,26-35,Ibadan,South West,Regular
CUST00195,Customer 195,2348055108091,Unknown,26-35,Kaduna,North West,Regular
CUST00196,Customer 196,2348096593297,M,18-25,Enugu,South East,Premium
CUST00197,Customer 197,2348016287167,Unknown,18-25,Port Harcourt,South South,Occasional
CUST00198,Customer 198,2348081427993,M,46-60,Port Harcourt,South South,Business
CUST00199,Customer 199,2348010981097,Female,60+,Benin City,South South,premium 
CUST00200, Customer 200 ,2348022107418,M,Unknown,Enugu,South East,Premium
CUST00201,Customer 201,2348098767996,Male,36-45,Kano,North West,Regular
CUST00202,Customer 202,2348094313007,Female,18-25,Kano,North West,Premium
CUST00203,Customer 203,2348025171385,Male,26-35,Enugu,South East,Occasional
CUST00204,Customer 204,2348035201387,F,26-35,Port Harcourt,South South,Premium
CUST00205,Customer 205,2348034947657,female,36-45,Enugu,South East,REGULAR
CUST00206,Customer 206,2348090516877,Unknown,18-25,Kano,North West,REGULAR
CUST00207,Customer 207,2348098889567,Male,18-25,Port Harcourt,South South,Occasional
CUST00208,Customer 208,2348092893381,MALE,Unknown,Kano,North West,Occasional
CUST00209,Customer 209,2348091139601,M,Unknown,Kano,North West,Premium
CUST00210,Customer 210,2348093066741,Male,18-25,Kaduna,North West,Regular
CUST00211,Customer 211,2348011864257,M,60+,Kaduna,North West,Business
CUST00212,Customer 212,2348093454097,Unknown,26-35,Lagos,South West,Regular
CUST00213,Customer 213,2348092325641, f ,36-45,Abuja,North Central,Occasional
CUST00214,Customer 214,2348041945319,Male,26-35,Enugu,South East,Premium
CUST00215,Customer 215,2348063239385,Male,26-35,Lagos,South West,Regular
CUST00216,Customer 216,2348091365701,Male,26-35,Lagos,South West,Regular
CUST00217,Customer 217,2348036605006,Unknown,36-45,Benin City,South South,Business
CUST00218,Customer 218,2348016339453,Female,60+,Port Harcourt,South South,Regular
CUST00219,Customer 219,2348040824385,Female,Unknown,Port Harcourt,South South,Business
CUST00220,Customer 220,2348037730141,Female,Unknown,Ibadan,South West,Regular
CUST00221,Customer 221,2348044486799,Female,60+,Kaduna,North West,Regular
CUST00222,Customer 222,2348087091338,Male,46-60,Enugu,South East,Premium
CUST00223,Customer 223,2348076258086,Female,60+,Lagos,South West,Occasional
CUST00224,Customer 224,2348064412406,female,60+,Kaduna,North West,Unknown
CUST00225, Customer 225 ,2348081507544, m ,60+,Kano,North West,premium 
CUST00226,Customer 226,2348072423461,Female,60+,Kano,North West,Regular
CUST00227,Customer 227,2348071185820,Female,36-45,Lagos,South West,Regular
CUST00228,Customer 228,2348048225189,Male,Unknown,Abuja,North Central,Regular
CUST00229,Customer 229,2348038063865,Unknown,46-60,Kano,North West,Premium
CUST00230,Customer 230,2348097240301,M,26-35,Kano,North West,Premium
CUST00231,Customer 231,2348031159066,Female,Unknown,Abuja,North Central,Premium
CUST00232,Customer 232,2348017703264,Female,18-25,Kaduna,North West,Business
CUST00233,Customer 233,2348076382302,Female,46-60,Enugu,South East,Premium
CUST00234,Customer 234,2348045955433,Female,60+,Lagos,South West,Unknown
CUST00235,Customer 235,2348036622904,Unknown,46-60,Abuja,North Central,Premium
CUST00236,Customer 236,2348069428539,Unknown,Unknown,Kaduna,North West,premium 
CUST00237,Customer 237,2348059985291, f ,18-25,Kano,North West,Occasional
CUST00238,Customer 238,2348087243647, m ,60+,Enugu,South East,Regular
CUST00239,Customer 239,2348084958049,Male,18-25,Kaduna,North West,Regular
CUST00240,Customer 240,2348062710062,Male,Unknown,Enugu,South East,Regular
CUST00241,Customer 241,2348044321588,Unknown,36-45,Port Harcourt,South South,Premium
CUST00242,Customer 242,2348047347179,Male,26-35,Enugu,South East,Premium
CUST00243,Customer 243,2348082692976,Female,26-35,Enugu,South East,Premium
CUST00244,Customer 244,2348082248022,Female,18-25,Kano,North West,Occasional
CUST00245,Customer 245,2348016909718,female,46-60,Port Harcourt,South South,Regular
CUST00246,Customer 246,2348031240150, m ,Unknown,Ibadan,South West,Regular
CUST00247,Customer 247,2348065655100,FEMALE,Unknown,Abuja,North Central,Premium
CUST00248,Customer 248,2348022203516,Unknown,46-60,Kano,North West,Occasional
CUST00249,Customer 249,2348049679399, f ,26-35,Abuja,North Central,Occasional
CUST00250, Customer 250 ,2348027767203,Unknown,Unknown,Benin City,South South,Unknown
CUST00251,Customer 251,2348034875939,Unknown,46-60,Ibadan,South West,Premium
CUST00252,Customer 252,2348099651868,Male,36-45,Ibadan,South West,Regular
CUST00253,Customer 253,2348073955158,Unknown,46-60,Port Harcourt,South South,Regular
CUST00254,Customer 254,2348017851212,female,46-60,Kano,North West,Premium
CUST00255,Customer 255,2348032942189,Unknown,36-45,Ibadan,South West,Regular
CUST00256,Customer 256,2348077571705,M,26-35,Lagos,South West,Occasional
CUST00257,Customer 257,2348039920339,Male,60+,Benin City,South South,Premium
CUST00258,Customer 258,2348021060524, f ,Unknown,Enugu,South East,Regular
CUST00259,Customer 259,2348077834595,Female,Unknown,Port Harcourt,South South,Regular
CUST00260,Customer 260,2348028944296,Male,Unknown,Kano,North West,Regular
CUST00261,Customer 261,2348046743726,Male,36-45,Benin City,South South,Regular
CUST00262,Customer 262,2348023574945,Male,18-25,Enugu,South East,Occasional
CUST00263,Customer 263,2348064787561,Unknown,Unknown,Ibadan,South West,Premium
CUST00264,Customer 264,2348035446859,MALE,18-25,Enugu,South East,Premium
CUST00265,Customer 265,2348025694371,Female,60+,Port Harcourt,South South,Business
CUST00266,Customer 266,2348060273700,Female,36-45,Kano,North West,Business
CUST00267,Customer 267,2348099654564,Male,Unknown,Ibadan,South West,Business
CUST00268,Customer 268,2348020246273,Male,60+,Benin City,South South,Business
CUST00269,Customer 269,2348069222414,Unknown,46-60,Kaduna,North West,Premium
CUST00270,Customer 270,2348050914658,Male,46-60,Enugu,South East,Regular
CUST00271,Customer 271,2348073017530,Unknown,26-35,Abuja,North Central,Unknown
CUST00272,Customer 272,2348011438377,Unknown,Unknown,Abuja,North Central,Premium
CUST00273,Customer 273,2348069757848,Male,60+,Kaduna,North West,Premium
CUST00274,Customer 274,2348087370452,Male,26-35,Enugu,South East,premium 
CUST00275, Customer 275 ,2348082873104,Unknown,18-25,Kano,North West,REGULAR
CUST00276,Customer 276,2348022236760,Male,18-25,Benin City,South South,Regular
CUST00277,Customer 277,2348088101407,male,46-60,Enugu,South East,Regular
CUST00278,Customer 278,2348073588561,M,18-25,Benin City,South South,Regular
CUST00279,Customer 279,2348024765865,Male,26-35,Lagos,South West,Occasional
CUST00280,Customer 280,2348088496937,Female,36-45,Ibadan,South West,Occasional
CUST00281,Customer 281,2348099115213,Male,26-35,Enugu,South East,Premium
CUST00282,Customer 282,2348074862105,Unknown,Unknown,Benin City,South South,Regular
CUST00283,Customer 283,2348016032287,Unknown,18-25,Enugu,South East,Regular
CUST00284,Customer 284,2348068932580,Male,36-45,Lagos,South West,Unknown
CUST00285,Customer 285,2348059091734,Female,36-45,Kano,North West,Premium
CUST00286,Customer 286,2348092787498,Male,60+,Abuja,North Central,Occasional
CUST00287,Customer 287,2348039957221,Male,46-60,Enugu,South East,Occasional
CUST00288,Customer 288,2348094279970,Male,Unknown,Abuja,North Central,Business
CUST00289,Customer 289,2348069726447,Female,Unknown,Ibadan,South West,Regular
CUST00290,Customer 290,2348045274617,M,46-60,Lagos,South West,Business
CUST00291,Customer 291,2348079215039,Male,36-45,Ibadan,South West,Occasional
CUST00292,Customer 292,2348080423943,Female,18-25,Kaduna,North West,Occasional
CUST00293,Customer 293,2348075224675,Unknown,18-25,Benin City,South South,Occasional
CUST00294,Customer 294,2348088333336,FEMALE,36-45,Port Harcourt,South South,Regular
CUST00295,Customer 295,2348061245614,Female,Unknown,Benin City,South South,Premium
CUST00296,Customer 296,2348074069012,Male,36-45,Ibadan,South West,Premium
CUST00297,Customer 297,2348042060052,Female,18-25,Kano,North West,premium 
CUST00298,Customer 298,2348020947521,Unknown,Unknown,Lagos,South West,Premium
CUST00299,Customer 299,2348084689265,Male,60+,Benin City,South South,Premium
CUST00300, Customer 300 ,2348094693616,Female,26-35,Port Harcourt,South South,Regular
CUST00301,Customer 301,2348057856827,Male,26-35,Abuja,North Central,Premium
CUST00302,Customer 302,2348026723448,Male,Unknown,Lagos,South West,Regular
CUST00303,Customer 303,2348010628571,Unknown,26-35,Kano,North West,Premium
CUST00304,Customer 304,2348014887382,Female,46-60,Benin City,South South,Regular
CUST00305,Customer 305,2348087873738,Female,26-35,Enugu,South East,Occasional
CUST00306,Customer 306,2348091152306,male,26-35,Kano,North West,Occasional
CUST00307,Customer 307,2348091302491,Unknown,Unknown,Benin City,South South,Regular
CUST00308,Customer 308,2348046603720,female,36-45,Ibadan,South West,Premium
CUST00309,Customer 309,2348054252058,Male,18-25,Port Harcourt,South South,Regular
CUST00310,Customer 310,2348063900258,Male,26-35,Enugu,South East,Regular
CUST00311,Customer 311,2348072030456,Male,36-45,Kaduna,North West,Occasional
CUST00312,Customer 312,2348066240652, f ,46-60,Lagos,South West,Business
CUST00313,Customer 313,2348030736945,Female,18-25,Port Harcourt,South South,REGULAR
CUST00314,Customer 314,2348076967085,female,26-35,Kano,North West,Unknown
CUST00315,Customer 315,2348052819280,Female,Unknown,Lagos,South West,Occasional
CUST00316,Customer 316,2348096994315,F,18-25,Kaduna,North West,premium 
CUST00317,Customer 317,2348027679998,Unknown,26-35,Abuja,North Central,Regular
CUST00318,Customer 318,2348022609592,Unknown,Unknown,Kaduna,North West,premium 
CUST00319,Customer 319,2348020958297,Male,36-45,Kano,North West,Business
CUST00320,Customer 320,2348026902254,Male,Unknown,Benin City,South South,Occasional
CUST00321,Customer 321,2348015558342,Male,Unknown,Abuja,North Central,Business
CUST00322,Customer 322,2348095754057,Male,26-35,Abuja,North Central,Regular
CUST00323,Customer 323,2348015834153,Male,Unknown,Kano,North West,premium 
CUST00324,Customer 324,2348058750622,M,26-35,Port Harcourt,South South,Regular
CUST00325, Customer 325 ,2348072999765,Male,Unknown,Port Harcourt,South South,Business
CUST00326,Customer 326,2348091435960,Unknown,60+,Kano,North West,Business
CUST00327,Customer 327,2348026109150,Male,36-45,Kano,North West,Occasional
CUST00328,Customer 328,2348030252069,Female,Unknown,Ibadan,South West,Business
CUST00329,Customer 329,2348068196280,Female,26-35,Benin City,South South,Unknown
CUST00330,Customer 330,2348093949135,F,18-25,Enugu,South East,Occasional
CUST00331,Customer 331,2348066107446,F,60+,Enugu,South East,Business
CUST00332,Customer 332,2348024300052,Male,Unknown,Lagos,South West,Unknown
CUST00333,Customer 333,2348037756733,male,60+,Benin City,South South,Unknown
CUST00334,Customer 334,2348061617295,Male,36-45,Lagos,South West,Regular
CUST00335,Customer 335,2348032566144,Female,60+,Benin City,South South,Premium
CUST00336,Customer 336,2348076236599, m ,26-35,Ibadan,South West,Occasional
CUST00337,Customer 337,2348086354086,F,36-45,Lagos,South West,Premium
CUST00338,Customer 338,2348043743945,Female,18-25,Port Harcourt,South South,Unknown
CUST00339,Customer 339,2348022314057,Female,36-45,Abuja,North Central,Regular
CUST00340,Customer 340,2348027184131,Male,Unknown,Kano,North West,Premium
CUST00341,Customer 341,2348056533370,F,26-35,Kano,North West,Unknown
CUST00342,Customer 342,2348031536639,female,46-60,Ibadan,South West,Business
CUST00343,Customer 343,2348014667836,Male,Unknown,Kano,North West,premium 
CUST00344,Customer 344,2348010296355,FEMALE,46-60,Abuja,North Central,Occasional
CUST00345,Customer 345,2348066646400,M,60+,Lagos,South West,Regular
CUST00346,Customer 346,2348043768931,M,Unknown,Enugu,South East,Occasional
CUST00347,Customer 347,2348066776977,FEMALE,36-45,Benin City,South South,Occasional
CUST00348,Customer 348,2348012685486,Unknown,18-25,Benin City,South South,Regular
CUST00349,Customer 349,2348051817921,Unknown,18-25,Abuja,North Central,Regular
CUST00350, Customer 350 ,2348083397954,F,46-60,Port Harcourt,South South,Occasional
CUST00351,Customer 351,2348086335729,Unknown,60+,Abuja,North Central,Occasional
CUST00352,Customer 352,2348095036197,Male,26-35,Kaduna,North West,Occasional
CUST00353,Customer 353,2348046267462,Unknown,46-60,Port Harcourt,South South,Premium
CUST00354,Customer 354,2348012955633,Male,Unknown,Enugu,South East,Premium
CUST00355,Customer 355,2348049520825,Female,Unknown,Ibadan,South West,Regular
CUST00356,Customer 356,2348062691434,Female,26-35,Ibadan,South West,Occasional
CUST00357,Customer 357,2348040306287,F,26-35,Benin City,South South,Unknown
CUST00358,Customer 358,2348037878825,female,Unknown,Enugu,South East,Unknown
CUST00359,Customer 359,2348017541629,Unknown,26-35,Lagos,South West,Business
CUST00360,Customer 360,2348095786646,Unknown,18-25,Ibadan,South West,Regular
CUST00361,Customer 361,2348026390495,Unknown,60+,Port Harcourt,South South,Unknown
CUST00362,Customer 362,2348037313669,F,46-60,Enugu,South East,Regular
CUST00363,Customer 363,2348034797640,Unknown,Unknown,Ibadan,South West,Regular
CUST00364,Customer 364,2348080361278,Male,46-60,Ibadan,South West,Premium
CUST00365,Customer 365,2348075365850,Unknown,18-25,Enugu,South East,Business
CUST00366,Customer 366,2348043691483,male,Unknown,Benin City,South South,REGULAR
CUST00367,Customer 367,2348044249839,Male,26-35,Benin City,South South,Premium
CUST00368,Customer 368,2348032560469,FEMALE,18-25,Kano,North West,Premium
CUST00369,Customer 369,2348020585636,Unknown,36-45,Benin City,South South,Regular
CUST00370,Customer 370,2348088944206,Male,Unknown,Ibadan,South West,Premium
CUST00371,Customer 371,2348038214054, f ,Unknown,Abuja,North Central,Regular
CUST00372,Customer 372,2348098106694,FEMALE,18-25,Port Harcourt,South South,Occasional
CUST00373,Customer 373,2348036613761,Female,18-25,Ibadan,South West,Premium
CUST00374,Customer 374,2348020299798,Female,Unknown,Port Harcourt,South South,premium 
CUST00375, Customer 375 ,2348054229587,M,18-25,Enugu,South East,Regular
CUST00376,Customer 376,2348033659298,Male,46-60,Kano,North West,Occasional
CUST00377,Customer 377,2348033620489,Male,Unknown,Kaduna,North West,Regular
CUST00378,Customer 378,2348064193645,Male,60+,Abuja,North Central,premium 
CUST00379,Customer 379,2348030656564,female,60+,Enugu,South East,Regular
CUST00380,Customer 380,2348081553061,Male,46-60,Kaduna,North West,Occasional
CUST00381,Customer 381,2348020900467,Male,18-25,Port Harcourt,South South,Premium
CUST00382,Customer 382,2348090147547,F,26-35,Enugu,South East,Regular
CUST00383,Customer 383,2348063342963,Male,46-60,Kano,North West,REGULAR
CUST00384,Customer 384,2348029404549,Unknown,18-25,Kano,North West,Regular
CUST00385,Customer 385,2348043334196,FEMALE,60+,Benin City,South South,Premium
CUST00386,Customer 386,2348043887416,Male,18-25,Benin City,South South,Business
CUST00387,Customer 387,2348087963030,Female,60+,Enugu,South East,Regular
CUST00388,Customer 388,2348011517775,Unknown,26-35,Kaduna,North West,Occasional
CUST00389,Customer 389,2348046002778,Unknown,26-35,Ibadan,South West,Premium
CUST00390,Customer 390,2348011154152,Male,26-35,Enugu,South East,premium 
CUST00391,Customer 391,2348018260741,female,60+,Benin City,South South,premium 
CUST00392,Customer 392,2348037085789,FEMALE,18-25,Kano,North West,Regular
CUST00393,Customer 393,2348055017357, f ,60+,Enugu,South East,Regular
CUST00394,Customer 394,2348027278576,Male,26-35,Ibadan,South West,Regular
CUST00395,Customer 395,2348079125241,Male,Unknown,Lagos,South West,Regular
CUST00396,Customer 396,2348030838467,Female,60+,Abuja,North Central,Unknown
CUST00397,Customer 397,2348067306524,Unknown,Unknown,Abuja,North Central,Occasional
CUST00398,Customer 398,2348063107499,Male,26-35,Kano,North West,Occasional
CUST00399,Customer 399,2348080878068,Male,60+,Enugu,South East,Premium
CUST00400, Customer 400 ,2348078900067,Unknown,60+,Lagos,South West,Regular
CUST00401,Customer 401,2348086698104,Female,60+,Kaduna,North West,premium 
CUST00402,Customer 402,2348021891321,FEMALE,18-25,Kano,North West,Regular
CUST00403,Customer 403,2348046813311,F,46-60,Enugu,South East,Occasional
CUST00404,Customer 404,2348099073035,Male,46-60,Lagos,South West,Premium
CUST00405,Customer 405,2348032464339,Male,Unknown,Abuja,North Central,Occasional
CUST00406,Customer 406,2348093166886,Female,Unknown,Lagos,South West,Regular
CUST00407,Customer 407,2348088090645,Male,18-25,Kano,North West,Business
CUST00408,Customer 408,2348036533765,FEMALE,26-35,Abuja,North Central,Premium
CUST00409,Customer 409,2348012525882,female,Unknown,Enugu,South East,Occasional
CUST00410,Customer 410,2348058793227,Unknown,36-45,Benin City,South South,Regular
CUST00411,Customer 411,2348075102824,Unknown,36-45,Enugu,South East,Premium
CUST00412,Customer 412,2348032109873,Unknown,60+,Kaduna,North West,Regular
CUST00413,Customer 413,2348070297052,Female,Unknown,Lagos,South West,Regular
CUST00414,Customer 414,2348063064924,F,Unknown,Kaduna,North West,Premium
CUST00415,Customer 415,2348084201084,Unknown,60+,Benin City,South South,Occasional
CUST00416,Customer 416,2348050029595, m ,36-45,Port Harcourt,South South,Unknown
CUST00417,Customer 417,2348094975060,Unknown,46-60,Kaduna,North West,Occasional
CUST00418,Customer 418,2348035416727, f ,46-60,Benin City,South South,Occasional
CUST00419,Customer 419,2348017899151,Male,46-60,Kano,North West,Occasional
CUST00420,Customer 420,2348017337320,female,46-60,Enugu,South East,Regular
CUST00421,Customer 421,2348044520151,Female,60+,Benin City,South South,Premium
CUST00422,Customer 422,2348012401348,Unknown,36-45,Kano,North West,Occasional
CUST00423,Customer 423,2348094694619,Female,Unknown,Kano,North West,Occasional
CUST00424,Customer 424,2348075990338,Female,18-25,Enugu,South East,Occasional
CUST00425, Customer 425 ,2348022060177,Female,36-45,Enugu,South East,Regular
CUST00426,Customer 426,2348035077171,Male,60+,Ibadan,South West,Premium
CUST00427,Customer 427,2348021183135,M,26-35,Benin City,South South,Premium
CUST00428,Customer 428,2348064312973,Male,26-35,Lagos,South West,Regular
CUST00429,Customer 429,2348033663376,Female,60+,Abuja,North Central,REGULAR
CUST00430,Customer 430,2348034456506,Unknown,Unknown,Benin City,South South,Business
CUST00431,Customer 431,2348017094097,Male,46-60,Enugu,South East,Premium
CUST00432,Customer 432,2348098756750,FEMALE,46-60,Kano,North West,Premium
CUST00433,Customer 433,2348058295949,Unknown,36-45,Ibadan,South West,Premium
CUST00434,Customer 434,2348057573401,Unknown,Unknown,Kano,North West,Regular
CUST00435,Customer 435,2348010905783,Female,36-45,Port Harcourt,South South,Regular
CUST00436,Customer 436,2348010363846,M,46-60,Port Harcourt,South South,Premium
CUST00437,Customer 437,2348049052317,Male,46-60,Benin City,South South,REGULAR
CUST00438,Customer 438,2348081023334,Female,Unknown,Enugu,South East,Regular
CUST00439,Customer 439,2348093198877,Unknown,60+,Port Harcourt,South South,Business
CUST00440,Customer 440,2348098652902,Unknown,60+,Port Harcourt,South South,Premium
CUST00441,Customer 441,2348015727693,Female,60+,Ibadan,South West,Unknown
CUST00442,Customer 442,2348084494617,male,18-25,Enugu,South East,Regular
CUST00443,Customer 443,2348080121713,Unknown,46-60,Ibadan,South West,Business
CUST00444,Customer 444,2348030758189,Female,18-25,Lagos,South West,Regular
CUST00445,Customer 445,2348029797355,M,18-25,Enugu,South East,Premium
CUST00446,Customer 446,2348069030298,Male,46-60,Enugu,South East,Occasional
CUST00447,Customer 447,2348097626197,Male,Unknown,Lagos,South West,Regular
CUST00448,Customer 448,2348019307895,Unknown,36-45,Ibadan,South West,premium 
CUST00449,Customer 449,2348022889559,Female,46-60,Enugu,South East,Premium
CUST00450, Customer 450 ,2348081495269,Male,60+,Enugu,South East,Occasional
CUST00451,Customer 451,2348094222292,M,26-35,Enugu,South East,REGULAR
CUST00452,Customer 452,2348029931153,Female,26-35,Abuja,North Central,Premium
CUST00453,Customer 453,2348053477686,FEMALE,60+,Abuja,North Central,Unknown
CUST00454,Customer 454,2348020926731,female,26-35,Enugu,South East,Occasional
CUST00455,Customer 455,2348078627575,Female,36-45,Kano,North West,Occasional
CUST00456,Customer 456,2348062403552,Female,18-25,Abuja,North Central,Business
CUST00457,Customer 457,2348061198290,Female,46-60,Kano,North West,Business
CUST00458,Customer 458,2348093929762,Male,Unknown,Kaduna,North West,Premium
CUST00459,Customer 459,2348053468071,Female,26-35,Abuja,North Central,Regular
CUST00460,Customer 460,2348053712262,Unknown,36-45,Ibadan,South West,Premium
CUST00461,Customer 461,2348018119098,Female,60+,Benin City,South South,Regular
CUST00462,Customer 462,2348086495740,Unknown,26-35,Ibadan,South West,Regular
CUST00463,Customer 463,2348083797844,Female,60+,Ibadan,South West,Unknown
CUST00464,Customer 464,2348018929678,Female,36-45,Port Harcourt,South South,Premium
CUST00465,Customer 465,2348033826593,Unknown,18-25,Port Harcourt,South South,Regular
CUST00466,Customer 466,2348010110149,MALE,60+,Ibadan,South West,Occasional
CUST00467,Customer 467,2348027381935,M,18-25,Lagos,South West,Unknown
CUST00468,Customer 468,2348077425631,Female,26-35,Ibadan,South West,Regular
CUST00469,Customer 469,2348016321628,Male,26-35,Kaduna,North West,Business
CUST00470,Customer 470,2348059562011,Female,60+,Kaduna,North West,Premium
CUST00471,Customer 471,2348016934685,Male,18-25,Benin City,South South,Premium
CUST00472,Customer 472,2348043699887,Unknown,18-25,Kaduna,North West,Occasional
CUST00473,Customer 473,2348099648368,Unknown,36-45,Kano,North West,Regular
CUST00474,Customer 474,2348022746745,Male,26-35,Abuja,North Central,Occasional
CUST00475, Customer 475 ,2348053981850,M,36-45,Ibadan,South West,Premium
CUST00476,Customer 476,2348088597303, f ,60+,Ibadan,South West,Regular
CUST00477,Customer 477,2348087246241,F,60+,Benin City,South South,REGULAR
CUST00478,Customer 478,2348099680611,FEMALE,60+,Kano,North West,Occasional
CUST00479,Customer 479,2348078832825,Female,Unknown,Benin City,South South,Occasional
CUST00480,Customer 480,2348014472459,M,36-45,Ibadan,South West,REGULAR
CUST00481,Customer 481,2348042307581,Male,60+,Enugu,South East,Regular
CUST00482,Customer 482,2348090683543,Unknown,46-60,Enugu,South East,premium 
CUST00483,Customer 483,2348043877823,Female,36-45,Kaduna,North West,Business
CUST00484,Customer 484,2348043340123,Female,18-25,Kano,North West,Occasional
CUST00485,Customer 485,2348010870884,Female,18-25,Lagos,South West,Unknown
CUST00486,Customer 486,2348074832383,MALE,36-45,Abuja,North Central,Business
CUST00487,Customer 487,2348019652432,M,60+,Ibadan,South West,Regular
CUST00488,Customer 488,2348074197727,female,46-60,Kano,North West,Occasional
CUST00489,Customer 489,2348077520308,Female,60+,Lagos,South West,Regular
CUST00490,Customer 490,2348044013664,Male,36-45,Benin City,South South,Business
CUST00491,Customer 491,2348057804616,Male,18-25,Lagos,South West,Unknown
CUST00492,Customer 492,2348089512718,female,26-35,Kaduna,North West,Occasional
CUST00493,Customer 493,2348010622469,Unknown,Unknown,Kano,North West,Occasional
CUST00494,Customer 494,2348050492246,Female,18-25,Abuja,North Central,Premium
CUST00495,Customer 495,2348039263450,Female,60+,Kaduna,North West,Premium
CUST00496,Customer 496,2348037205541,Unknown,46-60,Benin City,South South,Regular
CUST00497,Customer 497,2348040057172,Female,18-25,Enugu,South East,premium 
CUST00498,Customer 498,2348066086036,MALE,26-35,Lagos,South West,Premium
CUST00499,Customer 499,2348074454391, m ,36-45,Enugu,South East,premium 
CUST00500, Customer 500 ,2348039420858,Male,36-45,Benin City,South South,Premium
CUST00501,Customer 501,2348091629086,Male,46-60,Benin City,South South,Business
CUST00502,Customer 502,2348091439576,F,60+,Enugu,South East,Regular
CUST00503,Customer 503,2348038274734,Female,46-60,Port Harcourt,South South,Business
CUST00504,Customer 504,2348085687950,Unknown,18-25,Abuja,North Central,Unknown
CUST00505,Customer 505,2348098635501,Unknown,46-60,Kaduna,North West,Regular
CUST00506,Customer 506,2348065299688,Unknown,36-45,Lagos,South West,Occasional
CUST00507,Customer 507,2348031487476,Female,26-35,Ibadan,South West,Occasional
CUST00508,Customer 508,2348065686638,Unknown,46-60,Ibadan,South West,Premium
CUST00509,Customer 509,2348071014633,M,Unknown,Enugu,South East,REGULAR
CUST00510,Customer 510,2348024813352,Unknown,60+,Benin City,South South,Regular
CUST00511,Customer 511,2348020108525,Unknown,36-45,Enugu,South East,Premium
CUST00512,Customer 512,2348022242238,female,18-25,Abuja,North Central,Regular
CUST00513,Customer 513,2348014494736,F,60+,Enugu,South East,Occasional
CUST00514,Customer 514,2348038526965,Unknown,60+,Enugu,South East,Unknown
CUST00515,Customer 515,2348019870846,Male,Unknown,Port Harcourt,South South,Premium
CUST00516,Customer 516,2348044729025,Male,36-45,Port Harcourt,South South,Occasional
CUST00517,Customer 517,2348034312824,Female,Unknown,Ibadan,South West,Premium
CUST00518,Customer 518,2348053600098,F,Unknown,Enugu,South East,Regular
CUST00519,Customer 519,2348050403913,Male,26-35,Lagos,South West,premium 
CUST00520,Customer 520,2348063364135,Male,26-35,Ibadan,South West,Occasional
CUST00521,Customer 521,2348066586675,Female,18-25,Ibadan,South West,Unknown
CUST00522,Customer 522,2348035123497,Male,Unknown,Benin City,South South,Regular
CUST00523,Customer 523,2348017155761,F,60+,Lagos,South West,Regular
CUST00524,Customer 524,2348049336474,Female,Unknown,Lagos,South West,Occasional
CUST00525, Customer 525 ,2348022747672,FEMALE,18-25,Kaduna,North West,Business
CUST00526,Customer 526,2348011626570,Female,Unknown,Kano,North West,Premium
CUST00527,Customer 527,2348020856035,M,36-45,Enugu,South East,Premium
CUST00528,Customer 528,2348077097286,female,18-25,Enugu,South East,Premium
CUST00529,Customer 529,2348078373608,female,36-45,Port Harcourt,South South,Regular
CUST00530,Customer 530,2348037966885,M,60+,Lagos,South West,Premium
CUST00531,Customer 531,2348027731379,Male,Unknown,Enugu,South East,premium 
CUST00532,Customer 532,2348084410312,Unknown,36-45,Lagos,South West,premium 
CUST00533,Customer 533,2348051968310,Unknown,Unknown,Enugu,South East,Regular
CUST00534,Customer 534,2348079853483,MALE,60+,Port Harcourt,South South,Regular
CUST00535,Customer 535,2348010285534,M,60+,Kaduna,North West,Premium
CUST00536,Customer 536,2348052512067,Female,26-35,Abuja,North Central,Occasional
CUST00537,Customer 537,2348094407486,Male,60+,Port Harcourt,South South,Regular
CUST00538,Customer 538,2348030166355,Female,46-60,Enugu,South East,Premium
CUST00539,Customer 539,2348051323628,F,26-35,Lagos,South West,Premium
CUST00540,Customer 540,2348062782921,Female,60+,Kano,North West,REGULAR
CUST00541,Customer 541,2348022042010,Female,26-35,Enugu,South East,Occasional
CUST00542,Customer 542,2348027847451,female,36-45,Enugu,South East,Unknown
CUST00543,Customer 543,2348042061100,Unknown,36-45,Kano,North West,Premium
CUST00544,Customer 544,2348056638238,female,60+,Kano,North West,Regular
CUST00545,Customer 545,2348033788123,M,36-45,Kaduna,North West,Occasional
CUST00546,Customer 546,2348074021459,Female,60+,Enugu,South East,Business
CUST00547,Customer 547,2348097612690,Female,Unknown,Kaduna,North West,premium 
CUST00548,Customer 548,2348099833768,Unknown,60+,Enugu,South East,Business
CUST00549,Customer 549,2348044091578,female,Unknown,Benin City,South South,Premium
CUST00550, Customer 550 ,2348087541296,Male,46-60,Ibadan,South West,Premium
CUST00551,Customer 551,2348018962205,Unknown,18-25,Abuja,North Central,Unknown
CUST00552,Customer 552,2348012186687,M,60+,Port Harcourt,South South,Occasional
CUST00553,Customer 553,2348022879718,FEMALE,36-45,Enugu,South East,Regular
CUST00554,Customer 554,2348060567061,Male,26-35,Lagos,South West,premium 
CUST00555,Customer 555,2348010332050,MALE,Unknown,Enugu,South East,Occasional
CUST00556,Customer 556,2348065083176,F,Unknown,Enugu,South East,Unknown
CUST00557,Customer 557,2348010636550,Female,18-25,Abuja,North Central,Regular
CUST00558,Customer 558,2348036777223,Male,18-25,Ibadan,South West,Regular
CUST00559,Customer 559,2348043720340,F,36-45,Benin City,South South,Occasional
CUST00560,Customer 560,2348098886840,male,Unknown,Ibadan,South West,Premium
CUST00561,Customer 561,2348078421042,Male,18-25,Enugu,South East,Business
CUST00562,Customer 562,2348017924558,Male,18-25,Abuja,North Central,Regular
CUST00563,Customer 563,2348021671401,Female,36-45,Ibadan,South West,Regular
CUST00564,Customer 564,2348082717910,Unknown,Unknown,Port Harcourt,South South,Premium
CUST00565,Customer 565,2348087396158,Unknown,18-25,Ibadan,South West,Premium
CUST00566,Customer 566,2348067947976,male,60+,Port Harcourt,South South,Regular
CUST00567,Customer 567,2348030813778,female,Unknown,Port Harcourt,South South,Regular
CUST00568,Customer 568,2348088282414,F,46-60,Benin City,South South,Premium
CUST00569,Customer 569,2348074434049,male,60+,Lagos,South West,Business
CUST00570,Customer 570,2348087117202, f ,18-25,Kaduna,North West,Business
CUST00571,Customer 571,2348020265333, m ,Unknown,Kano,North West,Regular
CUST00572,Customer 572,2348031935946,female,26-35,Benin City,South South,Occasional
CUST00573,Customer 573,2348092036721,Female,18-25,Lagos,South West,Premium
CUST00574,Customer 574,2348054471585, f ,60+,Port Harcourt,South South,Premium
CUST00575, Customer 575 ,2348087690235,Female,46-60,Kaduna,North West,Occasional
CUST00576,Customer 576,2348092400159,Male,46-60,Benin City,South South,Regular
CUST00577,Customer 577,2348084344997,male,Unknown,Ibadan,South West,Unknown
CUST00578,Customer 578,2348059232716,female,18-25,Abuja,North Central,Premium
CUST00579,Customer 579,2348068486202,Male,18-25,Port Harcourt,South South,Premium
CUST00580,Customer 580,2348023315791,Male,26-35,Ibadan,South West,Regular
CUST00581,Customer 581,2348045261476,FEMALE,18-25,Kano,North West,Regular
CUST00582,Customer 582,2348035063748,Male,Unknown,Enugu,South East,Regular
CUST00583,Customer 583,2348090192252,Unknown,26-35,Lagos,South West,Premium
CUST00584,Customer 584,2348022996401,Unknown,Unknown,Port Harcourt,South South,Regular
CUST00585,Customer 585,2348066268573,Male,18-25,Port Harcourt,South South,Business
CUST00586,Customer 586,2348027001825,Unknown,26-35,Abuja,North Central,Unknown
CUST00587,Customer 587,2348024429445,Unknown,Unknown,Abuja,North Central,Premium
CUST00588,Customer 588,2348048243950,Unknown,18-25,Lagos,South West,Unknown
CUST00589,Customer 589,2348036443495,Male,36-45,Lagos,South West,premium 
CUST00590,Customer 590,2348085919192,Female,26-35,Enugu,South East,REGULAR
CUST00591,Customer 591,2348013163240,Male,26-35,Abuja,North Central,Regular
CUST00592,Customer 592,2348093067517,Male,36-45,Lagos,South West,Unknown
CUST00593,Customer 593,2348049778658,Female,18-25,Ibadan,South West,Premium
CUST00594,Customer 594,2348021637758,Male,18-25,Enugu,South East,Unknown
CUST00595,Customer 595,2348085267469,Female,26-35,Ibadan,South West,Unknown
CUST00596,Customer 596,2348068953187, f ,18-25,Kaduna,North West,Regular
CUST00597,Customer 597,2348069091803,Female,46-60,Lagos,South West,Business
CUST00598,Customer 598,2348096008626,Unknown,36-45,Lagos,South West,Regular
CUST00599,Customer 599,2348029604154,Male,18-25,Ibadan,South West,Premium
CUST00600, Customer 600 ,2348039431860,M,Unknown,Port Harcourt,South South,REGULAR
CUST00601,Customer 601,2348064016443,Male,36-45,Lagos,South West,REGULAR
CUST00602,Customer 602,2348030750919,Female,26-35,Abuja,North Central,Regular
CUST00603,Customer 603,2348069620488,Female,36-45,Abuja,North Central,Regular
CUST00604,Customer 604,2348052998941, f ,36-45,Kano,North West,Premium
CUST00605,Customer 605,2348057138773,Male,26-35,Kaduna,North West,Regular
CUST00606,Customer 606,2348086538912,Male,26-35,Enugu,South East,Regular
CUST00607,Customer 607,2348044801651,Unknown,36-45,Kano,North West,Regular
CUST00608,Customer 608,2348032374703, f ,Unknown,Enugu,South East,Regular
CUST00609,Customer 609,2348093276674,Female,36-45,Port Harcourt,South South,Business
CUST00610,Customer 610,2348084423027,Female,18-25,Ibadan,South West,Premium
CUST00611,Customer 611,2348056650267,Female,26-35,Lagos,South West,Premium
CUST00612,Customer 612,2348078884707,Unknown,Unknown,Benin City,South South,Business
CUST00613,Customer 613,2348035522997, f ,18-25,Kano,North West,Regular
CUST00614,Customer 614,2348093028310,Male,46-60,Abuja,North Central,Premium
CUST00615,Customer 615,2348094721384,Male,18-25,Benin City,South South,Premium
CUST00616,Customer 616,2348038134862,Female,46-60,Kaduna,North West,Occasional
CUST00617,Customer 617,2348085176355,F,26-35,Ibadan,South West,Premium
CUST00618,Customer 618,2348013863084,Unknown,Unknown,Benin City,South South,Occasional
CUST00619,Customer 619,2348057181520,female,36-45,Enugu,South East,Premium
CUST00620,Customer 620,2348036033844,Unknown,18-25,Port Harcourt,South South,Regular
CUST00621,Customer 621,2348031260712,Male,26-35,Lagos,South West,premium 
CUST00622,Customer 622,2348018382706,Female,36-45,Port Harcourt,South South,Business
CUST00623,Customer 623,2348038922430,Unknown,46-60,Abuja,North Central,Premium
CUST00624,Customer 624,2348087569462,Male,Unknown,Enugu,South East,Regular
CUST00625, Customer 625 ,2348074819962,Female,Unknown,Ibadan,South West,Occasional
CUST00626,Customer 626,2348057380286,MALE,26-35,Benin City,South South,REGULAR
CUST00627,Customer 627,2348095538570,MALE,18-25,Enugu,South East,REGULAR
CUST00628,Customer 628,2348091277272,Unknown,26-35,Abuja,North Central,Regular
CUST00629,Customer 629,2348089737592,Female,26-35,Port Harcourt,South South,Occasional
CUST00630,Customer 630,2348067897369,Male,26-35,Benin City,South South,Regular
CUST00631,Customer 631,2348026048741,Male,36-45,Kaduna,North West,Premium
CUST00632,Customer 632,2348042854094,F,Unknown,Ibadan,South West,Regular
CUST00633,Customer 633,2348040728331,MALE,26-35,Lagos,South West,Business
CUST00634,Customer 634,2348070396561,Male,36-45,Kaduna,North West,Premium
CUST00635,Customer 635,2348073198597,Male,46-60,Ibadan,South West,Unknown
CUST00636,Customer 636,2348090461735,Male,Unknown,Lagos,South West,Premium
CUST00637,Customer 637,2348027218381,Male,46-60,Kaduna,North West,Occasional
CUST00638,Customer 638,2348029800588,Female,36-45,Port Harcourt,South South,Unknown
CUST00639,Customer 639,2348093959515,Male,Unknown,Abuja,North Central,Premium
CUST00640,Customer 640,2348083604658,male,Unknown,Kano,North West,Premium
CUST00641,Customer 641,2348042561452,Unknown,60+,Abuja,North Central,Regular
CUST00642,Customer 642,2348021818546,Male,46-60,Kano,North West,REGULAR
CUST00643,Customer 643,2348064667571,Male,60+,Lagos,South West,Regular
CUST00644,Customer 644,2348051181765,M,60+,Abuja,North Central,Unknown
CUST00645,Customer 645,2348019138477,Male,18-25,Ibadan,South West,Occasional
CUST00646,Customer 646,2348072133554,Male,46-60,Kaduna,North West,Regular
CUST00647,Customer 647,2348033171284,male,60+,Lagos,South West,Business
CUST00648,Customer 648,2348032515284,Unknown,36-45,Kano,North West,Occasional
CUST00649,Customer 649,2348040270444,female,36-45,Abuja,North Central,Business
CUST00650, Customer 650 ,2348088854301,male,60+,Kaduna,North West,Occasional
CUST00651,Customer 651,2348043356410,Male,36-45,Benin City,South South,Regular
CUST00652,Customer 652,2348060541047,Unknown,36-45,Kano,North West,Regular
CUST00653,Customer 653,2348022232425,Female,26-35,Abuja,North Central,Regular
CUST00654,Customer 654,2348041560390,Unknown,36-45,Enugu,South East,Premium
CUST00655,Customer 655,2348046466024,F,26-35,Kaduna,North West,Unknown
CUST00656,Customer 656,2348084255809,Unknown,60+,Ibadan,South West,Regular
CUST00657,Customer 657,2348028216189, m ,36-45,Lagos,South West,Regular
CUST00658,Customer 658,2348043339732,Female,46-60,Port Harcourt,South South,Unknown
CUST00659,Customer 659,2348036540295, f ,Unknown,Kaduna,North West,Regular
CUST00660,Customer 660,2348066457401,Female,Unknown,Benin City,South South,Business
CUST00661,Customer 661,2348093225814,Female,46-60,Kaduna,North West,Regular
CUST00662,Customer 662,2348086027089, f ,18-25,Enugu,South East,premium 
CUST00663,Customer 663,2348032644206,Female,Unknown,Lagos,South West,REGULAR
CUST00664,Customer 664,2348064496355,Female,36-45,Lagos,South West,Regular
CUST00665,Customer 665,2348081692402,male,60+,Kano,North West,Premium
CUST00666,Customer 666,2348029644553,Unknown,Unknown,Enugu,South East,premium 
CUST00667,Customer 667,2348052261164,MALE,60+,Kaduna,North West,Premium
CUST00668,Customer 668,2348097918444,M,60+,Kaduna,North West,Regular
CUST00669,Customer 669,2348057363197,Female,36-45,Port Harcourt,South South,Regular
CUST00670,Customer 670,2348066291899,Unknown,26-35,Kano,North West,REGULAR
CUST00671,Customer 671,2348072476190,Female,60+,Kaduna,North West,Regular
CUST00672,Customer 672,2348070394567,Male,36-45,Benin City,South South,Regular
CUST00673,Customer 673,2348071815085,Unknown,46-60,Kano,North West,Occasional
CUST00674,Customer 674,2348081470508,Female,26-35,Enugu,South East,Occasional
CUST00675, Customer 675 ,2348017643688,Unknown,26-35,Ibadan,South West,Premium
CUST00676,Customer 676,2348029686116,Male,36-45,Abuja,North Central,Premium
CUST00677,Customer 677,2348064319079,Female,60+,Abuja,North Central,REGULAR
CUST00678,Customer 678,2348098555694,Male,18-25,Lagos,South West,Regular
CUST00679,Customer 679,2348060588648,Female,18-25,Benin City,South South,Premium
CUST00680,Customer 680,2348056597928, m ,26-35,Enugu,South East,Regular
CUST00681,Customer 681,2348020592716,male,18-25,Port Harcourt,South South,premium 
CUST00682,Customer 682,2348033075462,F,60+,Port Harcourt,South South,REGULAR
CUST00683,Customer 683,2348086814788,F,60+,Benin City,South South,Occasional
CUST00684,Customer 684,2348086534507,Male,46-60,Port Harcourt,South South,Regular
CUST00685,Customer 685,2348097556980,M,Unknown,Lagos,South West,Business
CUST00686,Customer 686,2348014469561,Unknown,26-35,Kaduna,North West,Regular
CUST00687,Customer 687,2348021717130,Unknown,Unknown,Enugu,South East,Occasional
CUST00688,Customer 688,2348036847181, m ,36-45,Port Harcourt,South South,Regular
CUST00689,Customer 689,2348042037573,Unknown,36-45,Abuja,North Central,Business
CUST00690,Customer 690,2348019230761,F,18-25,Abuja,North Central,Business
CUST00691,Customer 691,2348024035943,M,26-35,Kano,North West,Regular
CUST00692,Customer 692,2348044560069, m ,60+,Lagos,South West,REGULAR
CUST00693,Customer 693,2348085641703,Unknown,60+,Lagos,South West,Regular
CUST00694,Customer 694,2348039878790,Unknown,36-45,Abuja,North Central,Regular
CUST00695,Customer 695,2348035361565, m ,46-60,Lagos,South West,Unknown
CUST00696,Customer 696,2348030243078,Female,36-45,Benin City,South South,Premium
CUST00697,Customer 697,2348017010210,Unknown,46-60,Ibadan,South West,Regular
CUST00698,Customer 698,2348060706006,Unknown,36-45,Kano,North West,Premium
CUST00699,Customer 699,2348093438551,Male,46-60,Lagos,South West,Premium
CUST00700, Customer 700 ,2348029268267,female,Unknown,Benin City,South South,Business
CUST00701,Customer 701,2348058872354,Female,26-35,Kaduna,North West,Premium
CUST00702,Customer 702,2348062224629,Female,60+,Enugu,South East,Business
CUST00703,Customer 703,2348060945244,M,18-25,Kano,North West,Premium
CUST00704,Customer 704,2348031534767,Female,36-45,Kano,North West,Unknown
CUST00705,Customer 705,2348061009201,F,36-45,Kaduna,North West,Premium
CUST00706,Customer 706,2348017182311,Male,46-60,Abuja,North Central,Regular
CUST00707,Customer 707,2348079323086,F,46-60,Benin City,South South,Occasional
CUST00708,Customer 708,2348090813341,Male,Unknown,Kano,North West,Unknown
CUST00709,Customer 709,2348010256809,Unknown,36-45,Port Harcourt,South South,Regular
CUST00710,Customer 710,2348050242087,Female,46-60,Ibadan,South West,Regular
CUST00711,Customer 711,2348018060473,Unknown,46-60,Lagos,South West,Premium
CUST00712,Customer 712,2348011602633,Male,Unknown,Enugu,South East,Premium
CUST00713,Customer 713,2348040353556,F,46-60,Ibadan,South West,Premium
CUST00714,Customer 714,2348099980577,Male,Unknown,Ibadan,South West,Regular
CUST00715,Customer 715,2348024928942,Female,46-60,Kano,North West,Premium
CUST00716,Customer 716,2348064062622,Male,26-35,Enugu,South East,Regular
CUST00717,Customer 717,2348099775626,Unknown,18-25,Enugu,South East,Business
CUST00718,Customer 718,2348026023487,female,Unknown,Enugu,South East,Regular
CUST00719,Customer 719,2348033134524,Female,60+,Abuja,North Central,Unknown
CUST00720,Customer 720,2348046934185,Male,26-35,Lagos,South West,Regular
CUST00721,Customer 721,2348041956157,Unknown,36-45,Abuja,North Central,Premium
CUST00722,Customer 722,2348027620781,Unknown,26-35,Lagos,South West,Occasional
CUST00723,Customer 723,2348033825581,Unknown,18-25,Port Harcourt,South South,Premium
CUST00724,Customer 724,2348053268074,Unknown,46-60,Port Harcourt,South South,Unknown
CUST00725, Customer 725 ,2348087945721,Female,26-35,Lagos,South West,premium 
CUST00726,Customer 726,2348093504467,Male,Unknown,Kano,North West,Occasional
CUST00727,Customer 727,2348041458075,Female,60+,Port Harcourt,South South,Regular
CUST00728,Customer 728,2348021935121,M,26-35,Abuja,North Central,premium 
CUST00729,Customer 729,2348067654407,Male,60+,Enugu,South East,Premium
CUST00730,Customer 730,2348016944123,Female,18-25,Enugu,South East,Regular
CUST00731,Customer 731,2348014106829,Female,46-60,Kano,North West,REGULAR
CUST00732,Customer 732,2348075722089,M,26-35,Benin City,South South,Business
CUST00733,Customer 733,2348092849822,Female,26-35,Ibadan,South West,Premium
CUST00734,Customer 734,2348013014884,F,Unknown,Kano,North West,Premium
CUST00735,Customer 735,2348017762452,Male,36-45,Kaduna,North West,REGULAR
CUST00736,Customer 736,2348077849636,M,18-25,Enugu,South East,Business
CUST00737,Customer 737,2348098380589,MALE,Unknown,Port Harcourt,South South,Premium
CUST00738,Customer 738,2348097901449,Male,36-45,Port Harcourt,South South,Occasional
CUST00739,Customer 739,2348081745018,Unknown,36-45,Benin City,South South,Unknown
CUST00740,Customer 740,2348012927657,FEMALE,18-25,Abuja,North Central,REGULAR
CUST00741,Customer 741,2348074239281,Unknown,60+,Port Harcourt,South South,Regular
CUST00742,Customer 742,2348034061661,Male,36-45,Ibadan,South West,Occasional
CUST00743,Customer 743,2348095134737,Male,18-25,Enugu,South East,Regular
CUST00744,Customer 744,2348065669286,Male,60+,Lagos,South West,Regular
CUST00745,Customer 745,2348019891625,Unknown,36-45,Kano,North West,Occasional
CUST00746,Customer 746,2348085368893,Unknown,Unknown,Kano,North West,Premium
CUST00747,Customer 747,2348078944631,F,36-45,Kano,North West,Regular
CUST00748,Customer 748,2348091056002,Unknown,60+,Lagos,South West,Premium
CUST00749,Customer 749,2348035227337,FEMALE,36-45,Ibadan,South West,Premium
CUST00750, Customer 750 ,2348091378105,Female,26-35,Ibadan,South West,Unknown
CUST00751,Customer 751,2348093826516,M,18-25,Enugu,South East,Occasional
CUST00752,Customer 752,2348084844269,male,18-25,Port Harcourt,South South,Premium
CUST00753,Customer 753,2348038106740,Female,36-45,Kaduna,North West,Regular
CUST00754,Customer 754,2348099782815,Female,36-45,Enugu,South East,Business
CUST00755,Customer 755,2348074393034,Unknown,Unknown,Port Harcourt,South South,Occasional
CUST00756,Customer 756,2348056298688,M,18-25,Benin City,South South,Business
CUST00757,Customer 757,2348013167570,Male,18-25,Enugu,South East,Regular
CUST00758,Customer 758,2348057784466,Unknown,36-45,Lagos,South West,Regular
CUST00759,Customer 759,2348079015783,Female,36-45,Ibadan,South West,Occasional
CUST00760,Customer 760,2348072805424,Unknown,46-60,Kaduna,North West,Premium
CUST00761,Customer 761,2348055413893,Unknown,46-60,Port Harcourt,South South,Occasional
CUST00762,Customer 762,2348046997519,Male,60+,Ibadan,South West,Regular
CUST00763,Customer 763,2348026133193,Female,36-45,Enugu,South East,Occasional
CUST00764,Customer 764,2348074838588,Female,26-35,Enugu,South East,Premium
CUST00765,Customer 765,2348087577115,Male,18-25,Enugu,South East,premium 
CUST00766,Customer 766,2348039558417,Male,18-25,Kaduna,North West,Premium
CUST00767,Customer 767,2348065368910,female,26-35,Lagos,South West,Occasional
CUST00768,Customer 768,2348052484665,Female,46-60,Kano,North West,Occasional
CUST00769,Customer 769,2348072945163,male,Unknown,Abuja,North Central,Unknown
CUST00770,Customer 770,2348019465756,Female,Unknown,Kano,North West,Unknown
CUST00771,Customer 771,2348029418552,Male,36-45,Enugu,South East,Regular
CUST00772,Customer 772,2348015175558,Unknown,26-35,Lagos,South West,Premium
CUST00773,Customer 773,2348057325997,Male,36-45,Benin City,South South,Regular
CUST00774,Customer 774,2348065929284,Female,36-45,Enugu,South East,Premium
CUST00775, Customer 775 ,2348014406479, m ,Unknown,Enugu,South East,Occasional
CUST00776,Customer 776,2348031760725,female,60+,Enugu,South East,Regular
CUST00777,Customer 777,2348092984926, m ,46-60,Lagos,South West,Premium
CUST00778,Customer 778,2348044386084,Female,26-35,Ibadan,South West,Unknown
CUST00779,Customer 779,2348086782305,Unknown,26-35,Port Harcourt,South South,REGULAR
CUST00780,Customer 780,2348035053760,Unknown,18-25,Port Harcourt,South South,Premium
CUST00781,Customer 781,2348051843053,Female,36-45,Benin City,South South,Regular
CUST00782,Customer 782,2348025673909,female,36-45,Port Harcourt,South South,Occasional
CUST00783,Customer 783,2348015024125,Unknown,Unknown,Benin City,South South,premium 
CUST00784,Customer 784,2348077169303,Unknown,46-60,Ibadan,South West,REGULAR
CUST00785,Customer 785,2348041542859,M,36-45,Enugu,South East,Regular
CUST00786,Customer 786,2348093392242,female,60+,Ibadan,South West,Occasional
CUST00787,Customer 787,2348071922005,F,26-35,Benin City,South South,Occasional
CUST00788,Customer 788,2348055158763,Unknown,36-45,Ibadan,South West,Business
CUST00789,Customer 789,2348068194140,Male,Unknown,Lagos,South West,Regular
CUST00790,Customer 790,2348098890372,Unknown,60+,Kaduna,North West,REGULAR
CUST00791,Customer 791,2348092777187,male,Unknown,Kano,North West,Unknown
CUST00792,Customer 792,2348042566971,Female,60+,Benin City,South South,Regular
CUST00793,Customer 793,2348095687508, m ,18-25,Benin City,South South,Occasional
CUST00794,Customer 794,2348044548244,Female,18-25,Abuja,North Central,Premium
CUST00795,Customer 795,2348060305196,Male,60+,Kaduna,North West,Occasional
CUST00796,Customer 796,2348097003200,F,60+,Kano,North West,Premium
CUST00797,Customer 797,2348043970127,Unknown,46-60,Benin City,South South,Premium
CUST00798,Customer 798,2348071253560,Male,18-25,Abuja,North Central,Premium
CUST00799,Customer 799,2348084946883,Male,26-35,Kano,North West,premium 
CUST00800, Customer 800 ,2348091727800,F,46-60,Enugu,South East,Regular
CUST00801,Customer 801,2348016770814,Male,Unknown,Benin City,South South,Business
CUST00802,Customer 802,2348099292701,F,18-25,Kano,North West,Premium
CUST00803,Customer 803,2348089365648,Female,36-45,Kano,North West,Business
CUST00804,Customer 804,2348011696144,Unknown,36-45,Lagos,South West,Premium
CUST00805,Customer 805,2348078923754, m ,36-45,Lagos,South West,Business
CUST00806,Customer 806,2348097417872,Unknown,36-45,Lagos,South West,Regular
CUST00807,Customer 807,2348033508166,male,36-45,Port Harcourt,South South,Premium
CUST00808,Customer 808,2348092922999,F,Unknown,Abuja,North Central,Unknown
CUST00809,Customer 809,2348050974650,Female,60+,Enugu,South East,Unknown
CUST00810,Customer 810,2348029681214,male,26-35,Lagos,South West,Regular
CUST00811,Customer 811,2348043587164,Male,18-25,Lagos,South West,Occasional
CUST00812,Customer 812,2348055763117,Unknown,Unknown,Enugu,South East,Occasional
CUST00813,Customer 813,2348089699123,Male,60+,Kano,North West,Occasional
CUST00814,Customer 814,2348056794766,Female,Unknown,Benin City,South South,Business
CUST00815,Customer 815,2348036874438,M,60+,Ibadan,South West,Unknown
CUST00816,Customer 816,2348074831652,Unknown,18-25,Abuja,North Central,REGULAR
CUST00817,Customer 817,2348017698806,Female,18-25,Kaduna,North West,Premium
CUST00818,Customer 818,2348033869723,Unknown,26-35,Kano,North West,Regular
CUST00819,Customer 819,2348071530384,Male,Unknown,Abuja,North Central,Premium
CUST00820,Customer 820,2348092826924,FEMALE,Unknown,Abuja,North Central,Business
CUST00821,Customer 821,2348090836713,male,26-35,Enugu,South East,Premium
CUST00822,Customer 822,2348044673100,Male,Unknown,Benin City,South South,Regular
CUST00823,Customer 823,2348091863491,FEMALE,46-60,Kaduna,North West,Occasional
CUST00824,Customer 824,2348068343234,M,46-60,Benin City,South South,Occasional
CUST00825, Customer 825 ,2348067421455,Female,26-35,Ibadan,South West,Premium
CUST00826,Customer 826,2348076032307,Male,60+,Kaduna,North West,Regular
CUST00827,Customer 827,2348072518620,Male,26-35,Benin City,South South,Occasional
CUST00828,Customer 828,2348087678983,Unknown,Unknown,Enugu,South East,Premium
CUST00829,Customer 829,2348030640636,Unknown,Unknown,Benin City,South South,Occasional
CUST00830,Customer 830,2348085011883,F,46-60,Lagos,South West,premium 
CUST00831,Customer 831,2348091237423,Male,36-45,Enugu,South East,Regular
CUST00832,Customer 832,2348048861685, m ,18-25,Kano,North West,premium 
CUST00833,Customer 833,2348086135774,Male,26-35,Lagos,South West,Business
CUST00834,Customer 834,2348041141344,Female,26-35,Benin City,South South,Premium
CUST00835,Customer 835,2348060945995,Unknown,60+,Abuja,North Central,Business
CUST00836,Customer 836,2348055866325,FEMALE,36-45,Benin City,South South,REGULAR
CUST00837,Customer 837,2348022004640,male,60+,Benin City,South South,Occasional
CUST00838,Customer 838,2348068553661,Female,46-60,Enugu,South East,Regular
CUST00839,Customer 839,2348090104211,Male,26-35,Abuja,North Central,REGULAR
CUST00840,Customer 840,2348054533863, m ,Unknown,Lagos,South West,Business
CUST00841,Customer 841,2348094241351, m ,Unknown,Port Harcourt,South South,Regular
CUST00842,Customer 842,2348085320175,female,60+,Enugu,South East,Premium
CUST00843,Customer 843,2348076254437,Female,18-25,Benin City,South South,Occasional
CUST00844,Customer 844,2348038280294,Unknown,26-35,Port Harcourt,South South,premium 
CUST00845,Customer 845,2348020343067,Male,Unknown,Abuja,North Central,Occasional
CUST00846,Customer 846,2348071504684,Unknown,Unknown,Port Harcourt,South South,Regular
CUST00847,Customer 847,2348058487716,F,18-25,Port Harcourt,South South,Regular
CUST00848,Customer 848,2348052912268, m ,36-45,Kaduna,North West,Unknown
CUST00849,Customer 849,2348090763492,Unknown,18-25,Ibadan,South West,Premium
CUST00850, Customer 850 ,2348089452835,female,26-35,Enugu,South East,Business
CUST00851,Customer 851,2348052218222,Unknown,46-60,Ibadan,South West,Premium
CUST00852,Customer 852,2348088754610, m ,36-45,Enugu,South East,REGULAR
CUST00853,Customer 853,2348059630098,Male,60+,Abuja,North Central,Regular
CUST00854,Customer 854,2348082634531,Unknown,36-45,Lagos,South West,Unknown
CUST00855,Customer 855,2348061995083,Unknown,46-60,Enugu,South East,Regular
CUST00856,Customer 856,2348064033340,Female,60+,Enugu,South East,Regular
CUST00857,Customer 857,2348069456042,female,18-25,Benin City,South South,Occasional
CUST00858,Customer 858,2348031349471, f ,Unknown,Ibadan,South West,Occasional
CUST00859,Customer 859,2348089814935,Unknown,36-45,Lagos,South West,Regular
CUST00860,Customer 860,2348060351647,female,18-25,Lagos,South West,Regular
CUST00861,Customer 861,2348064028557, m ,26-35,Benin City,South South,Occasional
CUST00862,Customer 862,2348064310010,Male,Unknown,Benin City,South South,Business
CUST00863,Customer 863,2348071318488,Unknown,46-60,Benin City,South South,Premium
CUST00864,Customer 864,2348060241464,Unknown,60+,Benin City,South South,Occasional
CUST00865,Customer 865,2348041769567,male,60+,Lagos,South West,Premium
CUST00866,Customer 866,2348052698541,Male,Unknown,Enugu,South East,Occasional
CUST00867,Customer 867,2348038352279,Male,60+,Enugu,South East,Premium
CUST00868,Customer 868,2348076981780,Unknown,46-60,Ibadan,South West,Occasional
CUST00869,Customer 869,2348071469701,M,26-35,Ibadan,South West,Occasional
CUST00870,Customer 870,2348061405721,Unknown,18-25,Port Harcourt,South South,Unknown
CUST00871,Customer 871,2348040422915, m ,26-35,Kano,North West,Business
CUST00872,Customer 872,2348016084742,M,36-45,Abuja,North Central,Unknown
CUST00873,Customer 873,2348035120501,Male,46-60,Enugu,South East,Occasional
CUST00874,Customer 874,2348056383929,F,36-45,Enugu,South East,Regular
CUST00875, Customer 875 ,2348053029157,Female,60+,Kaduna,North West,Regular
CUST00876,Customer 876,2348041673470,Male,18-25,Abuja,North Central,premium 
CUST00877,Customer 877,2348036755399,M,18-25,Ibadan,South West,Premium
CUST00878,Customer 878,2348031250100,Female,18-25,Benin City,South South,Regular
CUST00879,Customer 879,2348098739992,Female,Unknown,Ibadan,South West,Regular
CUST00880,Customer 880,2348083964419,male,46-60,Port Harcourt,South South,REGULAR
CUST00881,Customer 881,2348020434097, f ,18-25,Ibadan,South West,Occasional
CUST00882,Customer 882,2348010738645,M,36-45,Enugu,South East,Unknown
CUST00883,Customer 883,2348017884370,Male,46-60,Kano,North West,Business
CUST00884,Customer 884,2348023731283,Female,60+,Benin City,South South,Premium
CUST00885,Customer 885,2348061195645,FEMALE,26-35,Ibadan,South West,Occasional
CUST00886,Customer 886,2348054327314,Unknown,60+,Benin City,South South,Regular
CUST00887,Customer 887,2348086272124,Male,36-45,Lagos,South West,Occasional
CUST00888,Customer 888,2348029812738,Unknown,26-35,Ibadan,South West,Occasional
CUST00889,Customer 889,2348018927423,F,Unknown,Kano,North West,Occasional
CUST00890,Customer 890,2348047219955,M,36-45,Kano,North West,Occasional
CUST00891,Customer 891,2348057295079,male,60+,Abuja,North Central,premium 
CUST00892,Customer 892,2348028747037,Male,Unknown,Benin City,South South,Regular
CUST00893,Customer 893,2348014438609,Female,18-25,Lagos,South West,Premium
CUST00894,Customer 894,2348032527594,male,60+,Enugu,South East,Unknown
CUST00895,Customer 895,2348028580111,Female,26-35,Kano,North West,Premium
CUST00896,Customer 896,2348099276117, f ,36-45,Port Harcourt,South South,Occasional
CUST00897,Customer 897,2348015166988,Unknown,46-60,Port Harcourt,South South,REGULAR
CUST00898,Customer 898,2348011846444,F,Unknown,Kano,North West,Business
CUST00899,Customer 899,2348031212494, m ,18-25,Lagos,South West,Occasional
CUST00900, Customer 900 ,2348076244787,M,46-60,Port Harcourt,South South,Occasional
CUST00901,Customer 901,2348085220755,FEMALE,26-35,Abuja,North Central,Premium
CUST00902,Customer 902,2348062483179,Unknown,18-25,Enugu,South East,Premium
CUST00903,Customer 903,2348089655717,F,60+,Enugu,South East,Regular
CUST00904,Customer 904,2348034959766,F,18-25,Enugu,South East,REGULAR
CUST00905,Customer 905,2348037960410,Unknown,18-25,Lagos,South West,premium 
CUST00906,Customer 906,2348066322441,Female,18-25,Port Harcourt,South South,Regular
CUST00907,Customer 907,2348034202610, f ,Unknown,Benin City,South South,Business
CUST00908,Customer 908,2348093416232, f ,18-25,Kaduna,North West,Business
CUST00909,Customer 909,2348024577603, m ,Unknown,Lagos,South West,Occasional
CUST00910,Customer 910,2348093330535,Unknown,26-35,Lagos,South West,Business
CUST00911,Customer 911,2348037392012,Female,18-25,Ibadan,South West,Premium
CUST00912,Customer 912,2348033768286,FEMALE,Unknown,Kaduna,North West,Premium
CUST00913,Customer 913,2348041308763,female,46-60,Ibadan,South West,Regular
CUST00914,Customer 914,2348086906837,MALE,Unknown,Ibadan,South West,Regular
CUST00915,Customer 915,2348037837226,F,36-45,Ibadan,South West,Regular
CUST00916,Customer 916,2348080248527,Female,18-25,Port Harcourt,South South,Regular
CUST00917,Customer 917,2348062816590,Male,36-45,Benin City,South South,Premium
CUST00918,Customer 918,2348087396319,Unknown,46-60,Benin City,South South,Premium
CUST00919,Customer 919,2348041730562,Female,46-60,Kaduna,North West,Occasional
CUST00920,Customer 920,2348061759687,male,18-25,Kaduna,North West,Unknown
CUST00921,Customer 921,2348025225564,F,26-35,Kano,North West,Premium
CUST00922,Customer 922,2348077484323,Male,60+,Abuja,North Central,Premium
CUST00923,Customer 923,2348073936322,M,36-45,Kano,North West,Business
CUST00924,Customer 924,2348087136071,Unknown,36-45,Abuja,North Central,Occasional
CUST00925, Customer 925 ,2348057752535,male,46-60,Enugu,South East,Occasional
CUST00926,Customer 926,2348083702976,male,Unknown,Kaduna,North West,Premium
CUST00927,Customer 927,2348048513432,Unknown,18-25,Ibadan,South West,Premium
CUST00928,Customer 928,2348089983517, f ,60+,Abuja,North Central,premium 
CUST00929,Customer 929,2348081492227,Unknown,36-45,Port Harcourt,South South,Occasional
CUST00930,Customer 930,2348010048989,M,36-45,Abuja,North Central,Occasional
CUST00931,Customer 931,2348082747237,female,60+,Kaduna,North West,Business
CUST00932,Customer 932,2348075100440,Female,Unknown,Kaduna,North West,Regular
CUST00933,Customer 933,2348021014735,Unknown,18-25,Port Harcourt,South South,Occasional
CUST00934,Customer 934,2348058233296,Female,36-45,Enugu,South East,Occasional
CUST00935,Customer 935,2348089469036,Unknown,Unknown,Port Harcourt,South South,Regular
CUST00936,Customer 936,2348030441778,Unknown,26-35,Abuja,North Central,Regular
CUST00937,Customer 937,2348063396301,Unknown,46-60,Lagos,South West,Regular
CUST00938,Customer 938,2348098426385,Unknown,46-60,Abuja,North Central,Occasional
CUST00939,Customer 939,2348060124258,F,Unknown,Ibadan,South West,Business
CUST00940,Customer 940,2348019669730,M,18-25,Enugu,South East,Regular
CUST00941,Customer 941,2348084190531,Female,36-45,Abuja,North Central,Premium
CUST00942,Customer 942,2348041217513,Unknown,26-35,Kano,North West,Occasional
CUST00943,Customer 943,2348083703262,Female,60+,Kano,North West,Regular
CUST00944,Customer 944,2348072983277, f ,18-25,Kaduna,North West,Regular
CUST00945,Customer 945,2348090048232,Unknown,Unknown,Kano,North West,Premium
CUST00946,Customer 946,2348093447312,Female,36-45,Lagos,South West,Regular
CUST00947,Customer 947,2348078180210,Female,18-25,Kano,North West,Occasional
CUST00948,Customer 948,2348047451842,Male,36-45,Abuja,North Central,Premium
CUST00949,Customer 949,2348083242742,male,60+,Ibadan,South West,Business
CUST00950, Customer 950 ,2348080087455, m ,36-45,Abuja,North Central,Regular
CUST00951,Customer 951,2348093308605,Male,18-25,Port Harcourt,South South,Regular
CUST00952,Customer 952,2348074325538,M,18-25,Enugu,South East,Occasional
CUST00953,Customer 953,2348083064529,M,26-35,Benin City,South South,Regular
CUST00954,Customer 954,2348054299444,Male,46-60,Port Harcourt,South South,Occasional
CUST00955,Customer 955,2348071023112,Female,Unknown,Benin City,South South,Regular
CUST00956,Customer 956,2348099510459,Female,18-25,Port Harcourt,South South,Premium
CUST00957,Customer 957,2348015360901,Male,Unknown,Lagos,South West,Premium
CUST00958,Customer 958,2348038473559,Male,26-35,Enugu,South East,Premium
CUST00959,Customer 959,2348064887553,Female,26-35,Benin City,South South,Regular
CUST00960,Customer 960,2348038000688,Female,Unknown,Enugu,South East,Occasional
CUST00961,Customer 961,2348092411457,female,18-25,Lagos,South West,premium 
CUST00962,Customer 962,2348092998818,female,36-45,Kaduna,North West,Regular
CUST00963,Customer 963,2348070843432,female,36-45,Lagos,South West,Regular
CUST00964,Customer 964,2348071523191,Unknown,60+,Enugu,South East,Regular
CUST00965,Customer 965,2348031241423,Female,26-35,Abuja,North Central,Premium
CUST00966,Customer 966,2348087428006,Female,18-25,Kano,North West,Premium
CUST00967,Customer 967,2348070909469,Unknown,18-25,Lagos,South West,Premium
CUST00968,Customer 968,2348068421430,Unknown,46-60,Ibadan,South West,Premium
CUST00969,Customer 969,2348044241562,F,Unknown,Benin City,South South,Premium
CUST00970,Customer 970,2348025528111,Male,46-60,Ibadan,South West,Unknown
CUST00971,Customer 971,2348093000666,Female,46-60,Lagos,South West,Regular
CUST00972,Customer 972,2348088346146,Female,46-60,Lagos,South West,REGULAR
CUST00973,Customer 973,2348044853362,M,26-35,Enugu,South East,Occasional
CUST00974,Customer 974,2348074402169,Male,18-25,Ibadan,South West,Regular
CUST00975, Customer 975 ,2348089134331,Male,18-25,Port Harcourt,South South,Occasional
CUST00976,Customer 976,2348032551628,Male,46-60,Port Harcourt,South South,Regular
CUST00977,Customer 977,2348059897686,Unknown,36-45,Kaduna,North West,Occasional
CUST00978,Customer 978,2348022023625,FEMALE,Unknown,Lagos,South West,Premium
CUST00979,Customer 979,2348050553425,M,46-60,Kaduna,North West,Regular
CUST00980,Customer 980,2348025027672,Female,18-25,Abuja,North Central,Premium
CUST00981,Customer 981,2348061547048,Male,Unknown,Lagos,South West,REGULAR
CUST00982,Customer 982,2348053244255,male,60+,Kaduna,North West,Unknown
CUST00983,Customer 983,2348016472668,Female,26-35,Kano,North West,Regular
CUST00984,Customer 984,2348053546886,Unknown,60+,Benin City,South South,Business
CUST00985,Customer 985,2348065110641,Unknown,18-25,Kano,North West,Premium
CUST00986,Customer 986,2348098541904,Female,46-60,Kaduna,North West,Regular
CUST00987,Customer 987,2348021810649,Female,Unknown,Ibadan,South West,Premium
CUST00988,Customer 988,2348087174039,Male,46-60,Enugu,South East,Regular
CUST00989,Customer 989,2348032562557,Female,18-25,Kano,North West,Occasional
CUST00990,Customer 990,2348084595030,female,18-25,Abuja,North Central,Premium
CUST00991,Customer 991,2348077600665,FEMALE,36-45,Ibadan,South West,Premium
CUST00992,Customer 992,2348029856065,Unknown,Unknown,Ibadan,South West,Occasional
CUST00993,Customer 993,2348015593165,Unknown,Unknown,Ibadan,South West,Occasional
CUST00994,Customer 994,2348035938681,Male,26-35,Enugu,South East,Regular
CUST00995,Customer 995,2348091292617,Unknown,Unknown,Port Harcourt,South South,Premium
CUST00996,Customer 996,2348049087984, f ,18-25,Benin City,South South,Business
CUST00997,Customer 997,2348045491906,Female,46-60,Kano,North West,Regular
CUST00998,Customer 998,2348089477061,M,60+,Abuja,North Central,Premium
CUST00999,Customer 999,2348074542403,F,18-25,Enugu,South East,Business
CUST01000, Customer 1000 ,2348097469525,Unknown,36-45,Benin City,South South,Premium
CUST01001,Customer 1001,2348064292170,Male,46-60,Kano,North West,Regular
CUST01002,Customer 1002,2348087903340,Unknown,46-60,Ibadan,South West,Premium
CUST01003,Customer 1003,2348055724081,F,Unknown,Port Harcourt,South South,Business
CUST01004,Customer 1004,2348027144336,FEMALE,60+,Abuja,North Central,Premium
CUST01005,Customer 1005,2348025929056,Male,36-45,Port Harcourt,South South,Premium
CUST01006,Customer 1006,2348048833145,Unknown,18-25,Ibadan,South West,Occasional
CUST01007,Customer 1007,2348065606613,Male,46-60,Kaduna,North West,premium 
CUST01008,Customer 1008,2348058782630,Female,18-25,Port Harcourt,South South,REGULAR
CUST01009,Customer 1009,2348069371241,M,60+,Kano,North West,Regular
CUST01010,Customer 1010,2348054411075,Female,18-25,Port Harcourt,South South,Regular
CUST01011,Customer 1011,2348060235287,Unknown,36-45,Benin City,South South,Regular
CUST01012,Customer 1012,2348093696372,M,46-60,Kaduna,North West,Business
CUST01013,Customer 1013,2348061002345,Unknown,Unknown,Port Harcourt,South South,REGULAR
CUST01014,Customer 1014,2348074724330,Female,18-25,Enugu,South East,premium 
CUST01015,Customer 1015,2348077584798,M,26-35,Kaduna,North West,Premium
CUST01016,Customer 1016,2348033777644,Female,Unknown,Abuja,North Central,Occasional
CUST01017,Customer 1017,2348056492485,M,18-25,Enugu,South East,Occasional
CUST01018,Customer 1018,2348060703741,Female,26-35,Lagos,South West,Regular
CUST01019,Customer 1019,2348095248130,Female,Unknown,Lagos,South West,Premium
CUST01020,Customer 1020,2348088415316, f ,Unknown,Kaduna,North West,premium 
CUST01021,Customer 1021,2348039589014,Female,26-35,Kaduna,North West,Unknown
CUST01022,Customer 1022,2348011633382,Female,18-25,Enugu,South East,Regular
CUST01023,Customer 1023,2348089459655,Unknown,18-25,Enugu,South East,premium 
CUST01024,Customer 1024,2348047503662,Male,46-60,Ibadan,South West,Occasional
CUST01025, Customer 1025 ,2348059723553,M,Unknown,Kaduna,North West,Regular
CUST01026,Customer 1026,2348049339265,FEMALE,46-60,Port Harcourt,South South,Premium
CUST01027,Customer 1027,2348079136112,Male,60+,Enugu,South East,Occasional
CUST01028,Customer 1028,2348074219326,Unknown,36-45,Lagos,South West,Occasional
CUST01029,Customer 1029,2348021442504,Unknown,Unknown,Enugu,South East,Occasional
CUST01030,Customer 1030,2348020533963,Female,46-60,Port Harcourt,South South,Occasional
CUST01031,Customer 1031,2348056512417,Male,60+,Enugu,South East,Occasional
CUST01032,Customer 1032,2348088041767,Male,60+,Abuja,North Central,Occasional
CUST01033,Customer 1033,2348059276342,male,36-45,Enugu,South East,Unknown
CUST01034,Customer 1034,2348080047210,female,18-25,Benin City,South South,Unknown
CUST01035,Customer 1035,2348093849200,M,26-35,Enugu,South East,Premium
CUST01036,Customer 1036,2348017425626,Female,26-35,Kano,North West,Occasional
CUST01037,Customer 1037,2348071165553,Male,18-25,Benin City,South South,REGULAR
CUST01038,Customer 1038,2348041660684,Male,60+,Port Harcourt,South South,Occasional
CUST01039,Customer 1039,2348056331804,Female,26-35,Lagos,South West,Premium
CUST01040,Customer 1040,2348043111277,Female,18-25,Port Harcourt,South South,Regular
CUST01041,Customer 1041,2348033589527,Male,26-35,Port Harcourt,South South,Occasional
CUST01042,Customer 1042,2348067962741,Unknown,Unknown,Abuja,North Central,Premium
CUST01043,Customer 1043,2348068980900,Unknown,26-35,Benin City,South South,Business
CUST01044,Customer 1044,2348032274715,Unknown,Unknown,Kaduna,North West,Regular
CUST01045,Customer 1045,2348067506589,Male,18-25,Lagos,South West,Premium
CUST01046,Customer 1046,2348011961751,Male,46-60,Kaduna,North West,Occasional
CUST01047,Customer 1047,2348096626515,female,18-25,Kano,North West,Business
CUST01048,Customer 1048,2348082353458,Unknown,46-60,Kano,North West,Occasional
CUST01049,Customer 1049,2348021941923,Unknown,46-60,Kaduna,North West,Occasional
CUST01050, Customer 1050 ,2348079910632,Female,Unknown,Benin City,South South,Premium
CUST01051,Customer 1051,2348054790779, m ,36-45,Abuja,North Central,Premium
CUST01052,Customer 1052,2348098617560,Unknown,36-45,Lagos,South West,Regular
CUST01053,Customer 1053,2348095961858,Female,46-60,Benin City,South South,Unknown
CUST01054,Customer 1054,2348076802058,Male,60+,Enugu,South East,Regular
CUST01055,Customer 1055,2348048798083,Female,46-60,Enugu,South East,Regular
CUST01056,Customer 1056,2348049195922,Female,46-60,Ibadan,South West,Premium
CUST01057,Customer 1057,2348038609607,Male,Unknown,Kaduna,North West,Premium
CUST01058,Customer 1058,2348083475151,Female,46-60,Abuja,North Central,Premium
CUST01059,Customer 1059,2348011689344,female,46-60,Enugu,South East,premium 
CUST01060,Customer 1060,2348084785088, f ,60+,Lagos,South West,Business
CUST01061,Customer 1061,2348015280119,female,26-35,Port Harcourt,South South,Premium
CUST01062,Customer 1062,2348090473102, m ,18-25,Enugu,South East,premium 
CUST01063,Customer 1063,2348067367680,Female,18-25,Benin City,South South,Premium
CUST01064,Customer 1064,2348061330067, f ,46-60,Enugu,South East,Business
CUST01065,Customer 1065,2348088681815,Female,46-60,Enugu,South East,Regular
CUST01066,Customer 1066,2348025877523,F,18-25,Kano,North West,Regular
CUST01067,Customer 1067,2348077832171,Male,18-25,Ibadan,South West,Unknown
CUST01068,Customer 1068,2348029165682,Male,46-60,Kaduna,North West,Business
CUST01069,Customer 1069,2348021602514,Male,60+,Enugu,South East,Regular
CUST01070,Customer 1070,2348089077451,Male,60+,Enugu,South East,Unknown
CUST01071,Customer 1071,2348025327437,FEMALE,26-35,Port Harcourt,South South,Premium
CUST01072,Customer 1072,2348087223918,Male,36-45,Lagos,South West,Regular
CUST01073,Customer 1073,2348019825256, f ,18-25,Kaduna,North West,Regular
CUST01074,Customer 1074,2348072245209,Female,Unknown,Ibadan,South West,Premium
CUST01075, Customer 1075 ,2348087143305,Female,18-25,Enugu,South East,Regular
CUST01076,Customer 1076,2348043313099,Unknown,46-60,Enugu,South East,Premium
CUST01077,Customer 1077,2348049093628,Female,18-25,Lagos,South West,Premium
CUST01078,Customer 1078,2348054151906,Female,36-45,Kaduna,North West,REGULAR
CUST01079,Customer 1079,2348014320424,Unknown,46-60,Abuja,North Central,Premium
CUST01080,Customer 1080,2348050871662,Female,60+,Kaduna,North West,premium 
CUST01081,Customer 1081,2348086303080,Female,Unknown,Port Harcourt,South South,Premium
CUST01082,Customer 1082,2348042119179,Male,Unknown,Enugu,South East,Premium
CUST01083,Customer 1083,2348057133470,Male,60+,Port Harcourt,South South,Premium
CUST01084,Customer 1084,2348010182895,MALE,36-45,Port Harcourt,South South,Occasional
CUST01085,Customer 1085,2348020906346,Female,36-45,Benin City,South South,REGULAR
CUST01086,Customer 1086,2348037169304,Unknown,46-60,Abuja,North Central,Premium
CUST01087,Customer 1087,2348059362016,Unknown,18-25,Lagos,South West,Business
CUST01088,Customer 1088,2348046095209,F,60+,Lagos,South West,Unknown
CUST01089,Customer 1089,2348060934934, m ,26-35,Port Harcourt,South South,Business
CUST01090,Customer 1090,2348061010270,Female,60+,Ibadan,South West,Occasional
CUST01091,Customer 1091,2348046261763,Unknown,36-45,Lagos,South West,Regular
CUST01092,Customer 1092,2348029422300,Unknown,60+,Kaduna,North West,Regular
CUST01093,Customer 1093,2348025310275,Male,26-35,Benin City,South South,Regular
CUST01094,Customer 1094,2348060699687,Unknown,36-45,Lagos,South West,Regular
CUST01095,Customer 1095,2348051019597,Male,60+,Abuja,North Central,Occasional
CUST01096,Customer 1096,2348022768327,female,18-25,Kano,North West,Premium
CUST01097,Customer 1097,2348065185384, m ,18-25,Ibadan,South West,Regular
CUST01098,Customer 1098,2348052157686,Unknown,18-25,Port Harcourt,South South,Unknown
CUST01099,Customer 1099,2348047862456,M,Unknown,Kaduna,North West,Premium
CUST01100, Customer 1100 ,2348028665119,Male,46-60,Kano,North West,Business
CUST01101,Customer 1101,2348037815889,Unknown,60+,Kano,North West,Regular
CUST01102,Customer 1102,2348082081900,FEMALE,Unknown,Kaduna,North West,Premium
CUST01103,Customer 1103,2348082152174,Female,36-45,Benin City,South South,Regular
CUST01104,Customer 1104,2348049984052,Unknown,Unknown,Port Harcourt,South South,Regular
CUST01105,Customer 1105,2348057894251,Male,36-45,Enugu,South East,premium 
CUST01106,Customer 1106,2348083464364,Female,60+,Kano,North West,Premium
CUST01107,Customer 1107,2348028101090,FEMALE,18-25,Kano,North West,Regular
CUST01108,Customer 1108,2348061337146,Male,60+,Kaduna,North West,Unknown
CUST01109,Customer 1109,2348024633784, f ,46-60,Benin City,South South,Premium
CUST01110,Customer 1110,2348027211846,Male,18-25,Port Harcourt,South South,Occasional
CUST01111,Customer 1111,2348021688716,Male,60+,Abuja,North Central,Regular
CUST01112,Customer 1112,2348023496876,female,18-25,Benin City,South South,Occasional
CUST01113,Customer 1113,2348092609579,Male,60+,Kaduna,North West,Unknown
CUST01114,Customer 1114,2348083750526,Male,36-45,Kaduna,North West,Premium
CUST01115,Customer 1115,2348092807939,Female,26-35,Kano,North West,Regular
CUST01116,Customer 1116,2348018796659,Male,18-25,Kaduna,North West,Business
CUST01117,Customer 1117,2348032990552,Female,Unknown,Abuja,North Central,REGULAR
CUST01118,Customer 1118,2348029195793,MALE,36-45,Benin City,South South,Occasional
CUST01119,Customer 1119,2348012099230,female,60+,Lagos,South West,Occasional
CUST01120,Customer 1120,2348055827307,F,46-60,Ibadan,South West,premium 
CUST01121,Customer 1121,2348086120757,Female,Unknown,Kaduna,North West,Regular
CUST01122,Customer 1122,2348047114366,Female,46-60,Ibadan,South West,Regular
CUST01123,Customer 1123,2348041341111, m ,Unknown,Ibadan,South West,Occasional
CUST01124,Customer 1124,2348053213778, f ,18-25,Port Harcourt,South South,Regular
CUST01125, Customer 1125 ,2348012672578,Male,Unknown,Port Harcourt,South South,Regular
CUST01126,Customer 1126,2348054899460,Unknown,46-60,Kano,North West,Occasional
CUST01127,Customer 1127,2348047810533,F,46-60,Benin City,South South,Occasional
CUST01128,Customer 1128,2348075590295,Unknown,Unknown,Kano,North West,Regular
CUST01129,Customer 1129,2348071821901,Unknown,60+,Kano,North West,Occasional
CUST01130,Customer 1130,2348080605811,Male,36-45,Enugu,South East,Premium
CUST01131,Customer 1131,2348044161036,Female,46-60,Kaduna,North West,premium 
CUST01132,Customer 1132,2348074745221,Female,36-45,Kano,North West,Business
CUST01133,Customer 1133,2348080666604,Female,Unknown,Port Harcourt,South South,Premium
CUST01134,Customer 1134,2348014582409,Unknown,46-60,Kaduna,North West,Occasional
CUST01135,Customer 1135,2348096692421,Unknown,36-45,Kaduna,North West,Premium
CUST01136,Customer 1136,2348040524437, m ,46-60,Port Harcourt,South South,Premium
CUST01137,Customer 1137,2348082152887,female,Unknown,Kaduna,North West,Premium
CUST01138,Customer 1138,2348032351202,Female,18-25,Ibadan,South West,Premium
CUST01139,Customer 1139,2348089081977,female,46-60,Lagos,South West,Premium
CUST01140,Customer 1140,2348096847010,Female,Unknown,Lagos,South West,Regular
CUST01141,Customer 1141,2348029512397,Male,60+,Lagos,South West,Premium
CUST01142,Customer 1142,2348066165312,Male,Unknown,Benin City,South South,Regular
CUST01143,Customer 1143,2348019037121,M,Unknown,Port Harcourt,South South,premium 
CUST01144,Customer 1144,2348053710355,Female,18-25,Enugu,South East,REGULAR
CUST01145,Customer 1145,2348082938587,Unknown,36-45,Kaduna,North West,Regular
CUST01146,Customer 1146,2348087203401,Unknown,Unknown,Enugu,South East,premium 
CUST01147,Customer 1147,2348032682402,Female,18-25,Lagos,South West,Regular
CUST01148,Customer 1148,2348087696681,Female,Unknown,Ibadan,South West,Business
CUST01149,Customer 1149,2348085992904,Female,36-45,Kaduna,North West,Regular
CUST01150, Customer 1150 ,2348080951440,Female,26-35,Abuja,North Central,Regular
CUST01151,Customer 1151,2348058113559,Unknown,46-60,Benin City,South South,Regular
CUST01152,Customer 1152,2348080268633,Female,18-25,Kano,North West,Regular
CUST01153,Customer 1153,2348064018123,FEMALE,Unknown,Enugu,South East,Occasional
CUST01154,Customer 1154,2348096858718,MALE,36-45,Lagos,South West,Occasional
CUST01155,Customer 1155,2348060285896,Female,26-35,Benin City,South South,REGULAR
CUST01156,Customer 1156,2348052020893,M,Unknown,Lagos,South West,Occasional
CUST01157,Customer 1157,2348058563105,Male,26-35,Ibadan,South West,Regular
CUST01158,Customer 1158,2348080506062,Male,46-60,Enugu,South East,Occasional
CUST01159,Customer 1159,2348025248397,Male,Unknown,Lagos,South West,premium 
CUST01160,Customer 1160,2348025157524,Unknown,18-25,Enugu,South East,Regular
CUST01161,Customer 1161,2348028961157,MALE,18-25,Abuja,North Central,Regular
CUST01162,Customer 1162,2348048646456,Male,60+,Ibadan,South West,Regular
CUST01163,Customer 1163,2348061447474,Male,60+,Lagos,South West,Business
CUST01164,Customer 1164,2348060461823,Male,26-35,Port Harcourt,South South,Occasional
CUST01165,Customer 1165,2348096395197,Female,18-25,Kaduna,North West,Occasional
CUST01166,Customer 1166,2348047111594,F,60+,Abuja,North Central,premium 
CUST01167,Customer 1167,2348079569425,Unknown,46-60,Ibadan,South West,Regular
CUST01168,Customer 1168,2348021904621,Female,46-60,Port Harcourt,South South,premium 
CUST01169,Customer 1169,2348083384041,Male,Unknown,Abuja,North Central,Regular
CUST01170,Customer 1170,2348027954632,Male,26-35,Enugu,South East,Regular
CUST01171,Customer 1171,2348029356292,Male,26-35,Enugu,South East,Regular
CUST01172,Customer 1172,2348019701728,Female,46-60,Abuja,North Central,Regular
CUST01173,Customer 1173,2348045234238,M,Unknown,Kaduna,North West,premium 
CUST01174,Customer 1174,2348056157969,Female,46-60,Lagos,South West,Regular
CUST01175, Customer 1175 ,2348094148258, f ,60+,Enugu,South East,Premium
CUST01176,Customer 1176,2348027723595,M,26-35,Lagos,South West,Premium
CUST01177,Customer 1177,2348056338125, m ,Unknown,Kano,North West,Business
CUST01178,Customer 1178,2348082616796,Female,Unknown,Lagos,South West,Premium
CUST01179,Customer 1179,2348056199534,M,36-45,Benin City,South South,Premium
CUST01180,Customer 1180,2348056577297,Male,Unknown,Kano,North West,Regular
CUST01181,Customer 1181,2348027641500,F,26-35,Kaduna,North West,Regular
CUST01182,Customer 1182,2348094822497,Unknown,46-60,Lagos,South West,Unknown
CUST01183,Customer 1183,2348047442035,male,26-35,Benin City,South South,Premium
CUST01184,Customer 1184,2348082492041, m ,26-35,Ibadan,South West,Premium
CUST01185,Customer 1185,2348077219550,Male,Unknown,Kano,North West,premium 
CUST01186,Customer 1186,2348021028617,Female,26-35,Abuja,North Central,Regular
CUST01187,Customer 1187,2348050936195,MALE,36-45,Kano,North West,REGULAR
CUST01188,Customer 1188,2348042761475,Female,60+,Port Harcourt,South South,Regular
CUST01189,Customer 1189,2348036718918,Unknown,26-35,Lagos,South West,Occasional
CUST01190,Customer 1190,2348098229258,female,18-25,Kano,North West,Premium
CUST01191,Customer 1191,2348024301831,M,60+,Port Harcourt,South South,Regular
CUST01192,Customer 1192,2348031158231,Male,60+,Ibadan,South West,Premium
CUST01193,Customer 1193,2348071592798,Unknown,36-45,Enugu,South East,Premium
CUST01194,Customer 1194,2348034762488,Unknown,18-25,Ibadan,South West,Occasional
CUST01195,Customer 1195,2348085394638,Unknown,36-45,Benin City,South South,Occasional
CUST01196,Customer 1196,2348014867784,Male,60+,Lagos,South West,Premium
CUST01197,Customer 1197,2348055049740, m ,46-60,Port Harcourt,South South,Premium
CUST01198,Customer 1198,2348026572823,Female,60+,Benin City,South South,Regular
CUST01199,Customer 1199,2348058818877,female,36-45,Abuja,North Central,Regular
CUST01200, Customer 1200 ,2348032457905,Female,26-35,Kano,North West,Occasional
CUST01201,Customer 1201,2348083478009,Male,46-60,Ibadan,South West,REGULAR
CUST01202,Customer 1202,2348039910186,Male,60+,Lagos,South West,Business
CUST01203,Customer 1203,2348012716459,Male,26-35,Abuja,North Central,Occasional
CUST01204,Customer 1204,2348071074774,Unknown,36-45,Benin City,South South,Unknown
CUST01205,Customer 1205,2348095857445, m ,26-35,Port Harcourt,South South,Premium
CUST01206,Customer 1206,2348054289046,Male,26-35,Enugu,South East,Occasional
CUST01207,Customer 1207,2348079794753,Unknown,Unknown,Kano,North West,Occasional
CUST01208,Customer 1208,2348076636514,Female,Unknown,Enugu,South East,Premium
CUST01209,Customer 1209,2348047901928,Male,Unknown,Enugu,South East,Occasional
CUST01210,Customer 1210,2348084365113, m ,18-25,Enugu,South East,Regular
CUST01211,Customer 1211,2348097601679,Male,46-60,Kaduna,North West,Premium
CUST01212,Customer 1212,2348052257803,Male,36-45,Lagos,South West,Regular
CUST01213,Customer 1213,2348059974721, m ,18-25,Lagos,South West,Regular
CUST01214,Customer 1214,2348058963203,FEMALE,18-25,Enugu,South East,Occasional
CUST01215,Customer 1215,2348086746757,Unknown,18-25,Lagos,South West,Occasional
CUST01216,Customer 1216,2348040999530,Unknown,26-35,Enugu,South East,REGULAR
CUST01217,Customer 1217,2348051015607,Female,18-25,Lagos,South West,Business
CUST01218,Customer 1218,2348052724208,Male,26-35,Enugu,South East,Regular
CUST01219,Customer 1219,2348073091754,Female,60+,Lagos,South West,Premium
CUST01220,Customer 1220,2348085437088,Male,60+,Kaduna,North West,Regular
CUST01221,Customer 1221,2348068619033,male,26-35,Port Harcourt,South South,REGULAR
CUST01222,Customer 1222,2348082793908,Unknown,60+,Port Harcourt,South South,Regular
CUST01223,Customer 1223,2348073025860,Unknown,36-45,Kaduna,North West,Occasional
CUST01224,Customer 1224,2348024614399,Unknown,Unknown,Abuja,North Central,Premium
CUST01225, Customer 1225 ,2348096095701,Unknown,60+,Abuja,North Central,Occasional
CUST01226,Customer 1226,2348054875734,Male,18-25,Benin City,South South,Unknown
CUST01227,Customer 1227,2348036670856,Female,Unknown,Abuja,North Central,Premium
CUST01228,Customer 1228,2348018222299,Male,60+,Abuja,North Central,Occasional
CUST01229,Customer 1229,2348026318805,Female,46-60,Kano,North West,Occasional
CUST01230,Customer 1230,2348085824636,Male,26-35,Abuja,North Central,Occasional
CUST01231,Customer 1231,2348025172544, m ,Unknown,Enugu,South East,Regular
CUST01232,Customer 1232,2348012796831, f ,60+,Enugu,South East,Occasional
CUST01233,Customer 1233,2348061428137,male,46-60,Port Harcourt,South South,Occasional
CUST01234,Customer 1234,2348081466526,Unknown,60+,Ibadan,South West,Occasional
CUST01235,Customer 1235,2348073716705,Unknown,18-25,Ibadan,South West,Premium
CUST01236,Customer 1236,2348033461318,M,60+,Abuja,North Central,Regular
CUST01237,Customer 1237,2348087151648,Female,18-25,Enugu,South East,Premium
CUST01238,Customer 1238,2348030880816,Unknown,Unknown,Kano,North West,Business
CUST01239,Customer 1239,2348048564025,Unknown,Unknown,Lagos,South West,Business
CUST01240,Customer 1240,2348019645377,Male,26-35,Ibadan,South West,Premium
CUST01241,Customer 1241,2348032231650,Female,18-25,Abuja,North Central,Premium
CUST01242,Customer 1242,2348071281328,Male,18-25,Port Harcourt,South South,REGULAR
CUST01243,Customer 1243,2348030661545,Male,Unknown,Benin City,South South,Premium
CUST01244,Customer 1244,2348016412903,FEMALE,60+,Benin City,South South,Premium
CUST01245,Customer 1245,2348027378885,MALE,Unknown,Kaduna,North West,Regular
CUST01246,Customer 1246,2348093084007,male,Unknown,Benin City,South South,Premium
CUST01247,Customer 1247,2348066570369,male,46-60,Kaduna,North West,Occasional
CUST01248,Customer 1248,2348024692125,male,18-25,Port Harcourt,South South,Premium
CUST01249,Customer 1249,2348026980965,Female,36-45,Abuja,North Central,Premium
CUST01250, Customer 1250 ,2348055012757, m ,60+,Port Harcourt,South South,Regular
CUST01251,Customer 1251,2348021161125,Unknown,60+,Abuja,North Central,Regular
CUST01252,Customer 1252,2348032655037,Female,60+,Benin City,South South,REGULAR
CUST01253,Customer 1253,2348084391240, f ,18-25,Kano,North West,Occasional
CUST01254,Customer 1254,2348030030262,Male,46-60,Ibadan,South West,Premium
CUST01255,Customer 1255,2348075690815,FEMALE,Unknown,Kaduna,North West,Regular
CUST01256,Customer 1256,2348050639221,Female,46-60,Kano,North West,premium 
CUST01257,Customer 1257,2348082711030,Unknown,18-25,Kano,North West,Premium
CUST01258,Customer 1258,2348019757545,Unknown,36-45,Ibadan,South West,Unknown
CUST01259,Customer 1259,2348088372922,female,Unknown,Kaduna,North West,Premium
CUST01260,Customer 1260,2348098360225,female,46-60,Port Harcourt,South South,Premium
CUST01261,Customer 1261,2348046017743,Male,46-60,Port Harcourt,South South,Premium
CUST01262,Customer 1262,2348010010815,Male,60+,Abuja,North Central,Regular
CUST01263,Customer 1263,2348093590223,Female,Unknown,Lagos,South West,Premium
CUST01264,Customer 1264,2348015675628,Unknown,18-25,Kano,North West,REGULAR
CUST01265,Customer 1265,2348011142598,Male,26-35,Enugu,South East,Occasional
CUST01266,Customer 1266,2348011456994,Male,36-45,Benin City,South South,Occasional
CUST01267,Customer 1267,2348026626225,M,36-45,Kaduna,North West,Regular
CUST01268,Customer 1268,2348078383817,Male,46-60,Lagos,South West,Premium
CUST01269,Customer 1269,2348074571409,Male,18-25,Port Harcourt,South South,Occasional
CUST01270,Customer 1270,2348093811592, f ,60+,Port Harcourt,South South,Premium
CUST01271,Customer 1271,2348026014338,FEMALE,Unknown,Kano,North West,Regular
CUST01272,Customer 1272,2348038280267,Male,60+,Port Harcourt,South South,Premium
CUST01273,Customer 1273,2348061584417,Male,Unknown,Abuja,North Central,Business
CUST01274,Customer 1274,2348077874999,Male,60+,Benin City,South South,Premium
CUST01275, Customer 1275 ,2348077758923,Male,Unknown,Ibadan,South West,Regular
CUST01276,Customer 1276,2348056094247,female,46-60,Port Harcourt,South South,Business
CUST01277,Customer 1277,2348094389118,M,60+,Port Harcourt,South South,Regular
CUST01278,Customer 1278,2348024570193,Female,26-35,Kano,North West,Occasional
CUST01279,Customer 1279,2348021625018,Unknown,36-45,Enugu,South East,Regular
CUST01280,Customer 1280,2348061869101,Male,26-35,Port Harcourt,South South,Premium
CUST01281,Customer 1281,2348043941063,Female,Unknown,Enugu,South East,Occasional
CUST01282,Customer 1282,2348087380181,Male,36-45,Benin City,South South,Business
CUST01283,Customer 1283,2348095664957,Male,36-45,Abuja,North Central,Regular
CUST01284,Customer 1284,2348068631556,Female,18-25,Abuja,North Central,Occasional
CUST01285,Customer 1285,2348091439429,F,26-35,Kaduna,North West,Unknown
CUST01286,Customer 1286,2348054732710,Female,46-60,Lagos,South West,Regular
CUST01287,Customer 1287,2348030146428,Male,18-25,Enugu,South East,Regular
CUST01288,Customer 1288,2348052225294,Female,18-25,Port Harcourt,South South,premium 
CUST01289,Customer 1289,2348023912004,male,26-35,Enugu,South East,Premium
CUST01290,Customer 1290,2348074048681,Female,18-25,Lagos,South West,Premium
CUST01291,Customer 1291,2348010857782,male,18-25,Kaduna,North West,Business
CUST01292,Customer 1292,2348092245929,Female,Unknown,Kano,North West,Regular
CUST01293,Customer 1293,2348040683038,F,Unknown,Ibadan,South West,Premium
CUST01294,Customer 1294,2348095575241,F,60+,Kaduna,North West,Occasional
CUST01295,Customer 1295,2348012112248,F,18-25,Port Harcourt,South South,Premium
CUST01296,Customer 1296,2348089240832,male,Unknown,Ibadan,South West,Business
CUST01297,Customer 1297,2348046666025,Unknown,18-25,Lagos,South West,Business
CUST01298,Customer 1298,2348084814220,Unknown,26-35,Port Harcourt,South South,Premium
CUST01299,Customer 1299,2348045820097,M,Unknown,Benin City,South South,Regular
CUST01300, Customer 1300 ,2348049354717,Unknown,26-35,Lagos,South West,Regular
CUST01301,Customer 1301,2348010533847,Male,60+,Ibadan,South West,Premium
CUST01302,Customer 1302,2348076582590,M,26-35,Benin City,South South,Regular
CUST01303,Customer 1303,2348081928875,Male,Unknown,Ibadan,South West,Business
CUST01304,Customer 1304,2348080621462,male,26-35,Lagos,South West,Premium
CUST01305,Customer 1305,2348089552723,Female,36-45,Enugu,South East,Regular
CUST01306,Customer 1306,2348081507469,Female,26-35,Kaduna,North West,Regular
CUST01307,Customer 1307,2348045099105,Female,18-25,Kano,North West,Regular
CUST01308,Customer 1308,2348017178072,Male,60+,Abuja,North Central,premium 
CUST01309,Customer 1309,2348039274433,Unknown,26-35,Ibadan,South West,REGULAR
CUST01310,Customer 1310,2348042150614,Unknown,18-25,Benin City,South South,Premium
CUST01311,Customer 1311,2348084271622,FEMALE,46-60,Abuja,North Central,Business
CUST01312,Customer 1312,2348074398103,Unknown,36-45,Ibadan,South West,Premium
CUST01313,Customer 1313,2348070276748,Unknown,18-25,Kano,North West,Premium
CUST01314,Customer 1314,2348028641760,Female,36-45,Benin City,South South,Regular
CUST01315,Customer 1315,2348060803772, f ,46-60,Ibadan,South West,Regular
CUST01316,Customer 1316,2348065757127,Female,36-45,Kano,North West,REGULAR
CUST01317,Customer 1317,2348083777850,Male,Unknown,Ibadan,South West,Regular
CUST01318,Customer 1318,2348063051018,Female,46-60,Abuja,North Central,Business
CUST01319,Customer 1319,2348076885044,Male,18-25,Ibadan,South West,Regular
CUST01320,Customer 1320,2348088154869,Female,36-45,Benin City,South South,Regular
CUST01321,Customer 1321,2348072469327,male,46-60,Benin City,South South,Regular
CUST01322,Customer 1322,2348094543440,Male,60+,Abuja,North Central,Regular
CUST01323,Customer 1323,2348098420543,Male,Unknown,Enugu,South East,Occasional
CUST01324,Customer 1324,2348094395692,Unknown,36-45,Benin City,South South,Occasional
CUST01325, Customer 1325 ,2348099379251,Female,60+,Kaduna,North West,Occasional
CUST01326,Customer 1326,2348068950353,male,36-45,Benin City,South South,Regular
CUST01327,Customer 1327,2348054155101,Female,26-35,Lagos,South West,Occasional
CUST01328,Customer 1328,2348045495826,Unknown,46-60,Port Harcourt,South South,Premium
CUST01329,Customer 1329,2348085211805,Male,46-60,Benin City,South South,Regular
CUST01330,Customer 1330,2348053968018,Male,60+,Kano,North West,Regular
CUST01331,Customer 1331,2348066582141,Male,Unknown,Benin City,South South,Regular
CUST01332,Customer 1332,2348072971205,Female,46-60,Enugu,South East,Premium
CUST01333,Customer 1333,2348032073128,male,18-25,Lagos,South West,Occasional
CUST01334,Customer 1334,2348043261476,Male,18-25,Kano,North West,Business
CUST01335,Customer 1335,2348098379443,female,Unknown,Port Harcourt,South South,Unknown
CUST01336,Customer 1336,2348075571257, f ,26-35,Kaduna,North West,Premium
CUST01337,Customer 1337,2348079646537,Male,36-45,Lagos,South West,Business
CUST01338,Customer 1338,2348072628724, m ,Unknown,Kaduna,North West,Regular
CUST01339,Customer 1339,2348098248984,Unknown,36-45,Kaduna,North West,REGULAR
CUST01340,Customer 1340,2348066523919,Male,26-35,Benin City,South South,Regular
CUST01341,Customer 1341,2348027578910,Male,60+,Kano,North West,premium 
CUST01342,Customer 1342,2348024393769,Female,Unknown,Lagos,South West,Regular
CUST01343,Customer 1343,2348063797680,Female,18-25,Kaduna,North West,Premium
CUST01344,Customer 1344,2348070509807,Female,18-25,Ibadan,South West,Regular
CUST01345,Customer 1345,2348072435727,Unknown,36-45,Enugu,South East,Premium
CUST01346,Customer 1346,2348044167706,Unknown,26-35,Kaduna,North West,Regular
CUST01347,Customer 1347,2348041419037,Male,18-25,Kaduna,North West,Regular
CUST01348,Customer 1348,2348084668508,Male,26-35,Port Harcourt,South South,Occasional
CUST01349,Customer 1349,2348025662084,Male,26-35,Kano,North West,Premium
CUST01350, Customer 1350 ,2348017894026,Unknown,26-35,Ibadan,South West,Occasional
CUST01351,Customer 1351,2348041988507,Unknown,26-35,Port Harcourt,South South,premium 
CUST01352,Customer 1352,2348040990253,Unknown,36-45,Lagos,South West,Occasional
CUST01353,Customer 1353,2348093597159,Female,26-35,Kaduna,North West,Regular
CUST01354,Customer 1354,2348082241386,Female,60+,Kaduna,North West,Premium
CUST01355,Customer 1355,2348061685145,Unknown,60+,Enugu,South East,Regular
CUST01356,Customer 1356,2348013838211,Unknown,36-45,Benin City,South South,Premium
CUST01357,Customer 1357,2348082168168,Unknown,Unknown,Benin City,South South,Regular
CUST01358,Customer 1358,2348067372983,Unknown,46-60,Lagos,South West,Business
CUST01359,Customer 1359,2348079988736,F,46-60,Enugu,South East,premium 
CUST01360,Customer 1360,2348063387802,M,60+,Lagos,South West,Occasional
CUST01361,Customer 1361,2348044478662,Unknown,18-25,Kaduna,North West,Regular
CUST01362,Customer 1362,2348071954905,Male,60+,Port Harcourt,South South,Occasional
CUST01363,Customer 1363,2348087382225,Male,26-35,Port Harcourt,South South,Premium
CUST01364,Customer 1364,2348050697023, m ,Unknown,Lagos,South West,Regular
CUST01365,Customer 1365,2348024739375,Male,36-45,Kano,North West,Regular
CUST01366,Customer 1366,2348046687483,Male,36-45,Lagos,South West,REGULAR
CUST01367,Customer 1367,2348067686899,Female,46-60,Benin City,South South,Premium
CUST01368,Customer 1368,2348031216852,female,36-45,Enugu,South East,Occasional
CUST01369,Customer 1369,2348075657682,F,Unknown,Kano,North West,REGULAR
CUST01370,Customer 1370,2348065400685,Male,36-45,Benin City,South South,Premium
CUST01371,Customer 1371,2348038860633,Male,Unknown,Port Harcourt,South South,Occasional
CUST01372,Customer 1372,2348062967365,Male,26-35,Abuja,North Central,Regular
CUST01373,Customer 1373,2348053603997,Male,Unknown,Abuja,North Central,Regular
CUST01374,Customer 1374,2348080888842,Female,36-45,Kano,North West,Regular
CUST01375, Customer 1375 ,2348046821821,Male,46-60,Port Harcourt,South South,Occasional
CUST01376,Customer 1376,2348044077378,Female,46-60,Kano,North West,Regular
CUST01377,Customer 1377,2348077509180,Male,26-35,Ibadan,South West,Regular
CUST01378,Customer 1378,2348030500318,Female,18-25,Ibadan,South West,Occasional
CUST01379,Customer 1379,2348052754781, f ,Unknown,Benin City,South South,Occasional
CUST01380,Customer 1380,2348082191546, f ,26-35,Kaduna,North West,Regular
CUST01381,Customer 1381,2348052455256,M,46-60,Enugu,South East,Occasional
CUST01382,Customer 1382,2348039748211,female,46-60,Enugu,South East,REGULAR
CUST01383,Customer 1383,2348077105607,male,18-25,Lagos,South West,Occasional
CUST01384,Customer 1384,2348039244692,Female,36-45,Benin City,South South,Regular
CUST01385,Customer 1385,2348076948647,Male,Unknown,Abuja,North Central,Premium
CUST01386,Customer 1386,2348072376778,Female,Unknown,Kano,North West,Occasional
CUST01387,Customer 1387,2348078576130,M,Unknown,Ibadan,South West,Occasional
CUST01388,Customer 1388,2348059634809,FEMALE,Unknown,Ibadan,South West,Regular
CUST01389,Customer 1389,2348068343018,M,60+,Kaduna,North West,Regular
CUST01390,Customer 1390,2348073224751,Unknown,26-35,Port Harcourt,South South,Business
CUST01391,Customer 1391,2348069448793,MALE,26-35,Benin City,South South,Regular
CUST01392,Customer 1392,2348084663181,female,18-25,Kano,North West,premium 
CUST01393,Customer 1393,2348028271339,Female,18-25,Kano,North West,Unknown
CUST01394,Customer 1394,2348016024734,Male,36-45,Benin City,South South,Unknown
CUST01395,Customer 1395,2348090514387,F,36-45,Benin City,South South,REGULAR
CUST01396,Customer 1396,2348067965225,Unknown,46-60,Ibadan,South West,Regular
CUST01397,Customer 1397,2348096510092,F,26-35,Benin City,South South,Premium
CUST01398,Customer 1398,2348014103715,Male,60+,Port Harcourt,South South,Occasional
CUST01399,Customer 1399,2348047827870,Male,26-35,Abuja,North Central,Regular
CUST01400, Customer 1400 ,2348050098321,Unknown,26-35,Kaduna,North West,Business
CUST01401,Customer 1401,2348089022885,M,26-35,Abuja,North Central,Business
CUST01402,Customer 1402,2348086523408,Female,Unknown,Benin City,South South,Premium
CUST01403,Customer 1403,2348056200148,Female,26-35,Enugu,South East,Regular
CUST01404,Customer 1404,2348038146221,Female,60+,Abuja,North Central,Regular
CUST01405,Customer 1405,2348039352650,F,60+,Lagos,South West,Premium
CUST01406,Customer 1406,2348017539612,Female,46-60,Port Harcourt,South South,Regular
CUST01407,Customer 1407,2348030113609,FEMALE,60+,Lagos,South West,Regular
CUST01408,Customer 1408,2348013834316,Male,Unknown,Lagos,South West,Occasional
CUST01409,Customer 1409,2348053574768,Female,18-25,Kaduna,North West,Unknown
CUST01410,Customer 1410,2348080703280,Male,26-35,Benin City,South South,Premium
CUST01411,Customer 1411,2348029906902,F,18-25,Kaduna,North West,premium 
CUST01412,Customer 1412,2348066842361,Male,26-35,Kaduna,North West,Occasional
CUST01413,Customer 1413,2348035431547,M,46-60,Abuja,North Central,Occasional
CUST01414,Customer 1414,2348023979017,female,18-25,Kano,North West,Regular
CUST01415,Customer 1415,2348098228822,male,26-35,Lagos,South West,Occasional
CUST01416,Customer 1416,2348017779832,Unknown,60+,Ibadan,South West,Premium
CUST01417,Customer 1417,2348032988664,M,Unknown,Lagos,South West,Regular
CUST01418,Customer 1418,2348044075232,Male,60+,Enugu,South East,Regular
CUST01419,Customer 1419,2348012028959,Male,36-45,Lagos,South West,Regular
CUST01420,Customer 1420,2348032529338,Female,18-25,Lagos,South West,Premium
CUST01421,Customer 1421,2348042162850,M,46-60,Lagos,South West,premium 
CUST01422,Customer 1422,2348080785716,Unknown,Unknown,Benin City,South South,Premium
CUST01423,Customer 1423,2348091176666,Unknown,36-45,Kano,North West,Unknown
CUST01424,Customer 1424,2348041591022,Female,46-60,Lagos,South West,Unknown
CUST01425, Customer 1425 ,2348038639250,Male,46-60,Benin City,South South,Premium
CUST01426,Customer 1426,2348028865162,Male,Unknown,Lagos,South West,Occasional
CUST01427,Customer 1427,2348021937006,Male,18-25,Ibadan,South West,Premium
CUST01428,Customer 1428,2348015699592,Female,Unknown,Kano,North West,REGULAR
CUST01429,Customer 1429,2348069404166,M,36-45,Enugu,South East,Occasional
CUST01430,Customer 1430,2348013633692,male,60+,Enugu,South East,Occasional
CUST01431,Customer 1431,2348012473146,F,36-45,Kano,North West,Unknown
CUST01432,Customer 1432,2348023144620,F,36-45,Ibadan,South West,Regular
CUST01433,Customer 1433,2348069546870,Female,26-35,Kano,North West,Occasional
CUST01434,Customer 1434,2348093455371,Male,18-25,Abuja,North Central,Regular
CUST01435,Customer 1435,2348071449641,male,26-35,Port Harcourt,South South,REGULAR
CUST01436,Customer 1436,2348018747202,male,60+,Benin City,South South,Business
CUST01437,Customer 1437,2348032513767,Unknown,Unknown,Port Harcourt,South South,Unknown
CUST01438,Customer 1438,2348034527446,Male,Unknown,Abuja,North Central,premium 
CUST01439,Customer 1439,2348071439960,Female,60+,Kano,North West,Regular
CUST01440,Customer 1440,2348099061132,male,18-25,Kano,North West,Regular
CUST01441,Customer 1441,2348045357845,Male,60+,Lagos,South West,Occasional
CUST01442,Customer 1442,2348082856978,Unknown,60+,Benin City,South South,Regular
CUST01443,Customer 1443,2348074796568,male,36-45,Enugu,South East,Business
CUST01444,Customer 1444,2348094127175, m ,Unknown,Enugu,South East,premium 
CUST01445,Customer 1445,2348043073449,Male,Unknown,Abuja,North Central,Regular
CUST01446,Customer 1446,2348086540411, f ,18-25,Kaduna,North West,Occasional
CUST01447,Customer 1447,2348092292162,Female,26-35,Port Harcourt,South South,Premium
CUST01448,Customer 1448,2348097478773,Female,60+,Kaduna,North West,Regular
CUST01449,Customer 1449,2348061283847,Female,Unknown,Abuja,North Central,Regular
CUST01450, Customer 1450 ,2348028386640,F,18-25,Kaduna,North West,Business
CUST01451,Customer 1451,2348010020783,Unknown,36-45,Benin City,South South,Occasional
CUST01452,Customer 1452,2348096081016,M,18-25,Kaduna,North West,Occasional
CUST01453,Customer 1453,2348057754340,MALE,60+,Enugu,South East,Regular
CUST01454,Customer 1454,2348019711899,Unknown,36-45,Lagos,South West,Unknown
CUST01455,Customer 1455,2348053246619,Unknown,26-35,Port Harcourt,South South,Premium
CUST01456,Customer 1456,2348036738000,Male,18-25,Lagos,South West,Premium
CUST01457,Customer 1457,2348063184260,male,60+,Kaduna,North West,Occasional
CUST01458,Customer 1458,2348056541743,Unknown,18-25,Enugu,South East,Occasional
CUST01459,Customer 1459,2348044990643,Male,Unknown,Abuja,North Central,Regular
CUST01460,Customer 1460,2348057210656,Female,Unknown,Kaduna,North West,Unknown
CUST01461,Customer 1461,2348051127940,FEMALE,Unknown,Port Harcourt,South South,Regular
CUST01462,Customer 1462,2348031978082, f ,18-25,Benin City,South South,REGULAR
CUST01463,Customer 1463,2348064969690,Female,60+,Benin City,South South,Premium
CUST01464,Customer 1464,2348060132001,Unknown,Unknown,Lagos,South West,Regular
CUST01465,Customer 1465,2348034533235, f ,26-35,Kano,North West,REGULAR
CUST01466,Customer 1466,2348043367946,FEMALE,36-45,Abuja,North Central,Unknown
CUST01467,Customer 1467,2348073478775,Unknown,60+,Enugu,South East,Occasional
CUST01468,Customer 1468,2348087008583,Female,Unknown,Ibadan,South West,Regular
CUST01469,Customer 1469,2348068194091,Female,46-60,Kano,North West,Premium
CUST01470,Customer 1470,2348040876595,F,Unknown,Ibadan,South West,Premium
CUST01471,Customer 1471,2348077414292,Male,60+,Ibadan,South West,Regular
CUST01472,Customer 1472,2348062790345,Female,Unknown,Kano,North West,premium 
CUST01473,Customer 1473,2348029816555,Unknown,26-35,Enugu,South East,Regular
CUST01474,Customer 1474,2348055207466, m ,36-45,Kano,North West,Regular
CUST01475, Customer 1475 ,2348041472900,MALE,60+,Port Harcourt,South South,Regular
CUST01476,Customer 1476,2348068731258,male,Unknown,Ibadan,South West,REGULAR
CUST01477,Customer 1477,2348079342494,Female,46-60,Ibadan,South West,Premium
CUST01478,Customer 1478,2348065213018,female,46-60,Ibadan,South West,Regular
CUST01479,Customer 1479,2348013729261,female,36-45,Ibadan,South West,Premium
CUST01480,Customer 1480,2348066561893,Female,Unknown,Ibadan,South West,premium 
CUST01481,Customer 1481,2348013995156,male,26-35,Kaduna,North West,Occasional
CUST01482,Customer 1482,2348045826515, f ,18-25,Ibadan,South West,Unknown
CUST01483,Customer 1483,2348050409655,Unknown,26-35,Abuja,North Central,REGULAR
CUST01484,Customer 1484,2348016284611, m ,36-45,Ibadan,South West,Regular
CUST01485,Customer 1485,2348052034921,Male,46-60,Benin City,South South,Premium
CUST01486,Customer 1486,2348078113012,MALE,36-45,Enugu,South East,Occasional
CUST01487,Customer 1487,2348025510238,Male,46-60,Kano,North West,Unknown
CUST01488,Customer 1488,2348089936716,Male,26-35,Ibadan,South West,Business
CUST01489,Customer 1489,2348095266830,Male,26-35,Lagos,South West,Regular
CUST01490,Customer 1490,2348099054413,Female,36-45,Port Harcourt,South South,Occasional
CUST01491,Customer 1491,2348028276957,Unknown,Unknown,Benin City,South South,Premium
CUST01492,Customer 1492,2348080694468,F,36-45,Enugu,South East,Premium
CUST01493,Customer 1493,2348076779740,F,60+,Benin City,South South,Regular
CUST01494,Customer 1494,2348066711528,Unknown,26-35,Enugu,South East,Occasional
CUST01495,Customer 1495,2348089553247,Female,Unknown,Kaduna,North West,Premium
CUST01496,Customer 1496,2348069451263,Male,26-35,Benin City,South South,Unknown
CUST01497,Customer 1497,2348072196482,Female,36-45,Benin City,South South,Unknown
CUST01498,Customer 1498,2348036487469,male,26-35,Kano,North West,Premium
CUST01499,Customer 1499,2348041745297,Female,36-45,Kaduna,North West,Regular
CUST01500, Customer 1500 ,2348089180190,Female,26-35,Ibadan,South West,premium 
CUST01501,Customer 1501,2348088567106,Male,26-35,Kaduna,North West,Premium
CUST01502,Customer 1502,2348019013869,Male,46-60,Enugu,South East,Regular
CUST01503,Customer 1503,2348083246309,Male,26-35,Lagos,South West,Business
CUST01504,Customer 1504,2348098263187,MALE,60+,Lagos,South West,Regular
CUST01505,Customer 1505,2348028067421,M,60+,Kano,North West,Occasional
CUST01506,Customer 1506,2348071415920,Female,60+,Ibadan,South West,Regular
CUST01507,Customer 1507,2348078499489,Male,18-25,Kaduna,North West,REGULAR
CUST01508,Customer 1508,2348027896691,Unknown,46-60,Lagos,South West,premium 
CUST01509,Customer 1509,2348041097410,Unknown,46-60,Ibadan,South West,Regular
CUST01510,Customer 1510,2348053269760,Male,26-35,Enugu,South East,Premium
CUST01511,Customer 1511,2348090508077,Female,60+,Abuja,North Central,Business
CUST01512,Customer 1512,2348080205671,female,26-35,Enugu,South East,premium 
CUST01513,Customer 1513,2348010671442,Female,Unknown,Port Harcourt,South South,Occasional
CUST01514,Customer 1514,2348086421456,Male,18-25,Ibadan,South West,Premium
CUST01515,Customer 1515,2348055301131,Unknown,60+,Abuja,North Central,Regular
CUST01516,Customer 1516,2348049150844, f ,36-45,Kano,North West,Premium
CUST01517,Customer 1517,2348098980115,Unknown,36-45,Benin City,South South,REGULAR
CUST01518,Customer 1518,2348083442230,Male,26-35,Lagos,South West,Business
CUST01519,Customer 1519,2348075035600,Male,18-25,Enugu,South East,Occasional
CUST01520,Customer 1520,2348041537834,Unknown,46-60,Enugu,South East,Business
CUST01521,Customer 1521,2348087727724,Unknown,18-25,Kaduna,North West,Business
CUST01522,Customer 1522,2348072864724,Male,18-25,Kaduna,North West,Occasional
CUST01523,Customer 1523,2348044161755,Male,26-35,Lagos,South West,Regular
CUST01524,Customer 1524,2348013437833,Male,36-45,Lagos,South West,Occasional
CUST01525, Customer 1525 ,2348047125891,Male,60+,Ibadan,South West,Regular
CUST01526,Customer 1526,2348080064956,MALE,26-35,Kaduna,North West,Occasional
CUST01527,Customer 1527,2348030882113,Female,60+,Abuja,North Central,Premium
CUST01528,Customer 1528,2348096238698,Unknown,Unknown,Ibadan,South West,Premium
CUST01529,Customer 1529,2348087392579,Female,60+,Benin City,South South,Regular
CUST01530,Customer 1530,2348047737893,F,26-35,Ibadan,South West,Premium
CUST01531,Customer 1531,2348052780258,Male,60+,Benin City,South South,premium 
CUST01532,Customer 1532,2348088603018,Female,36-45,Abuja,North Central,premium 
CUST01533,Customer 1533,2348081855928,Female,46-60,Kaduna,North West,Regular
CUST01534,Customer 1534,2348051937447,Female,26-35,Lagos,South West,premium 
CUST01535,Customer 1535,2348072388869, m ,60+,Port Harcourt,South South,Premium
CUST01536,Customer 1536,2348049225326,Unknown,36-45,Abuja,North Central,Occasional
CUST01537,Customer 1537,2348059912713,Male,18-25,Enugu,South East,premium 
CUST01538,Customer 1538,2348055390250,M,26-35,Abuja,North Central,Regular
CUST01539,Customer 1539,2348042522839,Male,18-25,Port Harcourt,South South,Unknown
CUST01540,Customer 1540,2348026617557,Male,Unknown,Kano,North West,Premium
CUST01541,Customer 1541,2348095119148,Unknown,36-45,Abuja,North Central,Business
CUST01542,Customer 1542,2348082747816, m ,60+,Kaduna,North West,Regular
CUST01543,Customer 1543,2348056693634,Female,18-25,Kano,North West,Unknown
CUST01544,Customer 1544,2348049124816,Unknown,36-45,Benin City,South South,Regular
CUST01545,Customer 1545,2348021315842,Unknown,18-25,Kano,North West,Regular
CUST01546,Customer 1546,2348043617581,Male,46-60,Kano,North West,Regular
CUST01547,Customer 1547,2348088720586,M,26-35,Benin City,South South,Premium
CUST01548,Customer 1548,2348067868564,Female,46-60,Port Harcourt,South South,Business
CUST01549,Customer 1549,2348070921227,Unknown,36-45,Kano,North West,Occasional
CUST01550, Customer 1550 ,2348082512355,Male,36-45,Kaduna,North West,Premium
CUST01551,Customer 1551,2348028317681,Female,46-60,Benin City,South South,Premium
CUST01552,Customer 1552,2348024008493,M,46-60,Ibadan,South West,REGULAR
CUST01553,Customer 1553,2348014090161,MALE,46-60,Lagos,South West,Occasional
CUST01554,Customer 1554,2348037784728,MALE,18-25,Benin City,South South,Regular
CUST01555,Customer 1555,2348053563870, m ,46-60,Enugu,South East,Occasional
CUST01556,Customer 1556,2348019888551,Female,26-35,Enugu,South East,Regular
CUST01557,Customer 1557,2348065414923,F,46-60,Kano,North West,Regular
CUST01558,Customer 1558,2348085576354,M,Unknown,Lagos,South West,Regular
CUST01559,Customer 1559,2348048718015,FEMALE,26-35,Abuja,North Central,Occasional
CUST01560,Customer 1560,2348043632344,female,36-45,Lagos,South West,Occasional
CUST01561,Customer 1561,2348064160963,Female,18-25,Ibadan,South West,premium 
CUST01562,Customer 1562,2348060879909,Female,Unknown,Lagos,South West,Occasional
CUST01563,Customer 1563,2348043242566,Female,60+,Lagos,South West,Regular
CUST01564,Customer 1564,2348011989304,M,Unknown,Abuja,North Central,Regular
CUST01565,Customer 1565,2348012168387, f ,Unknown,Port Harcourt,South South,Unknown
CUST01566,Customer 1566,2348021753170,Female,36-45,Benin City,South South,Regular
CUST01567,Customer 1567,2348085349918,Female,26-35,Lagos,South West,Business
CUST01568,Customer 1568,2348029922365,Female,18-25,Kaduna,North West,Regular
CUST01569,Customer 1569,2348041027392,F,60+,Ibadan,South West,Occasional
CUST01570,Customer 1570,2348036036644,Unknown,26-35,Ibadan,South West,Business
CUST01571,Customer 1571,2348093927662,Male,26-35,Port Harcourt,South South,premium 
CUST01572,Customer 1572,2348064492158,Male,60+,Ibadan,South West,Premium
CUST01573,Customer 1573,2348021405211,Unknown,Unknown,Benin City,South South,Premium
CUST01574,Customer 1574,2348072510942,Female,36-45,Abuja,North Central,Premium
CUST01575, Customer 1575 ,2348024933362,Unknown,46-60,Kano,North West,Occasional
CUST01576,Customer 1576,2348088707790,Male,18-25,Abuja,North Central,Regular
CUST01577,Customer 1577,2348013522529,Unknown,26-35,Abuja,North Central,Unknown
CUST01578,Customer 1578,2348053092157,Male,60+,Abuja,North Central,REGULAR
CUST01579,Customer 1579,2348078576617,Unknown,26-35,Port Harcourt,South South,Regular
CUST01580,Customer 1580,2348076825428,Unknown,Unknown,Abuja,North Central,Regular
CUST01581,Customer 1581,2348089259153,Unknown,60+,Kaduna,North West,premium 
CUST01582,Customer 1582,2348059546800,Male,36-45,Kano,North West,Premium
CUST01583,Customer 1583,2348034557585,Unknown,26-35,Abuja,North Central,Occasional
CUST01584,Customer 1584,2348089939155,Unknown,Unknown,Benin City,South South,Occasional
CUST01585,Customer 1585,2348091982750,M,60+,Lagos,South West,Occasional
CUST01586,Customer 1586,2348060792290,Female,46-60,Enugu,South East,Occasional
CUST01587,Customer 1587,2348011429307,Male,Unknown,Enugu,South East,Premium
CUST01588,Customer 1588,2348066239562,Male,46-60,Abuja,North Central,Unknown
CUST01589,Customer 1589,2348091577735,Male,36-45,Port Harcourt,South South,Unknown
CUST01590,Customer 1590,2348099650205,Male,46-60,Benin City,South South,Business
CUST01591,Customer 1591,2348023281386,Female,18-25,Benin City,South South,Regular
CUST01592,Customer 1592,2348064928145,Male,46-60,Lagos,South West,Regular
CUST01593,Customer 1593,2348039647124,Female,36-45,Lagos,South West,Regular
CUST01594,Customer 1594,2348026239906,Female,46-60,Abuja,North Central,Premium
CUST01595,Customer 1595,2348018883899, m ,46-60,Kaduna,North West,Regular
CUST01596,Customer 1596,2348071455133,Male,Unknown,Port Harcourt,South South,Business
CUST01597,Customer 1597,2348042062116,MALE,26-35,Kaduna,North West,Occasional
CUST01598,Customer 1598,2348062279156, f ,18-25,Lagos,South West,Regular
CUST01599,Customer 1599,2348074099578, f ,Unknown,Benin City,South South,Regular
CUST01600, Customer 1600 ,2348016215455,Female,26-35,Enugu,South East,Premium
CUST01601,Customer 1601,2348047454979, m ,60+,Port Harcourt,South South,premium 
CUST01602,Customer 1602,2348076806089,M,26-35,Lagos,South West,Occasional
CUST01603,Customer 1603,2348070997849,Female,46-60,Ibadan,South West,REGULAR
CUST01604,Customer 1604,2348051730508,F,18-25,Kano,North West,Premium
CUST01605,Customer 1605,2348053352152,female,60+,Benin City,South South,Business
CUST01606,Customer 1606,2348020619263,Female,Unknown,Benin City,South South,Regular
CUST01607,Customer 1607,2348056266720,Unknown,46-60,Kaduna,North West,Occasional
CUST01608,Customer 1608,2348063590410,Unknown,Unknown,Enugu,South East,Business
CUST01609,Customer 1609,2348069751845,Unknown,60+,Port Harcourt,South South,Occasional
CUST01610,Customer 1610,2348073399399,MALE,Unknown,Abuja,North Central,Business
CUST01611,Customer 1611,2348044267352,Female,36-45,Port Harcourt,South South,Premium
CUST01612,Customer 1612,2348046920445,Male,26-35,Kaduna,North West,Premium
CUST01613,Customer 1613,2348069080472,Male,36-45,Benin City,South South,Premium
CUST01614,Customer 1614,2348023668214,F,36-45,Kano,North West,Regular
CUST01615,Customer 1615,2348063230859,F,46-60,Ibadan,South West,Unknown
CUST01616,Customer 1616,2348077494345,Female,Unknown,Abuja,North Central,Regular
CUST01617,Customer 1617,2348073303406,male,60+,Kano,North West,Regular
CUST01618,Customer 1618,2348014379710,Female,Unknown,Kano,North West,Premium
CUST01619,Customer 1619,2348025765864,Male,26-35,Ibadan,South West,Occasional
CUST01620,Customer 1620,2348033324637,F,46-60,Kaduna,North West,Business
CUST01621,Customer 1621,2348055782817, m ,18-25,Abuja,North Central,Premium
CUST01622,Customer 1622,2348025693006,Unknown,18-25,Benin City,South South,Occasional
CUST01623,Customer 1623,2348049894011,Male,Unknown,Ibadan,South West,Regular
CUST01624,Customer 1624,2348082045097,FEMALE,18-25,Port Harcourt,South South,REGULAR
CUST01625, Customer 1625 ,2348090295212,F,46-60,Ibadan,South West,Business
CUST01626,Customer 1626,2348019015666,F,60+,Kano,North West,Regular
CUST01627,Customer 1627,2348053134896,Male,46-60,Kano,North West,Premium
CUST01628,Customer 1628,2348015746300,Unknown,Unknown,Enugu,South East,REGULAR
CUST01629,Customer 1629,2348068552615,Female,46-60,Abuja,North Central,REGULAR
CUST01630,Customer 1630,2348046852656,F,Unknown,Port Harcourt,South South,Regular
CUST01631,Customer 1631,2348040016971,MALE,18-25,Enugu,South East,Regular
CUST01632,Customer 1632,2348057439818,Unknown,Unknown,Benin City,South South,Business
CUST01633,Customer 1633,2348080196480,Female,Unknown,Lagos,South West,Premium
CUST01634,Customer 1634,2348087843164,Female,18-25,Benin City,South South,Regular
CUST01635,Customer 1635,2348098475321,Unknown,26-35,Port Harcourt,South South,Regular
CUST01636,Customer 1636,2348013630442,Male,36-45,Kano,North West,Occasional
CUST01637,Customer 1637,2348031382349,Male,18-25,Benin City,South South,Regular
CUST01638,Customer 1638,2348083107300,female,Unknown,Ibadan,South West,Regular
CUST01639,Customer 1639,2348034129706,Male,46-60,Benin City,South South,Regular
CUST01640,Customer 1640,2348059242598,Male,60+,Kaduna,North West,Unknown
CUST01641,Customer 1641,2348040122147, m ,26-35,Lagos,South West,Premium
CUST01642,Customer 1642,2348014318639, m ,Unknown,Kaduna,North West,Regular
CUST01643,Customer 1643,2348028942071,Unknown,Unknown,Abuja,North Central,REGULAR
CUST01644,Customer 1644,2348018157609,F,36-45,Port Harcourt,South South,Regular
CUST01645,Customer 1645,2348023622744,Male,36-45,Benin City,South South,Business
CUST01646,Customer 1646,2348018306570,Female,26-35,Kaduna,North West,Premium
CUST01647,Customer 1647,2348057022615,Male,36-45,Lagos,South West,Premium
CUST01648,Customer 1648,2348068558608,Female,36-45,Benin City,South South,Premium
CUST01649,Customer 1649,2348075146323,Female,46-60,Kaduna,North West,Occasional
CUST01650, Customer 1650 ,2348026057996,Male,46-60,Enugu,South East,Regular
CUST01651,Customer 1651,2348033792209,Female,36-45,Port Harcourt,South South,Premium
CUST01652,Customer 1652,2348074601581,Male,36-45,Benin City,South South,Premium
CUST01653,Customer 1653,2348012227930,Male,18-25,Kaduna,North West,Occasional
CUST01654,Customer 1654,2348056013168,Female,26-35,Ibadan,South West,REGULAR
CUST01655,Customer 1655,2348018150952,Unknown,Unknown,Kaduna,North West,Premium
CUST01656,Customer 1656,2348010372689,FEMALE,18-25,Ibadan,South West,Regular
CUST01657,Customer 1657,2348042857905,Male,46-60,Port Harcourt,South South,Occasional
CUST01658,Customer 1658,2348060322613,Unknown,18-25,Port Harcourt,South South,Regular
CUST01659,Customer 1659,2348075278446,male,36-45,Benin City,South South,Occasional
CUST01660,Customer 1660,2348010351070,female,46-60,Abuja,North Central,Regular
CUST01661,Customer 1661,2348072289908,Male,60+,Port Harcourt,South South,Regular
CUST01662,Customer 1662,2348080260724,Male,18-25,Abuja,North Central,Regular
CUST01663,Customer 1663,2348026871735, m ,18-25,Abuja,North Central,Premium
CUST01664,Customer 1664,2348020211649,Unknown,46-60,Benin City,South South,premium 
CUST01665,Customer 1665,2348037127202, f ,60+,Abuja,North Central,Regular
CUST01666,Customer 1666,2348059282118,Male,60+,Enugu,South East,premium 
CUST01667,Customer 1667,2348037559207,Male,46-60,Kano,North West,Regular
CUST01668,Customer 1668,2348085444003,Female,60+,Kaduna,North West,Regular
CUST01669,Customer 1669,2348026109236,Male,46-60,Ibadan,South West,Regular
CUST01670,Customer 1670,2348064363088,Male,18-25,Kaduna,North West,Premium
CUST01671,Customer 1671,2348068338544,Unknown,Unknown,Kano,North West,Regular
CUST01672,Customer 1672,2348024420836, f ,36-45,Kaduna,North West,Regular
CUST01673,Customer 1673,2348082593356,Male,60+,Enugu,South East,Premium
CUST01674,Customer 1674,2348052676521,Female,26-35,Ibadan,South West,Unknown
CUST01675, Customer 1675 ,2348028852947,Female,46-60,Benin City,South South,premium 
CUST01676,Customer 1676,2348018925054,female,60+,Enugu,South East,Unknown
CUST01677,Customer 1677,2348078239949,Female,18-25,Ibadan,South West,Business
CUST01678,Customer 1678,2348062217791,Male,36-45,Port Harcourt,South South,Regular
CUST01679,Customer 1679,2348059677802,Female,18-25,Port Harcourt,South South,Regular
CUST01680,Customer 1680,2348033812784,M,60+,Enugu,South East,premium 
CUST01681,Customer 1681,2348022575786,Male,26-35,Lagos,South West,Occasional
CUST01682,Customer 1682,2348077203168,Unknown,36-45,Benin City,South South,Unknown
CUST01683,Customer 1683,2348058521018,F,Unknown,Abuja,North Central,Occasional
CUST01684,Customer 1684,2348065065419,female,Unknown,Lagos,South West,Premium
CUST01685,Customer 1685,2348026270029,Unknown,26-35,Ibadan,South West,Regular
CUST01686,Customer 1686,2348010691862,Female,46-60,Ibadan,South West,Regular
CUST01687,Customer 1687,2348076336804,Unknown,36-45,Abuja,North Central,REGULAR
CUST01688,Customer 1688,2348092339922,Unknown,36-45,Ibadan,South West,Regular
CUST01689,Customer 1689,2348035950510,Male,26-35,Lagos,South West,Regular
CUST01690,Customer 1690,2348013412504,Female,60+,Enugu,South East,Unknown
CUST01691,Customer 1691,2348082832168,Female,46-60,Kaduna,North West,premium 
CUST01692,Customer 1692,2348074389213,Female,26-35,Port Harcourt,South South,Unknown
CUST01693,Customer 1693,2348028116260,Female,46-60,Kano,North West,Business
CUST01694,Customer 1694,2348076123884,Female,60+,Abuja,North Central,Regular
CUST01695,Customer 1695,2348013549082, m ,26-35,Lagos,South West,Regular
CUST01696,Customer 1696,2348024379104,Unknown,Unknown,Lagos,South West,Regular
CUST01697,Customer 1697,2348083109045, f ,26-35,Abuja,North Central,Occasional
CUST01698,Customer 1698,2348083558329,Unknown,46-60,Kaduna,North West,Regular
CUST01699,Customer 1699,2348018118920,Male,26-35,Abuja,North Central,Occasional
CUST01700, Customer 1700 ,2348040272427,Male,60+,Kano,North West,Business
CUST01701,Customer 1701,2348076503371,M,18-25,Kaduna,North West,Unknown
CUST01702,Customer 1702,2348095049253,Female,46-60,Abuja,North Central,Regular
CUST01703,Customer 1703,2348025667606,Unknown,46-60,Abuja,North Central,Premium
CUST01704,Customer 1704,2348059972527,Male,26-35,Benin City,South South,Premium
CUST01705,Customer 1705,2348030460647,Female,60+,Lagos,South West,Regular
CUST01706,Customer 1706,2348080675598,Male,46-60,Kaduna,North West,Business
CUST01707,Customer 1707,2348026994351,Unknown,26-35,Ibadan,South West,Regular
CUST01708,Customer 1708,2348097128943,Male,26-35,Enugu,South East,Premium
CUST01709,Customer 1709,2348076533975,Male,46-60,Kano,North West,REGULAR
CUST01710,Customer 1710,2348068871952,Female,26-35,Kaduna,North West,Unknown
CUST01711,Customer 1711,2348048453917,Unknown,60+,Port Harcourt,South South,Business
CUST01712,Customer 1712,2348091677485,Unknown,18-25,Kano,North West,Occasional
CUST01713,Customer 1713,2348031241435,Unknown,60+,Port Harcourt,South South,Premium
CUST01714,Customer 1714,2348098002497,Female,18-25,Lagos,South West,Regular
CUST01715,Customer 1715,2348028295140, m ,18-25,Lagos,South West,Regular
CUST01716,Customer 1716,2348097752666,MALE,18-25,Ibadan,South West,Unknown
CUST01717,Customer 1717,2348044843492,Male,18-25,Enugu,South East,REGULAR
CUST01718,Customer 1718,2348053125462,M,60+,Kano,North West,Premium
CUST01719,Customer 1719,2348025350443,Male,46-60,Kano,North West,Premium
CUST01720,Customer 1720,2348019305002,Male,60+,Enugu,South East,Unknown
CUST01721,Customer 1721,2348013899293,F,26-35,Benin City,South South,Premium
CUST01722,Customer 1722,2348040724006,MALE,36-45,Kano,North West,Business
CUST01723,Customer 1723,2348070482828,Male,Unknown,Ibadan,South West,Premium
CUST01724,Customer 1724,2348077279297,Female,18-25,Kaduna,North West,Occasional
CUST01725, Customer 1725 ,2348025622286,Male,Unknown,Kaduna,North West,Occasional
CUST01726,Customer 1726,2348096335640,F,60+,Lagos,South West,premium 
CUST01727,Customer 1727,2348012886420,female,36-45,Benin City,South South,Regular
CUST01728,Customer 1728,2348020530948, f ,60+,Port Harcourt,South South,Regular
CUST01729,Customer 1729,2348011915807,Unknown,Unknown,Lagos,South West,Regular
CUST01730,Customer 1730,2348081394173, f ,36-45,Kano,North West,Premium
CUST01731,Customer 1731,2348079351860,Male,Unknown,Abuja,North Central,Regular
CUST01732,Customer 1732,2348071990696,Unknown,18-25,Ibadan,South West,Business
CUST01733,Customer 1733,2348075832370,Female,26-35,Ibadan,South West,Occasional
CUST01734,Customer 1734,2348030501265,Unknown,18-25,Port Harcourt,South South,Premium
CUST01735,Customer 1735,2348082329684,Female,18-25,Kaduna,North West,premium 
CUST01736,Customer 1736,2348089029379,Unknown,18-25,Abuja,North Central,Regular
CUST01737,Customer 1737,2348096741592,M,18-25,Lagos,South West,Regular
CUST01738,Customer 1738,2348047845975,Female,26-35,Lagos,South West,Unknown
CUST01739,Customer 1739,2348097323248,Unknown,46-60,Kaduna,North West,Regular
CUST01740,Customer 1740,2348015122804,Unknown,Unknown,Abuja,North Central,Unknown
CUST01741,Customer 1741,2348071285505,M,18-25,Lagos,South West,REGULAR
CUST01742,Customer 1742,2348049800970,Unknown,Unknown,Kano,North West,Business
CUST01743,Customer 1743,2348013251093,Female,60+,Kano,North West,Regular
CUST01744,Customer 1744,2348077845364,Male,26-35,Lagos,South West,premium 
CUST01745,Customer 1745,2348039938525,FEMALE,Unknown,Port Harcourt,South South,premium 
CUST01746,Customer 1746,2348028650482,Male,26-35,Lagos,South West,Regular
CUST01747,Customer 1747,2348026796717,F,Unknown,Abuja,North Central,Business
CUST01748,Customer 1748,2348062973281,Male,60+,Lagos,South West,Premium
CUST01749,Customer 1749,2348069438205,Unknown,46-60,Benin City,South South,Regular
CUST01750, Customer 1750 ,2348028887748,Female,18-25,Enugu,South East,Unknown
CUST01751,Customer 1751,2348087824545,Unknown,18-25,Ibadan,South West,Premium
CUST01752,Customer 1752,2348015593037,F,26-35,Benin City,South South,Business
CUST01753,Customer 1753,2348048361775, m ,18-25,Enugu,South East,Regular
CUST01754,Customer 1754,2348024641674,Male,Unknown,Kaduna,North West,Occasional
CUST01755,Customer 1755,2348034240921,Unknown,18-25,Ibadan,South West,Regular
CUST01756,Customer 1756,2348056249247,Female,Unknown,Enugu,South East,Occasional
CUST01757,Customer 1757,2348011524614,Unknown,18-25,Kano,North West,Regular
CUST01758,Customer 1758,2348025961575,Male,Unknown,Abuja,North Central,Regular
CUST01759,Customer 1759,2348078320132,Female,18-25,Benin City,South South,Regular
CUST01760,Customer 1760,2348053007503,FEMALE,18-25,Ibadan,South West,REGULAR
CUST01761,Customer 1761,2348077234357,Unknown,36-45,Lagos,South West,Premium
CUST01762,Customer 1762,2348022487247,Unknown,18-25,Enugu,South East,Premium
CUST01763,Customer 1763,2348098649756,MALE,60+,Abuja,North Central,Business
CUST01764,Customer 1764,2348062616277,Male,36-45,Kaduna,North West,Regular
CUST01765,Customer 1765,2348070731753,Male,18-25,Port Harcourt,South South,Business
CUST01766,Customer 1766,2348061593133,Female,Unknown,Benin City,South South,Regular
CUST01767,Customer 1767,2348057414363,Male,46-60,Kano,North West,Premium
CUST01768,Customer 1768,2348033676044, f ,60+,Lagos,South West,Business
CUST01769,Customer 1769,2348028396805,Unknown,Unknown,Port Harcourt,South South,Premium
CUST01770,Customer 1770,2348088929967,M,36-45,Ibadan,South West,Regular
CUST01771,Customer 1771,2348056380195,Unknown,60+,Port Harcourt,South South,Regular
CUST01772,Customer 1772,2348033354013,Unknown,Unknown,Ibadan,South West,Premium
CUST01773,Customer 1773,2348024164269, f ,18-25,Kaduna,North West,Unknown
CUST01774,Customer 1774,2348030162436,F,60+,Benin City,South South,Premium
CUST01775, Customer 1775 ,2348051622260,M,18-25,Ibadan,South West,Occasional
CUST01776,Customer 1776,2348069426947,Female,18-25,Ibadan,South West,Occasional
CUST01777,Customer 1777,2348043435348,Male,36-45,Kano,North West,Business
CUST01778,Customer 1778,2348021074998, m ,Unknown,Lagos,South West,Regular
CUST01779,Customer 1779,2348082936435,Male,46-60,Port Harcourt,South South,REGULAR
CUST01780,Customer 1780,2348099645090,Female,Unknown,Port Harcourt,South South,Occasional
CUST01781,Customer 1781,2348032770750,Male,26-35,Abuja,North Central,Premium
CUST01782,Customer 1782,2348049574702,Male,Unknown,Lagos,South West,Unknown
CUST01783,Customer 1783,2348063206923,Male,60+,Lagos,South West,Business
CUST01784,Customer 1784,2348018672201,Male,18-25,Enugu,South East,premium 
CUST01785,Customer 1785,2348018033261,Unknown,26-35,Abuja,North Central,Premium
CUST01786,Customer 1786,2348037935764,Female,18-25,Enugu,South East,Unknown
CUST01787,Customer 1787,2348071000652,male,18-25,Abuja,North Central,Business
CUST01788,Customer 1788,2348032844979,Female,36-45,Lagos,South West,Unknown
CUST01789,Customer 1789,2348013622961,Unknown,Unknown,Kano,North West,Occasional
CUST01790,Customer 1790,2348096566305,female,26-35,Port Harcourt,South South,Occasional
CUST01791,Customer 1791,2348021281812,Unknown,26-35,Ibadan,South West,Regular
CUST01792,Customer 1792,2348076547025,male,Unknown,Abuja,North Central,Business
CUST01793,Customer 1793,2348028555551,F,26-35,Lagos,South West,REGULAR
CUST01794,Customer 1794,2348020637262,Male,26-35,Kaduna,North West,Regular
CUST01795,Customer 1795,2348059138339,female,36-45,Port Harcourt,South South,Occasional
CUST01796,Customer 1796,2348018011896,M,18-25,Kano,North West,Regular
CUST01797,Customer 1797,2348066235689,Female,18-25,Ibadan,South West,Regular
CUST01798,Customer 1798,2348082281396,male,46-60,Lagos,South West,Occasional
CUST01799,Customer 1799,2348025460156,Unknown,46-60,Port Harcourt,South South,Occasional
CUST01800, Customer 1800 ,2348023075273, f ,18-25,Lagos,South West,Premium
CUST01801,Customer 1801,2348058028690,Male,60+,Benin City,South South,Regular
CUST01802,Customer 1802,2348039612760, f ,36-45,Kano,North West,Regular
CUST01803,Customer 1803,2348055330383,Unknown,18-25,Ibadan,South West,Premium
CUST01804,Customer 1804,2348049072154,FEMALE,46-60,Port Harcourt,South South,Regular
CUST01805,Customer 1805,2348033592725,MALE,Unknown,Ibadan,South West,premium 
CUST01806,Customer 1806,2348060776268,Female,26-35,Port Harcourt,South South,Business
CUST01807,Customer 1807,2348026329489,F,26-35,Port Harcourt,South South,Business
CUST01808,Customer 1808,2348062030144,Unknown,60+,Abuja,North Central,Premium
CUST01809,Customer 1809,2348033161059,Unknown,60+,Enugu,South East,Occasional
CUST01810,Customer 1810,2348092802484,Unknown,36-45,Abuja,North Central,Occasional
CUST01811,Customer 1811,2348071861485,Male,Unknown,Enugu,South East,Premium
CUST01812,Customer 1812,2348069115043,Unknown,60+,Abuja,North Central,Regular
CUST01813,Customer 1813,2348046351922,FEMALE,Unknown,Port Harcourt,South South,Regular
CUST01814,Customer 1814,2348015340897, f ,26-35,Kaduna,North West,Regular
CUST01815,Customer 1815,2348072754105,Female,36-45,Enugu,South East,Regular
CUST01816,Customer 1816,2348071033795,Male,26-35,Ibadan,South West,Regular
CUST01817,Customer 1817,2348036733180,male,18-25,Enugu,South East,Regular
CUST01818,Customer 1818,2348049325040,Female,36-45,Kano,North West,premium 
CUST01819,Customer 1819,2348085434486,Male,26-35,Lagos,South West,Unknown
CUST01820,Customer 1820,2348097851551,Female,46-60,Enugu,South East,Occasional
CUST01821,Customer 1821,2348032340982,Female,26-35,Enugu,South East,Occasional
CUST01822,Customer 1822,2348067442421,Unknown,36-45,Ibadan,South West,Business
CUST01823,Customer 1823,2348076195197,Male,36-45,Port Harcourt,South South,Business
CUST01824,Customer 1824,2348095491728,Unknown,26-35,Port Harcourt,South South,premium 
CUST01825, Customer 1825 ,2348029741837,Unknown,Unknown,Kaduna,North West,Premium
CUST01826,Customer 1826,2348081419960,Unknown,36-45,Kaduna,North West,Premium
CUST01827,Customer 1827,2348064753583,Unknown,Unknown,Kano,North West,Business
CUST01828,Customer 1828,2348038688608, f ,36-45,Enugu,South East,Premium
CUST01829,Customer 1829,2348059432505,Female,26-35,Kaduna,North West,Occasional
CUST01830,Customer 1830,2348020069635,female,26-35,Enugu,South East,Regular
CUST01831,Customer 1831,2348050678003,Unknown,36-45,Kaduna,North West,Premium
CUST01832,Customer 1832,2348086292881,Male,46-60,Enugu,South East,Regular
CUST01833,Customer 1833,2348096080733,Female,26-35,Abuja,North Central,premium 
CUST01834,Customer 1834,2348053174338,Male,60+,Port Harcourt,South South,Regular
CUST01835,Customer 1835,2348013256930,Female,26-35,Ibadan,South West,Regular
CUST01836,Customer 1836,2348091017792,Female,46-60,Kano,North West,premium 
CUST01837,Customer 1837,2348016412262,Male,36-45,Enugu,South East,Unknown
CUST01838,Customer 1838,2348097450939,MALE,46-60,Kano,North West,Business
CUST01839,Customer 1839,2348047509691, m ,Unknown,Kaduna,North West,Regular
CUST01840,Customer 1840,2348094507082,Unknown,36-45,Enugu,South East,Business
CUST01841,Customer 1841,2348074817528,Unknown,18-25,Port Harcourt,South South,Occasional
CUST01842,Customer 1842,2348059545391,Male,Unknown,Ibadan,South West,Regular
CUST01843,Customer 1843,2348061633568,F,26-35,Port Harcourt,South South,Regular
CUST01844,Customer 1844,2348080228960,Unknown,18-25,Benin City,South South,Regular
CUST01845,Customer 1845,2348059638550,Male,Unknown,Ibadan,South West,premium 
CUST01846,Customer 1846,2348051576436, f ,36-45,Enugu,South East,Occasional
CUST01847,Customer 1847,2348075617824,Female,Unknown,Lagos,South West,Regular
CUST01848,Customer 1848,2348011140501,Male,60+,Enugu,South East,Regular
CUST01849,Customer 1849,2348068641077,Female,26-35,Port Harcourt,South South,Premium
CUST01850, Customer 1850 ,2348013520345,M,36-45,Kaduna,North West,Regular
CUST01851,Customer 1851,2348085917585,Male,46-60,Enugu,South East,Premium
CUST01852,Customer 1852,2348061432487,Unknown,26-35,Lagos,South West,Occasional
CUST01853,Customer 1853,2348014714081, m ,18-25,Abuja,North Central,Premium
CUST01854,Customer 1854,2348030682174,Male,60+,Kano,North West,Occasional
CUST01855,Customer 1855,2348050131324,Male,Unknown,Ibadan,South West,Business
CUST01856,Customer 1856,2348088482502, f ,18-25,Enugu,South East,Regular
CUST01857,Customer 1857,2348087035426,Unknown,60+,Port Harcourt,South South,Unknown
CUST01858,Customer 1858,2348026494052,M,46-60,Ibadan,South West,Business
CUST01859,Customer 1859,2348050436856,Female,26-35,Abuja,North Central,Regular
CUST01860,Customer 1860,2348083182166,male,26-35,Abuja,North Central,Unknown
CUST01861,Customer 1861,2348074476656,Female,36-45,Kaduna,North West,Occasional
CUST01862,Customer 1862,2348017022725,Unknown,36-45,Kano,North West,Regular
CUST01863,Customer 1863,2348012280876, m ,Unknown,Port Harcourt,South South,Regular
CUST01864,Customer 1864,2348069311343,F,60+,Enugu,South East,premium 
CUST01865,Customer 1865,2348076418291,male,Unknown,Ibadan,South West,Regular
CUST01866,Customer 1866,2348049416922,Male,60+,Kaduna,North West,Regular
CUST01867,Customer 1867,2348087824688,Male,46-60,Kano,North West,Occasional
CUST01868,Customer 1868,2348070222904,Female,26-35,Kaduna,North West,Regular
CUST01869,Customer 1869,2348062096324,Female,60+,Lagos,South West,Regular
CUST01870,Customer 1870,2348038794100,Unknown,36-45,Kano,North West,Premium
CUST01871,Customer 1871,2348044738188,Male,60+,Port Harcourt,South South,REGULAR
CUST01872,Customer 1872,2348048505987,F,Unknown,Kano,North West,Premium
CUST01873,Customer 1873,2348092602454,F,26-35,Abuja,North Central,Occasional
CUST01874,Customer 1874,2348060962283,Female,46-60,Benin City,South South,REGULAR
CUST01875, Customer 1875 ,2348072100589,F,36-45,Benin City,South South,Premium
CUST01876,Customer 1876,2348059125857,Female,36-45,Ibadan,South West,Regular
CUST01877,Customer 1877,2348022943842,FEMALE,46-60,Benin City,South South,Regular
CUST01878,Customer 1878,2348096663330,Unknown,60+,Kaduna,North West,Regular
CUST01879,Customer 1879,2348025440862,Unknown,18-25,Port Harcourt,South South,Business
CUST01880,Customer 1880,2348029686748,Male,Unknown,Port Harcourt,South South,Regular
CUST01881,Customer 1881,2348015094460, f ,60+,Benin City,South South,Premium
CUST01882,Customer 1882,2348036284603,F,Unknown,Benin City,South South,Business
CUST01883,Customer 1883,2348086823889,Female,18-25,Enugu,South East,Occasional
CUST01884,Customer 1884,2348075132919,M,46-60,Lagos,South West,REGULAR
CUST01885,Customer 1885,2348035145954,F,26-35,Enugu,South East,Premium
CUST01886,Customer 1886,2348023240386, m ,18-25,Kaduna,North West,Regular
CUST01887,Customer 1887,2348026068786, m ,18-25,Ibadan,South West,Premium
CUST01888,Customer 1888,2348018619543, f ,36-45,Abuja,North Central,Premium
CUST01889,Customer 1889,2348093297109,Female,Unknown,Port Harcourt,South South,Business
CUST01890,Customer 1890,2348065657454,male,60+,Enugu,South East,Business
CUST01891,Customer 1891,2348091212446,Female,18-25,Abuja,North Central,Occasional
CUST01892,Customer 1892,2348019908493,Male,26-35,Kaduna,North West,Regular
CUST01893,Customer 1893,2348070640084,Unknown,Unknown,Benin City,South South,Premium
CUST01894,Customer 1894,2348066139330,Unknown,46-60,Lagos,South West,Occasional
CUST01895,Customer 1895,2348073571263,Unknown,26-35,Lagos,South West,Premium
CUST01896,Customer 1896,2348036074914,FEMALE,60+,Abuja,North Central,Regular
CUST01897,Customer 1897,2348042301808,Unknown,18-25,Abuja,North Central,Business
CUST01898,Customer 1898,2348041054581,Unknown,26-35,Kano,North West,Regular
CUST01899,Customer 1899,2348056690789,M,60+,Kaduna,North West,Premium
CUST01900, Customer 1900 ,2348066312616,male,26-35,Enugu,South East,Regular
CUST01901,Customer 1901,2348024916831,Female,46-60,Lagos,South West,Regular
CUST01902,Customer 1902,2348029529628,F,Unknown,Kano,North West,Premium
CUST01903,Customer 1903,2348017202977,Unknown,Unknown,Benin City,South South,Regular
CUST01904,Customer 1904,2348013104281,male,36-45,Benin City,South South,Business
CUST01905,Customer 1905,2348031676278,F,Unknown,Port Harcourt,South South,Business
CUST01906,Customer 1906,2348018383711,Female,Unknown,Benin City,South South,Premium
CUST01907,Customer 1907,2348029755827,Male,18-25,Lagos,South West,Regular
CUST01908,Customer 1908,2348018093342, m ,46-60,Kaduna,North West,Unknown
CUST01909,Customer 1909,2348015361268,female,36-45,Port Harcourt,South South,Unknown
CUST01910,Customer 1910,2348012336567,Male,46-60,Port Harcourt,South South,Business
CUST01911,Customer 1911,2348087663538,FEMALE,46-60,Abuja,North Central,Regular
CUST01912,Customer 1912,2348043378868,M,26-35,Enugu,South East,Occasional
CUST01913,Customer 1913,2348013841271,Female,36-45,Kano,North West,premium 
CUST01914,Customer 1914,2348055861736,Unknown,Unknown,Kaduna,North West,Occasional
CUST01915,Customer 1915,2348084975281,Female,46-60,Kano,North West,Regular
CUST01916,Customer 1916,2348050039606,Female,18-25,Port Harcourt,South South,Occasional
CUST01917,Customer 1917,2348076123073,Female,26-35,Ibadan,South West,Unknown
CUST01918,Customer 1918,2348088702210,Female,46-60,Ibadan,South West,REGULAR
CUST01919,Customer 1919,2348085378974, m ,Unknown,Kaduna,North West,Occasional
CUST01920,Customer 1920,2348095552286,Male,26-35,Port Harcourt,South South,Business
CUST01921,Customer 1921,2348044224091,Male,Unknown,Enugu,South East,Unknown
CUST01922,Customer 1922,2348085883294,M,26-35,Abuja,North Central,Occasional
CUST01923,Customer 1923,2348085462570,F,36-45,Kaduna,North West,Premium
CUST01924,Customer 1924,2348080939383,F,26-35,Benin City,South South,Unknown
CUST01925, Customer 1925 ,2348037029050,Male,60+,Kaduna,North West,Regular
CUST01926,Customer 1926,2348020442423,MALE,46-60,Lagos,South West,Occasional
CUST01927,Customer 1927,2348074364730,Female,18-25,Kaduna,North West,Regular
CUST01928,Customer 1928,2348095728333,Male,26-35,Lagos,South West,premium 
CUST01929,Customer 1929,2348030144453,Female,36-45,Ibadan,South West,Regular
CUST01930,Customer 1930,2348084905812,Female,36-45,Ibadan,South West,REGULAR
CUST01931,Customer 1931,2348071216845,Female,46-60,Abuja,North Central,Regular
CUST01932,Customer 1932,2348027231169,Female,18-25,Kaduna,North West,Regular
CUST01933,Customer 1933,2348030473534,F,60+,Kano,North West,Premium
CUST01934,Customer 1934,2348079722307,Male,36-45,Kano,North West,Regular
CUST01935,Customer 1935,2348013756505,Female,60+,Benin City,South South,Premium
CUST01936,Customer 1936,2348066178344,female,36-45,Ibadan,South West,Occasional
CUST01937,Customer 1937,2348074215359,Female,18-25,Port Harcourt,South South,Regular
CUST01938,Customer 1938,2348013120750,Male,36-45,Enugu,South East,Regular
CUST01939,Customer 1939,2348060759748,Male,26-35,Lagos,South West,Regular
CUST01940,Customer 1940,2348091935804,F,60+,Lagos,South West,premium 
CUST01941,Customer 1941,2348079412556,Unknown,46-60,Kaduna,North West,Occasional
CUST01942,Customer 1942,2348040994727,MALE,46-60,Port Harcourt,South South,premium 
CUST01943,Customer 1943,2348079900285,Male,36-45,Kano,North West,Regular
CUST01944,Customer 1944,2348096060809,M,46-60,Benin City,South South,Occasional
CUST01945,Customer 1945,2348078478092,Male,18-25,Kaduna,North West,premium 
CUST01946,Customer 1946,2348071118121,F,18-25,Enugu,South East,REGULAR
CUST01947,Customer 1947,2348025985061,male,36-45,Port Harcourt,South South,Business
CUST01948,Customer 1948,2348065927466,F,Unknown,Abuja,North Central,Occasional
CUST01949,Customer 1949,2348042821147,F,18-25,Abuja,North Central,Occasional
CUST01950, Customer 1950 ,2348091846540,Unknown,60+,Enugu,South East,Regular
CUST01951,Customer 1951,2348066355451,Unknown,26-35,Lagos,South West,premium 
CUST01952,Customer 1952,2348032494334,Female,18-25,Kano,North West,premium 
CUST01953,Customer 1953,2348047150755,female,36-45,Benin City,South South,Regular
CUST01954,Customer 1954,2348041827989,female,Unknown,Kano,North West,Occasional
CUST01955,Customer 1955,2348026465658,Male,60+,Kano,North West,Regular
CUST01956,Customer 1956,2348069163056,Female,60+,Port Harcourt,South South,Business
CUST01957,Customer 1957,2348047689367,Unknown,60+,Ibadan,South West,Premium
CUST01958,Customer 1958,2348070206203,Unknown,46-60,Kano,North West,Business
CUST01959,Customer 1959,2348061608737,Unknown,26-35,Port Harcourt,South South,Premium
CUST01960,Customer 1960,2348080503495,Unknown,Unknown,Kaduna,North West,Occasional
CUST01961,Customer 1961,2348072757217,Unknown,26-35,Abuja,North Central,Regular
CUST01962,Customer 1962,2348032725930,Unknown,18-25,Abuja,North Central,Premium
CUST01963,Customer 1963,2348099246839,Male,Unknown,Kaduna,North West,Premium
CUST01964,Customer 1964,2348094780275,Male,26-35,Lagos,South West,Regular
CUST01965,Customer 1965,2348093391762,F,60+,Kaduna,North West,premium 
CUST01966,Customer 1966,2348034168095,M,60+,Port Harcourt,South South,premium 
CUST01967,Customer 1967,2348037095706,Female,Unknown,Enugu,South East,Premium
CUST01968,Customer 1968,2348099525686,FEMALE,Unknown,Kano,North West,Premium
CUST01969,Customer 1969,2348099079443,MALE,26-35,Enugu,South East,Regular
CUST01970,Customer 1970,2348074903533,FEMALE,Unknown,Benin City,South South,Premium
CUST01971,Customer 1971,2348018179501,M,36-45,Kano,North West,Occasional
CUST01972,Customer 1972,2348043787213, m ,36-45,Ibadan,South West,Premium
CUST01973,Customer 1973,2348066789836,Male,26-35,Benin City,South South,Unknown
CUST01974,Customer 1974,2348069224362,Unknown,60+,Port Harcourt,South South,Occasional
CUST01975, Customer 1975 ,2348061302677,F,60+,Lagos,South West,Occasional
CUST01976,Customer 1976,2348013216402,Unknown,26-35,Benin City,South South,Premium
CUST01977,Customer 1977,2348064733423,Female,36-45,Benin City,South South,Business
CUST01978,Customer 1978,2348070168555,M,36-45,Benin City,South South,Regular
CUST01979,Customer 1979,2348038161185,male,18-25,Kaduna,North West,Premium
CUST01980,Customer 1980,2348077167069,Female,60+,Ibadan,South West,Business
CUST01981,Customer 1981,2348082949672,Unknown,26-35,Enugu,South East,Regular
CUST01982,Customer 1982,2348017727008,Unknown,46-60,Benin City,South South,Occasional
CUST01983,Customer 1983,2348015008047,male,Unknown,Lagos,South West,Regular
CUST01984,Customer 1984,2348074122241,Unknown,46-60,Port Harcourt,South South,Occasional
CUST01985,Customer 1985,2348062839848,Female,36-45,Port Harcourt,South South,Unknown
CUST01986,Customer 1986,2348083676454,Male,18-25,Kaduna,North West,Unknown
CUST01987,Customer 1987,2348063669777,Male,26-35,Ibadan,South West,Occasional
CUST01988,Customer 1988,2348024983088,M,60+,Enugu,South East,Regular
CUST01989,Customer 1989,2348048077487,Unknown,60+,Enugu,South East,Regular
CUST01990,Customer 1990,2348051351588, f ,36-45,Port Harcourt,South South,Regular
CUST01991,Customer 1991,2348057880538,Unknown,36-45,Enugu,South East,Premium
CUST01992,Customer 1992,2348085156634,MALE,46-60,Ibadan,South West,Occasional
CUST01993,Customer 1993,2348068531328,Male,18-25,Enugu,South East,Business
CUST01994,Customer 1994,2348030523383,F,36-45,Kano,North West,Unknown
CUST01995,Customer 1995,2348090022036,Unknown,26-35,Ibadan,South West,Unknown
CUST01996,Customer 1996,2348061601750,Male,60+,Abuja,North Central,Regular
CUST01997,Customer 1997,2348057821736,Male,18-25,Abuja,North Central,Premium
CUST01998,Customer 1998,2348023017302,Male,60+,Port Harcourt,South South,Regular
CUST01999,Customer 1999,2348089626046,Male,26-35,Port Harcourt,South South,Unknown
CUST02000, Customer 2000 ,2348030057069,Male,26-35,Kano,North West,REGULAR
CUST02001,Customer 2001,2348016488560,Unknown,46-60,Port Harcourt,South South,Business
CUST02002,Customer 2002,2348082628624,F,36-45,Kano,North West,Occasional
CUST02003,Customer 2003,2348028639011,Female,Unknown,Kaduna,North West,Regular
CUST02004,Customer 2004,2348069200380,Female,18-25,Port Harcourt,South South,Occasional
CUST02005,Customer 2005,2348023577530,Unknown,60+,Port Harcourt,South South,Occasional
CUST02006,Customer 2006,2348087556775,MALE,36-45,Kaduna,North West,Unknown
CUST02007,Customer 2007,2348087993876,Female,36-45,Kano,North West,Regular
CUST02008,Customer 2008,2348046589030,Unknown,18-25,Benin City,South South,Business
CUST02009,Customer 2009,2348022667564,Female,18-25,Ibadan,South West,Occasional
CUST02010,Customer 2010,2348044424962,FEMALE,26-35,Port Harcourt,South South,Occasional
CUST02011,Customer 2011,2348060898147,male,36-45,Lagos,South West,Premium
CUST02012,Customer 2012,2348079438073,Male,46-60,Lagos,South West,Occasional
CUST02013,Customer 2013,2348042823929,F,26-35,Ibadan,South West,Premium
CUST02014,Customer 2014,2348010920957,female,18-25,Kano,North West,Premium
CUST02015,Customer 2015,2348096617067,Unknown,60+,Kaduna,North West,Regular
CUST02016,Customer 2016,2348081296477,Unknown,18-25,Port Harcourt,South South,Regular
CUST02017,Customer 2017,2348070970033,Female,26-35,Kano,North West,Regular
CUST02018,Customer 2018,2348049052694,Female,Unknown,Enugu,South East,Business
CUST02019,Customer 2019,2348091887686,Unknown,Unknown,Port Harcourt,South South,Occasional
CUST02020,Customer 2020,2348045315689,Female,Unknown,Kano,North West,Unknown
CUST02021,Customer 2021,2348038942031, f ,18-25,Abuja,North Central,Regular
CUST02022,Customer 2022,2348064703834,Unknown,26-35,Lagos,South West,Premium
CUST02023,Customer 2023,2348075508777,Female,Unknown,Lagos,South West,Regular
CUST02024,Customer 2024,2348046715989,Unknown,36-45,Benin City,South South,Regular
CUST02025, Customer 2025 ,2348029635328,Unknown,36-45,Kano,North West,Regular
CUST02026,Customer 2026,2348026596609, f ,46-60,Abuja,North Central,Regular
CUST02027,Customer 2027,2348054699629,Female,18-25,Port Harcourt,South South,Regular
CUST02028,Customer 2028,2348026090039,Female,18-25,Benin City,South South,Regular
CUST02029,Customer 2029,2348026865664,Female,60+,Ibadan,South West,REGULAR
CUST02030,Customer 2030,2348062948569,Male,36-45,Kano,North West,Premium
CUST02031,Customer 2031,2348064290138,M,46-60,Enugu,South East,Business
CUST02032,Customer 2032,2348025249034,Female,26-35,Port Harcourt,South South,premium 
CUST02033,Customer 2033,2348011267568,F,18-25,Ibadan,South West,Unknown
CUST02034,Customer 2034,2348073190079,M,36-45,Kano,North West,Premium
CUST02035,Customer 2035,2348023541219,Female,18-25,Enugu,South East,Occasional
CUST02036,Customer 2036,2348096076049,Unknown,Unknown,Ibadan,South West,Unknown
CUST02037,Customer 2037,2348080930327, m ,Unknown,Abuja,North Central,Regular
CUST02038,Customer 2038,2348057405336,Unknown,36-45,Kano,North West,Business
CUST02039,Customer 2039,2348038715540,Female,Unknown,Lagos,South West,Regular
CUST02040,Customer 2040,2348056418551,M,Unknown,Benin City,South South,Occasional
CUST02041,Customer 2041,2348052664200,Unknown,36-45,Lagos,South West,REGULAR
CUST02042,Customer 2042,2348055192436,Male,Unknown,Kano,North West,Occasional
CUST02043,Customer 2043,2348010466587,Male,18-25,Kaduna,North West,Regular
CUST02044,Customer 2044,2348048056187,Male,26-35,Port Harcourt,South South,Premium
CUST02045,Customer 2045,2348024275626,Female,60+,Benin City,South South,Premium
CUST02046,Customer 2046,2348038208052,Unknown,26-35,Kaduna,North West,Occasional
CUST02047,Customer 2047,2348066708256,Unknown,36-45,Kano,North West,Regular
CUST02048,Customer 2048,2348083154188,Unknown,60+,Port Harcourt,South South,Business
CUST02049,Customer 2049,2348045316165,Female,46-60,Kano,North West,Business
CUST02050, Customer 2050 ,2348046005747,Unknown,26-35,Benin City,South South,Occasional
CUST02051,Customer 2051,2348052232820,Unknown,Unknown,Enugu,South East,Occasional
CUST02052,Customer 2052,2348050481788,male,60+,Abuja,North Central,Occasional
CUST02053,Customer 2053,2348010574559,Female,18-25,Benin City,South South,premium 
CUST02054,Customer 2054,2348081775275,female,36-45,Kaduna,North West,Regular
CUST02055,Customer 2055,2348032726840,MALE,60+,Kaduna,North West,Occasional
CUST02056,Customer 2056,2348059059756,FEMALE,60+,Lagos,South West,Premium
CUST02057,Customer 2057,2348045967207,Male,Unknown,Lagos,South West,Regular
CUST02058,Customer 2058,2348053726403,female,Unknown,Kaduna,North West,Premium
CUST02059,Customer 2059,2348048683015,Male,60+,Ibadan,South West,Occasional
CUST02060,Customer 2060,2348013542907,F,60+,Kano,North West,Unknown
CUST02061,Customer 2061,2348075262136,Female,26-35,Kaduna,North West,Regular
CUST02062,Customer 2062,2348045320348,M,46-60,Enugu,South East,Regular
CUST02063,Customer 2063,2348014799906,Female,26-35,Kano,North West,Regular
CUST02064,Customer 2064,2348089763264,Female,36-45,Abuja,North Central,Occasional
CUST02065,Customer 2065,2348020467558,Female,Unknown,Kano,North West,Unknown
CUST02066,Customer 2066,2348083390566,Female,18-25,Abuja,North Central,Premium
CUST02067,Customer 2067,2348015571453,Male,26-35,Abuja,North Central,Unknown
CUST02068,Customer 2068,2348070621915,Female,Unknown,Kaduna,North West,Regular
CUST02069,Customer 2069,2348068677888,Male,Unknown,Port Harcourt,South South,Occasional
CUST02070,Customer 2070,2348045624353,Unknown,36-45,Ibadan,South West,Occasional
CUST02071,Customer 2071,2348079896003, f ,18-25,Port Harcourt,South South,Premium
CUST02072,Customer 2072,2348040459148,Unknown,Unknown,Ibadan,South West,Occasional
CUST02073,Customer 2073,2348085819136,Female,26-35,Lagos,South West,Regular
CUST02074,Customer 2074,2348059774730,Unknown,Unknown,Kano,North West,Premium
CUST02075, Customer 2075 ,2348091156810,Unknown,18-25,Abuja,North Central,premium 
CUST02076,Customer 2076,2348095088432,Female,60+,Enugu,South East,Regular
CUST02077,Customer 2077,2348059946061,Male,60+,Port Harcourt,South South,Occasional
CUST02078,Customer 2078,2348012829015,Unknown,26-35,Abuja,North Central,Premium
CUST02079,Customer 2079,2348073769433,Male,Unknown,Lagos,South West,Regular
CUST02080,Customer 2080,2348070984313,Male,Unknown,Port Harcourt,South South,Unknown
CUST02081,Customer 2081,2348026607981,F,26-35,Kaduna,North West,Premium
CUST02082,Customer 2082,2348070798878,Male,18-25,Abuja,North Central,Unknown
CUST02083,Customer 2083,2348088771293,Female,18-25,Ibadan,South West,Regular
CUST02084,Customer 2084,2348071826973,female,36-45,Kano,North West,Premium
CUST02085,Customer 2085,2348030782158, f ,60+,Abuja,North Central,REGULAR
CUST02086,Customer 2086,2348036476636,Male,60+,Ibadan,South West,Business
CUST02087,Customer 2087,2348093388439,Male,26-35,Port Harcourt,South South,premium 
CUST02088,Customer 2088,2348075960688,Male,46-60,Enugu,South East,Premium
CUST02089,Customer 2089,2348098936539,Unknown,60+,Port Harcourt,South South,Business
CUST02090,Customer 2090,2348017243153,FEMALE,46-60,Port Harcourt,South South,Premium
CUST02091,Customer 2091,2348074408468,Unknown,18-25,Kano,North West,Premium
CUST02092,Customer 2092,2348072787493,Male,26-35,Abuja,North Central,Occasional
CUST02093,Customer 2093,2348034741559,Male,36-45,Abuja,North Central,premium 
CUST02094,Customer 2094,2348029606388,Male,60+,Enugu,South East,Regular
CUST02095,Customer 2095,2348034152461,Unknown,Unknown,Kano,North West,premium 
CUST02096,Customer 2096,2348022554193,Female,18-25,Enugu,South East,premium 
CUST02097,Customer 2097,2348026120099,Female,Unknown,Enugu,South East,Premium
CUST02098,Customer 2098,2348094453803, f ,18-25,Kano,North West,premium 
CUST02099,Customer 2099,2348043177458,FEMALE,18-25,Port Harcourt,South South,Premium
CUST02100, Customer 2100 ,2348055444059,male,Unknown,Kano,North West,Occasional
CUST02101,Customer 2101,2348088748252,Male,26-35,Kano,North West,Occasional
CUST02102,Customer 2102,2348054490718,F,18-25,Enugu,South East,Business
CUST02103,Customer 2103,2348054854833,female,Unknown,Lagos,South West,premium 
CUST02104,Customer 2104,2348083859339,Male,60+,Kano,North West,Business
CUST02105,Customer 2105,2348079754446,Male,46-60,Port Harcourt,South South,Premium
CUST02106,Customer 2106,2348092398026,Unknown,18-25,Ibadan,South West,Regular
CUST02107,Customer 2107,2348069560325,Male,26-35,Port Harcourt,South South,Premium
CUST02108,Customer 2108,2348047410708,Unknown,46-60,Benin City,South South,Regular
CUST02109,Customer 2109,2348028187573,Male,36-45,Abuja,North Central,Unknown
CUST02110,Customer 2110,2348087407763,Unknown,46-60,Kano,North West,Regular
CUST02111,Customer 2111,2348063264468,M,46-60,Port Harcourt,South South,Premium
CUST02112,Customer 2112,2348037240408,Female,36-45,Benin City,South South,Business
CUST02113,Customer 2113,2348072621933,Female,46-60,Port Harcourt,South South,Unknown
CUST02114,Customer 2114,2348027168080,female,60+,Port Harcourt,South South,Premium
CUST02115,Customer 2115,2348080184665,Female,36-45,Kano,North West,Occasional
CUST02116,Customer 2116,2348066625188,Unknown,46-60,Benin City,South South,Regular
CUST02117,Customer 2117,2348027237232,Female,Unknown,Enugu,South East,Regular
CUST02118,Customer 2118,2348026011158,Female,18-25,Abuja,North Central,Business
CUST02119,Customer 2119,2348086257943,Male,46-60,Kano,North West,Regular
CUST02120,Customer 2120,2348050922244,Unknown,36-45,Lagos,South West,Premium
CUST02121,Customer 2121,2348066381218,Unknown,36-45,Ibadan,South West,Occasional
CUST02122,Customer 2122,2348094501540,Male,60+,Port Harcourt,South South,Regular
CUST02123,Customer 2123,2348039141212,Unknown,26-35,Benin City,South South,Regular
CUST02124,Customer 2124,2348023821104,Unknown,46-60,Lagos,South West,Regular
CUST02125, Customer 2125 ,2348061689331,F,Unknown,Port Harcourt,South South,Regular
CUST02126,Customer 2126,2348067620860,FEMALE,46-60,Kano,North West,Occasional
CUST02127,Customer 2127,2348091833574,Female,18-25,Benin City,South South,Regular
CUST02128,Customer 2128,2348058050251,M,Unknown,Benin City,South South,Regular
CUST02129,Customer 2129,2348086950047,Female,Unknown,Enugu,South East,Occasional
CUST02130,Customer 2130,2348060974613,Male,36-45,Ibadan,South West,Unknown
CUST02131,Customer 2131,2348021306971,Male,46-60,Abuja,North Central,Occasional
CUST02132,Customer 2132,2348072824722,Unknown,46-60,Benin City,South South,Premium
CUST02133,Customer 2133,2348093663093, m ,60+,Kano,North West,premium 
CUST02134,Customer 2134,2348027782602,Female,46-60,Enugu,South East,premium 
CUST02135,Customer 2135,2348058699465,Male,60+,Port Harcourt,South South,Premium
CUST02136,Customer 2136,2348026449791,Unknown,18-25,Abuja,North Central,Regular
CUST02137,Customer 2137,2348018134355,Male,60+,Benin City,South South,REGULAR
CUST02138,Customer 2138,2348020649472,Male,18-25,Abuja,North Central,Regular
CUST02139,Customer 2139,2348081787643,MALE,18-25,Lagos,South West,Premium
CUST02140,Customer 2140,2348082928111,Unknown,46-60,Kaduna,North West,Occasional
CUST02141,Customer 2141,2348095051228,Male,60+,Ibadan,South West,Business
CUST02142,Customer 2142,2348015025201,Unknown,Unknown,Enugu,South East,premium 
CUST02143,Customer 2143,2348056137902, m ,Unknown,Benin City,South South,premium 
CUST02144,Customer 2144,2348083341179,Unknown,26-35,Abuja,North Central,REGULAR
CUST02145,Customer 2145,2348099463437,Female,46-60,Lagos,South West,Regular
CUST02146,Customer 2146,2348027046488,Female,36-45,Enugu,South East,Premium
CUST02147,Customer 2147,2348046827902,Unknown,36-45,Kaduna,North West,Regular
CUST02148,Customer 2148,2348037570158,M,26-35,Port Harcourt,South South,Regular
CUST02149,Customer 2149,2348095450373,Unknown,46-60,Enugu,South East,Regular
CUST02150, Customer 2150 ,2348016853414,Unknown,Unknown,Kaduna,North West,Business
CUST02151,Customer 2151,2348012210676,FEMALE,26-35,Kaduna,North West,Unknown
CUST02152,Customer 2152,2348074331432,FEMALE,46-60,Benin City,South South,Regular
CUST02153,Customer 2153,2348017155496,Unknown,60+,Lagos,South West,Regular
CUST02154,Customer 2154,2348042855869,male,Unknown,Lagos,South West,Premium
CUST02155,Customer 2155,2348073107237,F,46-60,Kaduna,North West,Occasional
CUST02156,Customer 2156,2348069669188,FEMALE,60+,Kaduna,North West,Regular
CUST02157,Customer 2157,2348021263884, f ,46-60,Benin City,South South,REGULAR
CUST02158,Customer 2158,2348062664431,Male,36-45,Ibadan,South West,Business
CUST02159,Customer 2159,2348022394702,Female,18-25,Ibadan,South West,Premium
CUST02160,Customer 2160,2348061693034,female,60+,Kano,North West,Occasional
CUST02161,Customer 2161,2348031449376,Female,36-45,Enugu,South East,Premium
CUST02162,Customer 2162,2348097690455,Female,36-45,Benin City,South South,Occasional
CUST02163,Customer 2163,2348010751759,Male,18-25,Kaduna,North West,Business
CUST02164,Customer 2164,2348077323427, m ,46-60,Port Harcourt,South South,Regular
CUST02165,Customer 2165,2348093581211,Unknown,60+,Lagos,South West,Regular
CUST02166,Customer 2166,2348076823238,Female,46-60,Kaduna,North West,Regular
CUST02167,Customer 2167,2348059760535,Female,36-45,Benin City,South South,Occasional
CUST02168,Customer 2168,2348048172786,FEMALE,60+,Abuja,North Central,premium 
CUST02169,Customer 2169,2348033719773,Female,46-60,Port Harcourt,South South,Regular
CUST02170,Customer 2170,2348026809572,Unknown,60+,Lagos,South West,Unknown
CUST02171,Customer 2171,2348079884779,Male,Unknown,Benin City,South South,Premium
CUST02172,Customer 2172,2348035977643,Unknown,18-25,Enugu,South East,Occasional
CUST02173,Customer 2173,2348032075785, m ,60+,Enugu,South East,Regular
CUST02174,Customer 2174,2348026593367,Male,26-35,Benin City,South South,Occasional
CUST02175, Customer 2175 ,2348040405657,Unknown,36-45,Enugu,South East,Premium
CUST02176,Customer 2176,2348084487954,Male,Unknown,Lagos,South West,Regular
CUST02177,Customer 2177,2348038366152,Female,Unknown,Ibadan,South West,Business
CUST02178,Customer 2178,2348065755939,male,Unknown,Lagos,South West,REGULAR
CUST02179,Customer 2179,2348088898515,M,26-35,Kaduna,North West,premium 
CUST02180,Customer 2180,2348084294029,FEMALE,26-35,Kaduna,North West,Occasional
CUST02181,Customer 2181,2348065803444,female,36-45,Enugu,South East,Premium
CUST02182,Customer 2182,2348019404883,Unknown,26-35,Abuja,North Central,Regular
CUST02183,Customer 2183,2348042437200,Female,Unknown,Benin City,South South,Regular
CUST02184,Customer 2184,2348058132459,Male,Unknown,Kano,North West,Business
CUST02185,Customer 2185,2348085726708,Female,18-25,Ibadan,South West,Occasional
CUST02186,Customer 2186,2348021000127, f ,Unknown,Port Harcourt,South South,Unknown
CUST02187,Customer 2187,2348067787073,M,Unknown,Kaduna,North West,Premium
CUST02188,Customer 2188,2348077258405,Male,18-25,Abuja,North Central,Premium
CUST02189,Customer 2189,2348094610979,Male,36-45,Benin City,South South,Occasional
CUST02190,Customer 2190,2348028528013,F,Unknown,Benin City,South South,REGULAR
CUST02191,Customer 2191,2348019633609,Unknown,26-35,Kaduna,North West,Premium
CUST02192,Customer 2192,2348080755977,Unknown,26-35,Abuja,North Central,Premium
CUST02193,Customer 2193,2348084532572,Male,Unknown,Kaduna,North West,Unknown
CUST02194,Customer 2194,2348041416198, f ,18-25,Benin City,South South,Premium
CUST02195,Customer 2195,2348065000572,Male,18-25,Abuja,North Central,Regular
CUST02196,Customer 2196,2348099830314,male,46-60,Lagos,South West,REGULAR
CUST02197,Customer 2197,2348043164406,female,36-45,Port Harcourt,South South,Unknown
CUST02198,Customer 2198,2348073606666,MALE,18-25,Abuja,North Central,Premium
CUST02199,Customer 2199,2348070635247,Female,26-35,Abuja,North Central,Regular
CUST02200, Customer 2200 ,2348099869834,Female,60+,Port Harcourt,South South,Regular
CUST02201,Customer 2201,2348086022388,Male,Unknown,Enugu,South East,Regular
CUST02202,Customer 2202,2348057436609,Male,26-35,Lagos,South West,Premium
CUST02203,Customer 2203,2348094378712,Male,36-45,Kaduna,North West,Premium
CUST02204,Customer 2204,2348095618613,Unknown,18-25,Kano,North West,Occasional
CUST02205,Customer 2205,2348061147674,male,18-25,Ibadan,South West,REGULAR
CUST02206,Customer 2206,2348046710703,Female,18-25,Benin City,South South,Occasional
CUST02207,Customer 2207,2348093607204,Female,Unknown,Lagos,South West,Regular
CUST02208,Customer 2208,2348089008606,M,26-35,Abuja,North Central,Regular
CUST02209,Customer 2209,2348094247553,Female,46-60,Port Harcourt,South South,Unknown
CUST02210,Customer 2210,2348043273479,MALE,18-25,Enugu,South East,Occasional
CUST02211,Customer 2211,2348033085343,Female,60+,Kaduna,North West,Regular
CUST02212,Customer 2212,2348094399987,M,26-35,Lagos,South West,Regular
CUST02213,Customer 2213,2348058652367,male,Unknown,Lagos,South West,Occasional
CUST02214,Customer 2214,2348065354884,Female,26-35,Ibadan,South West,Occasional
CUST02215,Customer 2215,2348071413650,Unknown,26-35,Ibadan,South West,Premium
CUST02216,Customer 2216,2348097806785, m ,60+,Port Harcourt,South South,Regular
CUST02217,Customer 2217,2348097799840,Male,36-45,Kano,North West,Business
CUST02218,Customer 2218,2348067210033, f ,60+,Enugu,South East,Regular
CUST02219,Customer 2219,2348089334619,Female,18-25,Kaduna,North West,Unknown
CUST02220,Customer 2220,2348086434303,female,Unknown,Benin City,South South,Premium
CUST02221,Customer 2221,2348066066412,Female,26-35,Ibadan,South West,Regular
CUST02222,Customer 2222,2348052984216,Female,Unknown,Kano,North West,Unknown
CUST02223,Customer 2223,2348039176255,F,Unknown,Ibadan,South West,Occasional
CUST02224,Customer 2224,2348073273619,Unknown,36-45,Ibadan,South West,Premium
CUST02225, Customer 2225 ,2348099335874,Male,46-60,Ibadan,South West,Occasional
CUST02226,Customer 2226,2348025765694,Male,36-45,Kano,North West,REGULAR
CUST02227,Customer 2227,2348041971128, f ,Unknown,Lagos,South West,Occasional
CUST02228,Customer 2228,2348012189252,Male,Unknown,Enugu,South East,Business
CUST02229,Customer 2229,2348069000083,Female,36-45,Kaduna,North West,Regular
CUST02230,Customer 2230,2348062026802,Female,18-25,Ibadan,South West,Occasional
CUST02231,Customer 2231,2348022356051,Male,60+,Kaduna,North West,Occasional
CUST02232,Customer 2232,2348058715923,MALE,60+,Abuja,North Central,Unknown
CUST02233,Customer 2233,2348053901777,Female,60+,Kaduna,North West,Regular
CUST02234,Customer 2234,2348057961107,F,46-60,Benin City,South South,Business
CUST02235,Customer 2235,2348050992560,Male,26-35,Benin City,South South,Business
CUST02236,Customer 2236,2348053659400,Male,46-60,Lagos,South West,premium 
CUST02237,Customer 2237,2348087212956,Male,46-60,Ibadan,South West,Premium
CUST02238,Customer 2238,2348029176716,Male,18-25,Kano,North West,Premium
CUST02239,Customer 2239,2348033002095,Unknown,36-45,Port Harcourt,South South,Occasional
CUST02240,Customer 2240,2348054147060,M,36-45,Kaduna,North West,premium 
CUST02241,Customer 2241,2348098342181,Female,18-25,Kano,North West,Business
CUST02242,Customer 2242,2348020570096,Female,26-35,Ibadan,South West,Regular
CUST02243,Customer 2243,2348041492407,Unknown,46-60,Benin City,South South,Regular
CUST02244,Customer 2244,2348073347215,Male,26-35,Benin City,South South,Occasional
CUST02245,Customer 2245,2348049072205,M,60+,Kano,North West,Premium
CUST02246,Customer 2246,2348022281980,Female,60+,Benin City,South South,Premium
CUST02247,Customer 2247,2348046819507,Female,36-45,Enugu,South East,Regular
CUST02248,Customer 2248,2348073398257,Male,26-35,Ibadan,South West,Regular
CUST02249,Customer 2249,2348026060746,Unknown,46-60,Lagos,South West,Regular
CUST02250, Customer 2250 ,2348094063146,Male,26-35,Ibadan,South West,Premium
CUST02251,Customer 2251,2348088281911,female,46-60,Ibadan,South West,Unknown
CUST02252,Customer 2252,2348060082733,male,18-25,Ibadan,South West,Regular
CUST02253,Customer 2253,2348017750219,Unknown,46-60,Ibadan,South West,Business
CUST02254,Customer 2254,2348051434786,Unknown,18-25,Ibadan,South West,Regular
CUST02255,Customer 2255,2348042729309,Unknown,18-25,Abuja,North Central,Premium
CUST02256,Customer 2256,2348080009662,FEMALE,18-25,Benin City,South South,Regular
CUST02257,Customer 2257,2348054196440,Male,36-45,Abuja,North Central,premium 
CUST02258,Customer 2258,2348095776621,Unknown,36-45,Ibadan,South West,Premium
CUST02259,Customer 2259,2348020167937,Unknown,60+,Kano,North West,Regular
CUST02260,Customer 2260,2348027987405,Male,60+,Abuja,North Central,Premium
CUST02261,Customer 2261,2348075867389,Male,36-45,Ibadan,South West,Business
CUST02262,Customer 2262,2348043823420,Unknown,46-60,Kaduna,North West,Premium
CUST02263,Customer 2263,2348090926157,Female,26-35,Port Harcourt,South South,premium 
CUST02264,Customer 2264,2348068364469, m ,Unknown,Ibadan,South West,Regular
CUST02265,Customer 2265,2348050311955,male,46-60,Enugu,South East,Regular
CUST02266,Customer 2266,2348076242792,Unknown,26-35,Abuja,North Central,Occasional
CUST02267,Customer 2267,2348038740603,F,26-35,Lagos,South West,Premium
CUST02268,Customer 2268,2348088340862, f ,36-45,Enugu,South East,Business
CUST02269,Customer 2269,2348091740109,Male,36-45,Lagos,South West,Regular
CUST02270,Customer 2270,2348075623573,Male,26-35,Kano,North West,Premium
CUST02271,Customer 2271,2348022687149,Male,46-60,Port Harcourt,South South,Premium
CUST02272,Customer 2272,2348010211467, m ,18-25,Enugu,South East,Occasional
CUST02273,Customer 2273,2348093208152,F,36-45,Kaduna,North West,Premium
CUST02274,Customer 2274,2348040228547,Female,46-60,Kano,North West,Regular
CUST02275, Customer 2275 ,2348057801176, m ,18-25,Kano,North West,Regular
CUST02276,Customer 2276,2348077502499,Unknown,Unknown,Port Harcourt,South South,Regular
CUST02277,Customer 2277,2348045863862,male,46-60,Abuja,North Central,Premium
CUST02278,Customer 2278,2348023858785,Unknown,Unknown,Kaduna,North West,premium 
CUST02279,Customer 2279,2348011412864,Unknown,18-25,Enugu,South East,Regular
CUST02280,Customer 2280,2348039673707,Male,60+,Enugu,South East,Premium
CUST02281,Customer 2281,2348016817805, m ,18-25,Kano,North West,Premium
CUST02282,Customer 2282,2348089633793,MALE,46-60,Benin City,South South,Premium
CUST02283,Customer 2283,2348033547107,FEMALE,46-60,Abuja,North Central,Unknown
CUST02284,Customer 2284,2348082321127, f ,36-45,Port Harcourt,South South,Regular
CUST02285,Customer 2285,2348055803730,Unknown,18-25,Kano,North West,REGULAR
CUST02286,Customer 2286,2348047190171,Female,46-60,Enugu,South East,Business
CUST02287,Customer 2287,2348025324466, m ,46-60,Kaduna,North West,Regular
CUST02288,Customer 2288,2348061015821,Female,46-60,Abuja,North Central,Regular
CUST02289,Customer 2289,2348018959781,Male,18-25,Kano,North West,Regular
CUST02290,Customer 2290,2348099420027,Male,18-25,Kano,North West,Premium
CUST02291,Customer 2291,2348051125778,Unknown,36-45,Lagos,South West,Premium
CUST02292,Customer 2292,2348079516303,Male,36-45,Port Harcourt,South South,Business
CUST02293,Customer 2293,2348063795048,Unknown,46-60,Lagos,South West,Regular
CUST02294,Customer 2294,2348015219338,male,Unknown,Kaduna,North West,Business
CUST02295,Customer 2295,2348021313397,FEMALE,36-45,Port Harcourt,South South,Regular
CUST02296,Customer 2296,2348066486190,Male,Unknown,Kaduna,North West,Regular
CUST02297,Customer 2297,2348088665064,Male,Unknown,Port Harcourt,South South,premium 
CUST02298,Customer 2298,2348096359772,Male,36-45,Abuja,North Central,Occasional
CUST02299,Customer 2299,2348062300481,M,26-35,Kano,North West,Occasional
CUST02300, Customer 2300 ,2348066696613,Female,36-45,Ibadan,South West,Premium
CUST02301,Customer 2301,2348083484500,Male,18-25,Lagos,South West,Premium
CUST02302,Customer 2302,2348043783411,Unknown,36-45,Lagos,South West,Occasional
CUST02303,Customer 2303,2348069603850, m ,Unknown,Benin City,South South,Regular
CUST02304,Customer 2304,2348076636819,male,26-35,Ibadan,South West,Regular
CUST02305,Customer 2305,2348069268549,Female,18-25,Port Harcourt,South South,Premium
CUST02306,Customer 2306,2348089027060,Female,18-25,Ibadan,South West,premium 
CUST02307,Customer 2307,2348060100048,Male,Unknown,Kaduna,North West,Regular
CUST02308,Customer 2308,2348015654896,Male,18-25,Kaduna,North West,Occasional
CUST02309,Customer 2309,2348028936972,Male,36-45,Kano,North West,Regular
CUST02310,Customer 2310,2348063744139,Unknown,60+,Kaduna,North West,Occasional
CUST02311,Customer 2311,2348049734135,F,26-35,Kaduna,North West,Regular
CUST02312,Customer 2312,2348041560773,Unknown,46-60,Benin City,South South,Unknown
CUST02313,Customer 2313,2348060880441,Female,18-25,Abuja,North Central,Premium
CUST02314,Customer 2314,2348044007076,Male,36-45,Benin City,South South,Regular
CUST02315,Customer 2315,2348092662057,Female,46-60,Abuja,North Central,Regular
CUST02316,Customer 2316,2348044780684,Unknown,26-35,Benin City,South South,Premium
CUST02317,Customer 2317,2348023691386, f ,46-60,Enugu,South East,Unknown
CUST02318,Customer 2318,2348042682562,Male,36-45,Abuja,North Central,Premium
CUST02319,Customer 2319,2348015742934,Male,Unknown,Enugu,South East,Regular
CUST02320,Customer 2320,2348031272573,Female,46-60,Kaduna,North West,Business
CUST02321,Customer 2321,2348057060196, m ,36-45,Lagos,South West,Regular
CUST02322,Customer 2322,2348080803932,Male,36-45,Port Harcourt,South South,premium 
CUST02323,Customer 2323,2348063904160,F,26-35,Ibadan,South West,premium 
CUST02324,Customer 2324,2348051342717,Female,26-35,Enugu,South East,Occasional
CUST02325, Customer 2325 ,2348021082249,F,26-35,Abuja,North Central,Regular
CUST02326,Customer 2326,2348054545789,F,18-25,Kano,North West,Premium
CUST02327,Customer 2327,2348068800651,Male,60+,Ibadan,South West,Regular
CUST02328,Customer 2328,2348036873801,M,26-35,Ibadan,South West,Premium
CUST02329,Customer 2329,2348014728932,Male,26-35,Port Harcourt,South South,premium 
CUST02330,Customer 2330,2348095514580,F,46-60,Enugu,South East,Premium
CUST02331,Customer 2331,2348059269728,Male,Unknown,Ibadan,South West,Premium
CUST02332,Customer 2332,2348021513973,Male,60+,Enugu,South East,Regular
CUST02333,Customer 2333,2348023455034, m ,18-25,Ibadan,South West,Occasional
CUST02334,Customer 2334,2348067904973,Male,60+,Port Harcourt,South South,premium 
CUST02335,Customer 2335,2348050684883,Male,60+,Benin City,South South,Occasional
CUST02336,Customer 2336,2348042976746,F,46-60,Kano,North West,premium 
CUST02337,Customer 2337,2348098927241,male,Unknown,Enugu,South East,Occasional
CUST02338,Customer 2338,2348077239766,Unknown,60+,Abuja,North Central,Regular
CUST02339,Customer 2339,2348066371137,M,Unknown,Kaduna,North West,Business
CUST02340,Customer 2340,2348068469658,Female,26-35,Port Harcourt,South South,Premium
CUST02341,Customer 2341,2348051055167,Male,36-45,Port Harcourt,South South,Regular
CUST02342,Customer 2342,2348031728671,Male,26-35,Abuja,North Central,premium 
CUST02343,Customer 2343,2348050274725,Unknown,26-35,Kano,North West,Business
CUST02344,Customer 2344,2348013598597,Male,Unknown,Abuja,North Central,Regular
CUST02345,Customer 2345,2348012912621,Male,46-60,Benin City,South South,Occasional
CUST02346,Customer 2346,2348029005068, m ,18-25,Kaduna,North West,Premium
CUST02347,Customer 2347,2348078838986,Female,36-45,Lagos,South West,Occasional
CUST02348,Customer 2348,2348050856381,Male,18-25,Enugu,South East,Regular
CUST02349,Customer 2349,2348099211082,Male,26-35,Port Harcourt,South South,Premium
CUST02350, Customer 2350 ,2348018128115,M,18-25,Enugu,South East,Occasional
CUST02351,Customer 2351,2348032753313,Unknown,46-60,Enugu,South East,Regular
CUST02352,Customer 2352,2348096086883,Female,36-45,Kaduna,North West,Regular
CUST02353,Customer 2353,2348085027706,male,Unknown,Kano,North West,premium 
CUST02354,Customer 2354,2348027663417,Female,36-45,Benin City,South South,Occasional
CUST02355,Customer 2355,2348092975039,Female,26-35,Lagos,South West,Occasional
CUST02356,Customer 2356,2348044005888,Female,26-35,Benin City,South South,premium 
CUST02357,Customer 2357,2348056418697,F,18-25,Abuja,North Central,Business
CUST02358,Customer 2358,2348017336249,Unknown,46-60,Benin City,South South,Occasional
CUST02359,Customer 2359,2348095406000,Female,46-60,Ibadan,South West,REGULAR
CUST02360,Customer 2360,2348013901424,Unknown,Unknown,Lagos,South West,REGULAR
CUST02361,Customer 2361,2348018338645,Male,18-25,Ibadan,South West,Unknown
CUST02362,Customer 2362,2348023894096,Female,Unknown,Port Harcourt,South South,Unknown
CUST02363,Customer 2363,2348081264944,Male,26-35,Port Harcourt,South South,Regular
CUST02364,Customer 2364,2348030869517,Male,18-25,Kano,North West,Premium
CUST02365,Customer 2365,2348044367738,female,Unknown,Kano,North West,Premium
CUST02366,Customer 2366,2348092122901,FEMALE,Unknown,Lagos,South West,Occasional
CUST02367,Customer 2367,2348084317972,Unknown,60+,Lagos,South West,Occasional
CUST02368,Customer 2368,2348097700095,Unknown,60+,Port Harcourt,South South,Business
CUST02369,Customer 2369,2348040285513,Unknown,46-60,Enugu,South East,Regular
CUST02370,Customer 2370,2348021214478,Male,Unknown,Lagos,South West,Premium
CUST02371,Customer 2371,2348063255989,Unknown,46-60,Ibadan,South West,Occasional
CUST02372,Customer 2372,2348011138450,F,Unknown,Port Harcourt,South South,Premium
CUST02373,Customer 2373,2348079631913,MALE,36-45,Ibadan,South West,Premium
CUST02374,Customer 2374,2348097671766,female,18-25,Kano,North West,Occasional
CUST02375, Customer 2375 ,2348012010115,Unknown,36-45,Port Harcourt,South South,premium 
CUST02376,Customer 2376,2348096138897,Female,60+,Ibadan,South West,Occasional
CUST02377,Customer 2377,2348068514572,Female,46-60,Ibadan,South West,Business
CUST02378,Customer 2378,2348055596702,Female,Unknown,Lagos,South West,Occasional
CUST02379,Customer 2379,2348079872661,FEMALE,46-60,Kano,North West,Occasional
CUST02380,Customer 2380,2348085523458, m ,46-60,Kaduna,North West,Regular
CUST02381,Customer 2381,2348053102248,F,36-45,Abuja,North Central,premium 
CUST02382,Customer 2382,2348076372361,Male,18-25,Benin City,South South,Unknown
CUST02383,Customer 2383,2348060305909, f ,36-45,Port Harcourt,South South,Regular
CUST02384,Customer 2384,2348034692812,Female,Unknown,Enugu,South East,Regular
CUST02385,Customer 2385,2348091720653,M,18-25,Abuja,North Central,REGULAR
CUST02386,Customer 2386,2348045520723,female,60+,Enugu,South East,Premium
CUST02387,Customer 2387,2348044956913,M,46-60,Benin City,South South,Regular
CUST02388,Customer 2388,2348098818959,female,60+,Kaduna,North West,Business
CUST02389,Customer 2389,2348029157184,Male,60+,Enugu,South East,REGULAR
CUST02390,Customer 2390,2348010189963,Unknown,36-45,Ibadan,South West,Regular
CUST02391,Customer 2391,2348050017148,M,60+,Kano,North West,Regular
CUST02392,Customer 2392,2348093809844,Female,18-25,Kaduna,North West,Premium
CUST02393,Customer 2393,2348033698130,MALE,18-25,Abuja,North Central,Regular
CUST02394,Customer 2394,2348030045149,M,18-25,Ibadan,South West,Occasional
CUST02395,Customer 2395,2348026015486,M,Unknown,Port Harcourt,South South,REGULAR
CUST02396,Customer 2396,2348049155701,female,26-35,Kano,North West,REGULAR
CUST02397,Customer 2397,2348085889408,Male,26-35,Enugu,South East,Premium
CUST02398,Customer 2398,2348098741957,Unknown,Unknown,Port Harcourt,South South,Regular
CUST02399,Customer 2399,2348086350632,Unknown,18-25,Enugu,South East,Premium
CUST02400, Customer 2400 ,2348052371734, f ,18-25,Kaduna,North West,Regular
CUST02401,Customer 2401,2348049438194,Female,Unknown,Benin City,South South,Premium
CUST02402,Customer 2402,2348050332638,M,18-25,Lagos,South West,Business
CUST02403,Customer 2403,2348023260140,Male,60+,Abuja,North Central,Regular
CUST02404,Customer 2404,2348081917022,Female,Unknown,Port Harcourt,South South,Unknown
CUST02405,Customer 2405,2348032119104,F,Unknown,Port Harcourt,South South,Premium
CUST02406,Customer 2406,2348030131783,Female,26-35,Benin City,South South,Regular
CUST02407,Customer 2407,2348049526012,MALE,18-25,Lagos,South West,Regular
CUST02408,Customer 2408,2348028226660,Female,Unknown,Benin City,South South,Regular
CUST02409,Customer 2409,2348029239856,Male,26-35,Enugu,South East,Unknown
CUST02410,Customer 2410,2348097200185,M,26-35,Benin City,South South,premium 
CUST02411,Customer 2411,2348059124287,Male,46-60,Lagos,South West,Occasional
CUST02412,Customer 2412,2348066754473,Male,18-25,Benin City,South South,Premium
CUST02413,Customer 2413,2348093099073, m ,26-35,Benin City,South South,Regular
CUST02414,Customer 2414,2348039843338,F,18-25,Port Harcourt,South South,Premium
CUST02415,Customer 2415,2348096512330,Female,60+,Ibadan,South West,Business
CUST02416,Customer 2416,2348059141649,Female,60+,Kaduna,North West,Business
CUST02417,Customer 2417,2348095496699,Unknown,36-45,Abuja,North Central,premium 
CUST02418,Customer 2418,2348012195437,Male,18-25,Port Harcourt,South South,Regular
CUST02419,Customer 2419,2348085206709,F,26-35,Benin City,South South,Occasional
CUST02420,Customer 2420,2348051754179,Male,36-45,Kano,North West,Regular
CUST02421,Customer 2421,2348059759230,Unknown,26-35,Ibadan,South West,Occasional
CUST02422,Customer 2422,2348089103561,Male,Unknown,Kano,North West,Premium
CUST02423,Customer 2423,2348080277679,M,46-60,Enugu,South East,Regular
CUST02424,Customer 2424,2348093617610,Unknown,60+,Port Harcourt,South South,Unknown
CUST02425, Customer 2425 ,2348099762973,Unknown,46-60,Enugu,South East,Premium
CUST02426,Customer 2426,2348055291558,male,26-35,Kano,North West,Business
CUST02427,Customer 2427,2348070517461,male,18-25,Kaduna,North West,Regular
CUST02428,Customer 2428,2348077693399,Female,46-60,Enugu,South East,Regular
CUST02429,Customer 2429,2348097377483,M,26-35,Abuja,North Central,Occasional
CUST02430,Customer 2430,2348018014418,FEMALE,Unknown,Port Harcourt,South South,Occasional
CUST02431,Customer 2431,2348088686657,Female,46-60,Kano,North West,Regular
CUST02432,Customer 2432,2348068208901,M,Unknown,Benin City,South South,Regular
CUST02433,Customer 2433,2348051114449,Male,36-45,Kano,North West,premium 
CUST02434,Customer 2434,2348030583646,Female,18-25,Abuja,North Central,Business
CUST02435,Customer 2435,2348057055606,M,Unknown,Lagos,South West,Regular
CUST02436,Customer 2436,2348036137633,female,60+,Kano,North West,Premium
CUST02437,Customer 2437,2348068634926,Male,46-60,Lagos,South West,REGULAR
CUST02438,Customer 2438,2348051065615,Female,36-45,Lagos,South West,premium 
CUST02439,Customer 2439,2348043520958,Unknown,Unknown,Port Harcourt,South South,Premium
CUST02440,Customer 2440,2348014550845,Male,26-35,Ibadan,South West,Occasional
CUST02441,Customer 2441,2348044044735,Female,46-60,Kano,North West,Occasional
CUST02442,Customer 2442,2348089834107,male,18-25,Abuja,North Central,Regular
CUST02443,Customer 2443,2348086226442,Male,60+,Ibadan,South West,Regular
CUST02444,Customer 2444,2348034467100,Unknown,26-35,Abuja,North Central,Occasional
CUST02445,Customer 2445,2348024887859,male,18-25,Lagos,South West,Occasional
CUST02446,Customer 2446,2348022920631,Unknown,26-35,Abuja,North Central,Regular
CUST02447,Customer 2447,2348020542057,FEMALE,Unknown,Abuja,North Central,Business
CUST02448,Customer 2448,2348054593148,Unknown,18-25,Benin City,South South,Occasional
CUST02449,Customer 2449,2348027337773, f ,26-35,Enugu,South East,Occasional
CUST02450, Customer 2450 ,2348095563064,Female,46-60,Abuja,North Central,Occasional
CUST02451,Customer 2451,2348020978164,Male,60+,Port Harcourt,South South,REGULAR
CUST02452,Customer 2452,2348079439129, m ,60+,Kano,North West,Business
CUST02453,Customer 2453,2348091089406,female,26-35,Abuja,North Central,Business
CUST02454,Customer 2454,2348091653972,MALE,26-35,Kano,North West,Regular
CUST02455,Customer 2455,2348018970262,Male,Unknown,Kaduna,North West,Regular
CUST02456,Customer 2456,2348011572971,Unknown,60+,Enugu,South East,Business
CUST02457,Customer 2457,2348054105676,F,26-35,Kaduna,North West,Regular
CUST02458,Customer 2458,2348019623193,Female,36-45,Port Harcourt,South South,REGULAR
CUST02459,Customer 2459,2348041846060,female,46-60,Ibadan,South West,Regular
CUST02460,Customer 2460,2348056497892,Female,60+,Abuja,North Central,Business
CUST02461,Customer 2461,2348022725382,Unknown,26-35,Kaduna,North West,Business
CUST02462,Customer 2462,2348093194833,Male,Unknown,Port Harcourt,South South,Occasional
CUST02463,Customer 2463,2348034858285, f ,18-25,Kaduna,North West,Occasional
CUST02464,Customer 2464,2348094123461,Unknown,26-35,Abuja,North Central,Premium
CUST02465,Customer 2465,2348036664076,female,36-45,Kano,North West,premium 
CUST02466,Customer 2466,2348029741217,Female,18-25,Lagos,South West,Regular
CUST02467,Customer 2467,2348039380428,male,18-25,Ibadan,South West,premium 
CUST02468,Customer 2468,2348072575847,Unknown,60+,Lagos,South West,Regular
CUST02469,Customer 2469,2348018884770,Male,Unknown,Kaduna,North West,Premium
CUST02470,Customer 2470,2348097049223,Unknown,Unknown,Port Harcourt,South South,Occasional
CUST02471,Customer 2471,2348044240271,Female,18-25,Ibadan,South West,Regular
CUST02472,Customer 2472,2348057524279,Unknown,46-60,Abuja,North Central,Regular
CUST02473,Customer 2473,2348026643575,Male,18-25,Kano,North West,Occasional
CUST02474,Customer 2474,2348059441047,Male,36-45,Kano,North West,Occasional
CUST02475, Customer 2475 ,2348047259993,Male,26-35,Kaduna,North West,Business
CUST02476,Customer 2476,2348095686373,Male,Unknown,Abuja,North Central,Premium
CUST02477,Customer 2477,2348051781051,MALE,26-35,Kaduna,North West,Regular
CUST02478,Customer 2478,2348010308609,Female,60+,Lagos,South West,Occasional
CUST02479,Customer 2479,2348024715742,F,60+,Kano,North West,Premium
CUST02480,Customer 2480,2348032751477,FEMALE,46-60,Ibadan,South West,Occasional
CUST02481,Customer 2481,2348091650835,Female,60+,Enugu,South East,Regular
CUST02482,Customer 2482,2348078167770,Female,46-60,Lagos,South West,Unknown
CUST02483,Customer 2483,2348067072614,Unknown,36-45,Ibadan,South West,Regular
CUST02484,Customer 2484,2348041143109,Unknown,36-45,Kaduna,North West,Premium
CUST02485,Customer 2485,2348035191645,F,36-45,Ibadan,South West,Regular
CUST02486,Customer 2486,2348044577213,Male,60+,Port Harcourt,South South,Occasional
CUST02487,Customer 2487,2348035713995,FEMALE,Unknown,Enugu,South East,Regular
CUST02488,Customer 2488,2348089149030,Female,46-60,Abuja,North Central,Business
CUST02489,Customer 2489,2348052352541,Female,46-60,Benin City,South South,Regular
CUST02490,Customer 2490,2348029862822,Male,18-25,Enugu,South East,Regular
CUST02491,Customer 2491,2348088335475,F,46-60,Kaduna,North West,Regular
CUST02492,Customer 2492,2348030389542,Male,60+,Lagos,South West,Unknown
CUST02493,Customer 2493,2348014730410,Female,18-25,Ibadan,South West,Premium
CUST02494,Customer 2494,2348039492609, m ,36-45,Lagos,South West,Unknown
CUST02495,Customer 2495,2348081156710,female,18-25,Lagos,South West,Regular
CUST02496,Customer 2496,2348065377875, m ,36-45,Benin City,South South,Unknown
CUST02497,Customer 2497,2348044113435,female,60+,Kaduna,North West,Business
CUST02498,Customer 2498,2348022202919,Unknown,46-60,Kaduna,North West,Business
CUST02499,Customer 2499,2348071338770,Unknown,18-25,Port Harcourt,South South,Unknown
CUST02500, Customer 2500 ,2348095238204,female,26-35,Benin City,South South,Regular
CUST02501,Customer 2501,2348012905477,Male,18-25,Lagos,South West,premium 
CUST02502,Customer 2502,2348061689588,Male,18-25,Abuja,North Central,Regular
CUST02503,Customer 2503,2348078895972, m ,60+,Enugu,South East,REGULAR
CUST02504,Customer 2504,2348034861353,F,46-60,Ibadan,South West,Regular
CUST02505,Customer 2505,2348069046192,F,18-25,Lagos,South West,REGULAR
CUST02506,Customer 2506,2348053758537,F,36-45,Lagos,South West,premium 
CUST02507,Customer 2507,2348064325541,Male,Unknown,Benin City,South South,Business
CUST02508,Customer 2508,2348077536325,female,Unknown,Ibadan,South West,Occasional
CUST02509,Customer 2509,2348034030473, m ,Unknown,Abuja,North Central,Premium
CUST02510,Customer 2510,2348029660869, f ,Unknown,Kano,North West,Business
CUST02511,Customer 2511,2348041031637,female,46-60,Port Harcourt,South South,Regular
CUST02512,Customer 2512,2348086216721,Unknown,18-25,Abuja,North Central,Business
CUST02513,Customer 2513,2348011961159, m ,18-25,Kaduna,North West,Premium
CUST02514,Customer 2514,2348036759617,Unknown,26-35,Abuja,North Central,Occasional
CUST02515,Customer 2515,2348099088226,Unknown,46-60,Kaduna,North West,Premium
CUST02516,Customer 2516,2348081810545,Female,60+,Lagos,South West,Premium
CUST02517,Customer 2517,2348046633914,Unknown,26-35,Lagos,South West,Occasional
CUST02518,Customer 2518,2348057190605,Unknown,60+,Kaduna,North West,Premium
CUST02519,Customer 2519,2348068949996,M,Unknown,Kaduna,North West,Business
CUST02520,Customer 2520,2348016760531,Male,36-45,Abuja,North Central,Premium
CUST02521,Customer 2521,2348093838194,Unknown,46-60,Lagos,South West,Occasional
CUST02522,Customer 2522,2348011866866, m ,36-45,Lagos,South West,Premium
CUST02523,Customer 2523,2348098845977,Unknown,60+,Benin City,South South,Unknown
CUST02524,Customer 2524,2348013734492,Female,26-35,Kaduna,North West,Regular
CUST02525, Customer 2525 ,2348064452983,Unknown,60+,Port Harcourt,South South,Regular
CUST02526,Customer 2526,2348065773551,Female,46-60,Benin City,South South,Business
CUST02527,Customer 2527,2348048640810,MALE,36-45,Kano,North West,Regular
CUST02528,Customer 2528,2348048979997,Female,26-35,Abuja,North Central,Premium
CUST02529,Customer 2529,2348084210858,Unknown,18-25,Kaduna,North West,Regular
CUST02530,Customer 2530,2348017064559,male,60+,Benin City,South South,Premium
CUST02531,Customer 2531,2348087796964,Female,26-35,Kaduna,North West,Occasional
CUST02532,Customer 2532,2348069760733,Female,18-25,Port Harcourt,South South,Regular
CUST02533,Customer 2533,2348061837488,Unknown,26-35,Lagos,South West,Premium
CUST02534,Customer 2534,2348021008501,Female,60+,Kaduna,North West,Premium
CUST02535,Customer 2535,2348053556549,Unknown,18-25,Enugu,South East,Regular
CUST02536,Customer 2536,2348092767680,female,18-25,Benin City,South South,Premium
CUST02537,Customer 2537,2348066097356,Female,Unknown,Benin City,South South,Regular
CUST02538,Customer 2538,2348099717508,Male,60+,Benin City,South South,Occasional
CUST02539,Customer 2539,2348061429794,Male,26-35,Enugu,South East,Regular
CUST02540,Customer 2540,2348056058464,Male,Unknown,Port Harcourt,South South,Occasional
CUST02541,Customer 2541,2348045158804, f ,60+,Lagos,South West,Occasional
CUST02542,Customer 2542,2348029648098,Female,46-60,Abuja,North Central,premium 
CUST02543,Customer 2543,2348087487663,M,26-35,Ibadan,South West,Regular
CUST02544,Customer 2544,2348020789927,F,60+,Kaduna,North West,Regular
CUST02545,Customer 2545,2348080966371,Male,26-35,Benin City,South South,Business
CUST02546,Customer 2546,2348068998738,FEMALE,26-35,Port Harcourt,South South,premium 
CUST02547,Customer 2547,2348052892882,Female,Unknown,Kano,North West,Regular
CUST02548,Customer 2548,2348069830832,Male,18-25,Port Harcourt,South South,premium 
CUST02549,Customer 2549,2348076482144,Male,Unknown,Lagos,South West,Regular
CUST02550, Customer 2550 ,2348076854552,Male,18-25,Ibadan,South West,Unknown
CUST02551,Customer 2551,2348067302825,Unknown,Unknown,Port Harcourt,South South,Business
CUST02552,Customer 2552,2348080492807,Male,Unknown,Port Harcourt,South South,Occasional
CUST02553,Customer 2553,2348073341998,Unknown,60+,Abuja,North Central,REGULAR
CUST02554,Customer 2554,2348088837036,Male,36-45,Kano,North West,Regular
CUST02555,Customer 2555,2348026345043,Male,60+,Benin City,South South,Premium
CUST02556,Customer 2556,2348041273811,MALE,46-60,Enugu,South East,REGULAR
CUST02557,Customer 2557,2348097395491,M,26-35,Port Harcourt,South South,premium 
CUST02558,Customer 2558,2348060635827,Female,36-45,Kano,North West,premium 
CUST02559,Customer 2559,2348050183523,Unknown,18-25,Abuja,North Central,Business
CUST02560,Customer 2560,2348068797218,Unknown,Unknown,Abuja,North Central,REGULAR
CUST02561,Customer 2561,2348015267507,Female,36-45,Enugu,South East,Premium
CUST02562,Customer 2562,2348025261320,F,26-35,Kaduna,North West,Business
CUST02563,Customer 2563,2348053672112,Male,60+,Enugu,South East,Premium
CUST02564,Customer 2564,2348022330632,M,18-25,Benin City,South South,premium 
CUST02565,Customer 2565,2348078280367,Male,18-25,Abuja,North Central,Occasional
CUST02566,Customer 2566,2348051516693,Unknown,Unknown,Ibadan,South West,Unknown
CUST02567,Customer 2567,2348034436900,Male,60+,Kano,North West,Business
CUST02568,Customer 2568,2348036181568,F,60+,Kaduna,North West,Occasional
CUST02569,Customer 2569,2348014423695, f ,46-60,Port Harcourt,South South,Occasional
CUST02570,Customer 2570,2348094328445,M,26-35,Abuja,North Central,Regular
CUST02571,Customer 2571,2348018471858,Unknown,36-45,Ibadan,South West,Premium
CUST02572,Customer 2572,2348040588458,Unknown,26-35,Lagos,South West,Business
CUST02573,Customer 2573,2348042823520,M,46-60,Ibadan,South West,Regular
CUST02574,Customer 2574,2348088798918,Unknown,36-45,Kano,North West,Premium
CUST02575, Customer 2575 ,2348040766137,Female,26-35,Ibadan,South West,Premium
CUST02576,Customer 2576,2348037503590,Male,Unknown,Lagos,South West,Unknown
CUST02577,Customer 2577,2348071589182,Female,46-60,Port Harcourt,South South,Occasional
CUST02578,Customer 2578,2348016767132,Male,26-35,Enugu,South East,Premium
CUST02579,Customer 2579,2348014679353,Female,18-25,Enugu,South East,Unknown
CUST02580,Customer 2580,2348085208528, f ,26-35,Abuja,North Central,Premium
CUST02581,Customer 2581,2348098407740,Male,18-25,Kaduna,North West,Business
CUST02582,Customer 2582,2348073520187,Female,60+,Abuja,North Central,Business
CUST02583,Customer 2583,2348054241271,M,18-25,Kaduna,North West,Regular
CUST02584,Customer 2584,2348015812674,F,46-60,Abuja,North Central,Premium
CUST02585,Customer 2585,2348031928748,female,60+,Abuja,North Central,Regular
CUST02586,Customer 2586,2348091683973,male,26-35,Port Harcourt,South South,Unknown
CUST02587,Customer 2587,2348089037716,FEMALE,26-35,Ibadan,South West,Premium
CUST02588,Customer 2588,2348042183540,Female,Unknown,Benin City,South South,Regular
CUST02589,Customer 2589,2348087319658, f ,18-25,Benin City,South South,Premium
CUST02590,Customer 2590,2348048931745,Male,Unknown,Kano,North West,Regular
CUST02591,Customer 2591,2348069678394,Male,18-25,Abuja,North Central,Business
CUST02592,Customer 2592,2348056069128,Female,36-45,Lagos,South West,Occasional
CUST02593,Customer 2593,2348096265796,Male,60+,Abuja,North Central,Premium
CUST02594,Customer 2594,2348020208273,Male,60+,Lagos,South West,Regular
CUST02595,Customer 2595,2348040187091,Male,26-35,Enugu,South East,Occasional
CUST02596,Customer 2596,2348014424210,Female,60+,Kano,North West,Premium
CUST02597,Customer 2597,2348025039762,Female,18-25,Abuja,North Central,Occasional
CUST02598,Customer 2598,2348060190229,Female,26-35,Enugu,South East,Occasional
CUST02599,Customer 2599,2348050215546,Unknown,36-45,Enugu,South East,Regular
CUST02600, Customer 2600 ,2348078845647,male,60+,Kano,North West,Regular
CUST02601,Customer 2601,2348099657567, f ,36-45,Enugu,South East,Regular
CUST02602,Customer 2602,2348066013546,Male,46-60,Port Harcourt,South South,Occasional
CUST02603,Customer 2603,2348026216127, f ,18-25,Kano,North West,REGULAR
CUST02604,Customer 2604,2348064587360,Unknown,36-45,Kaduna,North West,premium 
CUST02605,Customer 2605,2348023199459,Female,46-60,Abuja,North Central,Regular
CUST02606,Customer 2606,2348089649196,female,26-35,Ibadan,South West,Premium
CUST02607,Customer 2607,2348035354713,Male,Unknown,Enugu,South East,Occasional
CUST02608,Customer 2608,2348041858165,Male,60+,Benin City,South South,Premium
CUST02609,Customer 2609,2348072202485,M,46-60,Benin City,South South,Premium
CUST02610,Customer 2610,2348070483320,FEMALE,26-35,Enugu,South East,Occasional
CUST02611,Customer 2611,2348064759286,Unknown,60+,Abuja,North Central,Regular
CUST02612,Customer 2612,2348015989148,F,46-60,Abuja,North Central,Premium
CUST02613,Customer 2613,2348010226542,Male,Unknown,Kaduna,North West,Premium
CUST02614,Customer 2614,2348045047816,male,36-45,Kano,North West,Regular
CUST02615,Customer 2615,2348029656940,Unknown,60+,Ibadan,South West,Occasional
CUST02616,Customer 2616,2348069345365,female,46-60,Lagos,South West,Business
CUST02617,Customer 2617,2348013243649,F,26-35,Ibadan,South West,Occasional
CUST02618,Customer 2618,2348067682856,Male,46-60,Lagos,South West,REGULAR
CUST02619,Customer 2619,2348082013179,Male,18-25,Lagos,South West,Premium
CUST02620,Customer 2620,2348084960722,Unknown,18-25,Kaduna,North West,Regular
CUST02621,Customer 2621,2348026795291, m ,36-45,Enugu,South East,premium 
CUST02622,Customer 2622,2348036313687,Unknown,46-60,Benin City,South South,premium 
CUST02623,Customer 2623,2348074133077,Male,36-45,Benin City,South South,Occasional
CUST02624,Customer 2624,2348089422557,Male,Unknown,Benin City,South South,premium 
CUST02625, Customer 2625 ,2348073089229,M,46-60,Kaduna,North West,Business
CUST02626,Customer 2626,2348082451298, m ,Unknown,Benin City,South South,Regular
CUST02627,Customer 2627,2348042019588,Male,60+,Kano,North West,Regular
CUST02628,Customer 2628,2348059146621,Male,36-45,Kaduna,North West,Occasional
CUST02629,Customer 2629,2348099255887,Unknown,18-25,Kaduna,North West,Occasional
CUST02630,Customer 2630,2348028756385,Unknown,60+,Enugu,South East,Occasional
CUST02631,Customer 2631,2348059419651,Unknown,26-35,Enugu,South East,Occasional
CUST02632,Customer 2632,2348027638201,female,Unknown,Lagos,South West,Business
CUST02633,Customer 2633,2348015492722,Female,60+,Port Harcourt,South South,Business
CUST02634,Customer 2634,2348025299400,Unknown,18-25,Kano,North West,Regular
CUST02635,Customer 2635,2348040948543,Male,46-60,Abuja,North Central,premium 
CUST02636,Customer 2636,2348056281622,Female,18-25,Abuja,North Central,premium 
CUST02637,Customer 2637,2348024203283,Female,46-60,Kaduna,North West,Business
CUST02638,Customer 2638,2348052681044,F,60+,Kano,North West,Unknown
CUST02639,Customer 2639,2348057374015,M,26-35,Lagos,South West,Business
CUST02640,Customer 2640,2348084436493,female,60+,Enugu,South East,Premium
CUST02641,Customer 2641,2348069056095,Female,60+,Enugu,South East,Occasional
CUST02642,Customer 2642,2348049342465,Female,60+,Abuja,North Central,Premium
CUST02643,Customer 2643,2348092203818,Female,46-60,Kano,North West,Regular
CUST02644,Customer 2644,2348096457918,Female,18-25,Port Harcourt,South South,Occasional
CUST02645,Customer 2645,2348013292139,Female,36-45,Abuja,North Central,Regular
CUST02646,Customer 2646,2348038622993,FEMALE,18-25,Abuja,North Central,Premium
CUST02647,Customer 2647,2348027210377,Female,Unknown,Port Harcourt,South South,Regular
CUST02648,Customer 2648,2348067922979,Unknown,26-35,Kano,North West,Regular
CUST02649,Customer 2649,2348048840840,Male,36-45,Benin City,South South,Business
CUST02650, Customer 2650 ,2348022905886,F,Unknown,Ibadan,South West,Regular
CUST02651,Customer 2651,2348096571097,Female,60+,Ibadan,South West,Regular
CUST02652,Customer 2652,2348020415622,Unknown,36-45,Lagos,South West,Business
CUST02653,Customer 2653,2348080912361,Female,Unknown,Abuja,North Central,premium 
CUST02654,Customer 2654,2348035282307,Unknown,60+,Port Harcourt,South South,Premium
CUST02655,Customer 2655,2348028159288,F,18-25,Benin City,South South,Regular
CUST02656,Customer 2656,2348028916698,Female,46-60,Abuja,North Central,Unknown
CUST02657,Customer 2657,2348061004863,Female,Unknown,Lagos,South West,Premium
CUST02658,Customer 2658,2348015757970,Male,26-35,Benin City,South South,premium 
CUST02659,Customer 2659,2348041170274,Unknown,46-60,Kaduna,North West,Premium
CUST02660,Customer 2660,2348074156704,Male,Unknown,Enugu,South East,Regular
CUST02661,Customer 2661,2348010598058,male,Unknown,Kano,North West,Premium
CUST02662,Customer 2662,2348028353907,MALE,Unknown,Kaduna,North West,REGULAR
CUST02663,Customer 2663,2348085573843,Female,60+,Kaduna,North West,Occasional
CUST02664,Customer 2664,2348048066346,Female,46-60,Ibadan,South West,Premium
CUST02665,Customer 2665,2348048109404,Female,36-45,Port Harcourt,South South,Occasional
CUST02666,Customer 2666,2348074109669,Female,18-25,Enugu,South East,Regular
CUST02667,Customer 2667,2348052438663,Female,18-25,Ibadan,South West,premium 
CUST02668,Customer 2668,2348053788460,Male,60+,Port Harcourt,South South,Unknown
CUST02669,Customer 2669,2348059727397,female,Unknown,Enugu,South East,Business
CUST02670,Customer 2670,2348029686894,female,26-35,Enugu,South East,Regular
CUST02671,Customer 2671,2348087935925,Unknown,Unknown,Ibadan,South West,Premium
CUST02672,Customer 2672,2348096921011,Female,18-25,Benin City,South South,Regular
CUST02673,Customer 2673,2348014535118,Unknown,Unknown,Enugu,South East,Business
CUST02674,Customer 2674,2348093505288,Female,18-25,Port Harcourt,South South,Premium
CUST02675, Customer 2675 ,2348060339954,M,18-25,Enugu,South East,Premium
CUST02676,Customer 2676,2348056788400,male,Unknown,Lagos,South West,Premium
CUST02677,Customer 2677,2348064627693,Male,46-60,Ibadan,South West,Regular
CUST02678,Customer 2678,2348023059658,M,18-25,Lagos,South West,REGULAR
CUST02679,Customer 2679,2348050262105,female,46-60,Port Harcourt,South South,REGULAR
CUST02680,Customer 2680,2348095559122,Unknown,Unknown,Port Harcourt,South South,Premium
CUST02681,Customer 2681,2348020076427,Male,60+,Kaduna,North West,premium 
CUST02682,Customer 2682,2348021703445,Female,60+,Port Harcourt,South South,Occasional
CUST02683,Customer 2683,2348033951341,female,60+,Kano,North West,Regular
CUST02684,Customer 2684,2348064399248,female,60+,Benin City,South South,Premium
CUST02685,Customer 2685,2348096503909,Female,36-45,Enugu,South East,Occasional
CUST02686,Customer 2686,2348021856862,Unknown,26-35,Abuja,North Central,Regular
CUST02687,Customer 2687,2348085674430,M,18-25,Lagos,South West,Regular
CUST02688,Customer 2688,2348056238498,Unknown,46-60,Abuja,North Central,Unknown
CUST02689,Customer 2689,2348010318428,Unknown,60+,Enugu,South East,Regular
CUST02690,Customer 2690,2348060446780,F,Unknown,Benin City,South South,premium 
CUST02691,Customer 2691,2348027286503,Female,26-35,Kaduna,North West,Regular
CUST02692,Customer 2692,2348062077928,female,46-60,Benin City,South South,Occasional
CUST02693,Customer 2693,2348085493110,Female,36-45,Lagos,South West,Occasional
CUST02694,Customer 2694,2348096486831,Male,60+,Kaduna,North West,premium 
CUST02695,Customer 2695,2348030281459,Male,36-45,Ibadan,South West,Regular
CUST02696,Customer 2696,2348024198632,Female,Unknown,Port Harcourt,South South,Regular
CUST02697,Customer 2697,2348020680177,M,Unknown,Kaduna,North West,Regular
CUST02698,Customer 2698,2348022241139,Male,Unknown,Abuja,North Central,Occasional
CUST02699,Customer 2699,2348053874618,Male,26-35,Ibadan,South West,Unknown
CUST02700, Customer 2700 ,2348054643706,Female,60+,Kano,North West,Regular
CUST02701,Customer 2701,2348033016146,Female,Unknown,Benin City,South South,Premium
CUST02702,Customer 2702,2348057613789, m ,Unknown,Kaduna,North West,Occasional
CUST02703,Customer 2703,2348037102587,Female,18-25,Kaduna,North West,REGULAR
CUST02704,Customer 2704,2348082852379,Female,60+,Lagos,South West,Regular
CUST02705,Customer 2705,2348048571298,Unknown,60+,Kano,North West,Premium
CUST02706,Customer 2706,2348070863158,Male,Unknown,Lagos,South West,Premium
CUST02707,Customer 2707,2348013805487,Female,36-45,Lagos,South West,Unknown
CUST02708,Customer 2708,2348094228581,Unknown,Unknown,Ibadan,South West,Regular
CUST02709,Customer 2709,2348059072753,Male,18-25,Benin City,South South,Occasional
CUST02710,Customer 2710,2348093188147,Unknown,46-60,Abuja,North Central,REGULAR
CUST02711,Customer 2711,2348046641880,Female,26-35,Port Harcourt,South South,Regular
CUST02712,Customer 2712,2348034703084,Male,Unknown,Ibadan,South West,Unknown
CUST02713,Customer 2713,2348052999633,Male,46-60,Kaduna,North West,premium 
CUST02714,Customer 2714,2348087149139,Male,36-45,Ibadan,South West,Occasional
CUST02715,Customer 2715,2348031199304, m ,60+,Abuja,North Central,Unknown
CUST02716,Customer 2716,2348099695515,Unknown,26-35,Port Harcourt,South South,Regular
CUST02717,Customer 2717,2348020305776,M,36-45,Ibadan,South West,Premium
CUST02718,Customer 2718,2348061649258,Unknown,36-45,Enugu,South East,REGULAR
CUST02719,Customer 2719,2348011389787,Male,Unknown,Kaduna,North West,Occasional
CUST02720,Customer 2720,2348028787850,Unknown,46-60,Benin City,South South,Premium
CUST02721,Customer 2721,2348046040284,Unknown,46-60,Enugu,South East,REGULAR
CUST02722,Customer 2722,2348023883198,MALE,26-35,Lagos,South West,Premium
CUST02723,Customer 2723,2348021556373,Male,26-35,Benin City,South South,Business
CUST02724,Customer 2724,2348021317519,M,18-25,Port Harcourt,South South,Regular
CUST02725, Customer 2725 ,2348022399519,Unknown,26-35,Kaduna,North West,Premium
CUST02726,Customer 2726,2348049022665,F,26-35,Lagos,South West,Occasional
CUST02727,Customer 2727,2348025641282,M,18-25,Benin City,South South,Occasional
CUST02728,Customer 2728,2348041730818, m ,36-45,Abuja,North Central,Business
CUST02729,Customer 2729,2348032500800,FEMALE,18-25,Enugu,South East,Regular
CUST02730,Customer 2730,2348044608552,Unknown,46-60,Port Harcourt,South South,Occasional
CUST02731,Customer 2731,2348031941425,F,18-25,Kano,North West,Regular
CUST02732,Customer 2732,2348036070294,F,18-25,Benin City,South South,Regular
CUST02733,Customer 2733,2348092498332,Unknown,46-60,Benin City,South South,Premium
CUST02734,Customer 2734,2348022168188,Female,18-25,Benin City,South South,REGULAR
CUST02735,Customer 2735,2348027995277,Male,46-60,Ibadan,South West,Regular
CUST02736,Customer 2736,2348077444028,FEMALE,60+,Ibadan,South West,Occasional
CUST02737,Customer 2737,2348013269056,Male,36-45,Lagos,South West,Business
CUST02738,Customer 2738,2348085458021, m ,60+,Kano,North West,Regular
CUST02739,Customer 2739,2348091846824,Female,46-60,Kano,North West,Regular
CUST02740,Customer 2740,2348025347712,Unknown,46-60,Benin City,South South,Regular
CUST02741,Customer 2741,2348085088280,Male,60+,Kaduna,North West,Occasional
CUST02742,Customer 2742,2348087363704,female,60+,Kano,North West,Occasional
CUST02743,Customer 2743,2348088597971,MALE,26-35,Kaduna,North West,REGULAR
CUST02744,Customer 2744,2348031402461,female,36-45,Abuja,North Central,Premium
CUST02745,Customer 2745,2348017031720,M,60+,Port Harcourt,South South,Regular
CUST02746,Customer 2746,2348078613996, m ,Unknown,Lagos,South West,Business
CUST02747,Customer 2747,2348027433789,Male,18-25,Benin City,South South,Premium
CUST02748,Customer 2748,2348060248173,Male,36-45,Port Harcourt,South South,REGULAR
CUST02749,Customer 2749,2348033992734,Female,18-25,Kaduna,North West,Regular
CUST02750, Customer 2750 ,2348019608253,Male,36-45,Lagos,South West,Occasional
CUST02751,Customer 2751,2348054662849,Female,Unknown,Lagos,South West,Occasional
CUST02752,Customer 2752,2348025623001,M,26-35,Benin City,South South,Regular
CUST02753,Customer 2753,2348047231678,Female,60+,Kaduna,North West,Unknown
CUST02754,Customer 2754,2348067784905,Unknown,26-35,Kaduna,North West,Regular
CUST02755,Customer 2755,2348042407492,male,60+,Benin City,South South,Business
CUST02756,Customer 2756,2348055074023,MALE,26-35,Kaduna,North West,Regular
CUST02757,Customer 2757,2348035524835,FEMALE,Unknown,Enugu,South East,Occasional
CUST02758,Customer 2758,2348033960954,Male,18-25,Port Harcourt,South South,Occasional
CUST02759,Customer 2759,2348076492234,F,18-25,Port Harcourt,South South,Premium
CUST02760,Customer 2760,2348074651095,Female,18-25,Port Harcourt,South South,Regular
CUST02761,Customer 2761,2348064964514,M,26-35,Enugu,South East,Premium
CUST02762,Customer 2762,2348078974248,F,60+,Kano,North West,Regular
CUST02763,Customer 2763,2348075806934,Unknown,46-60,Enugu,South East,Regular
CUST02764,Customer 2764,2348057338265,Female,46-60,Ibadan,South West,Occasional
CUST02765,Customer 2765,2348099728203,M,36-45,Ibadan,South West,Regular
CUST02766,Customer 2766,2348054713873,Unknown,46-60,Kano,North West,Unknown
CUST02767,Customer 2767,2348028675717,FEMALE,26-35,Lagos,South West,Regular
CUST02768,Customer 2768,2348099034097,Male,26-35,Kano,North West,Premium
CUST02769,Customer 2769,2348068776016, f ,36-45,Port Harcourt,South South,Regular
CUST02770,Customer 2770,2348073343762,Female,26-35,Benin City,South South,Regular
CUST02771,Customer 2771,2348047653945,male,18-25,Port Harcourt,South South,REGULAR
CUST02772,Customer 2772,2348020110816,M,Unknown,Lagos,South West,Regular
CUST02773,Customer 2773,2348086539997,male,Unknown,Port Harcourt,South South,Regular
CUST02774,Customer 2774,2348029440870,Female,18-25,Kaduna,North West,REGULAR
CUST02775, Customer 2775 ,2348078641712,Male,60+,Benin City,South South,Premium
CUST02776,Customer 2776,2348055633056,Female,26-35,Ibadan,South West,Occasional
CUST02777,Customer 2777,2348035398679,FEMALE,26-35,Benin City,South South,premium 
CUST02778,Customer 2778,2348039926944,Female,18-25,Port Harcourt,South South,Regular
CUST02779,Customer 2779,2348056467570,Unknown,18-25,Enugu,South East,Premium
CUST02780,Customer 2780,2348017348374,female,18-25,Ibadan,South West,Business
CUST02781,Customer 2781,2348050420497,Unknown,Unknown,Ibadan,South West,Premium
CUST02782,Customer 2782,2348020797724,Male,18-25,Benin City,South South,Regular
CUST02783,Customer 2783,2348032619266,Unknown,Unknown,Port Harcourt,South South,Occasional
CUST02784,Customer 2784,2348050116711,female,60+,Kaduna,North West,Regular
CUST02785,Customer 2785,2348068632140,Unknown,Unknown,Enugu,South East,Occasional
CUST02786,Customer 2786,2348071738949, f ,46-60,Kano,North West,Occasional
CUST02787,Customer 2787,2348013646211,FEMALE,26-35,Kaduna,North West,Business
CUST02788,Customer 2788,2348053363074,Female,26-35,Abuja,North Central,premium 
CUST02789,Customer 2789,2348079544668,M,26-35,Enugu,South East,Business
CUST02790,Customer 2790,2348063808942,FEMALE,60+,Enugu,South East,Regular
CUST02791,Customer 2791,2348012541852,Female,60+,Port Harcourt,South South,Occasional
CUST02792,Customer 2792,2348035207856,Unknown,60+,Benin City,South South,Premium
CUST02793,Customer 2793,2348011061793,MALE,36-45,Lagos,South West,Unknown
CUST02794,Customer 2794,2348097955311, m ,36-45,Ibadan,South West,Unknown
CUST02795,Customer 2795,2348090691700,Male,60+,Enugu,South East,Regular
CUST02796,Customer 2796,2348094848602,MALE,36-45,Ibadan,South West,Regular
CUST02797,Customer 2797,2348022317675,Male,18-25,Port Harcourt,South South,Regular
CUST02798,Customer 2798,2348082699294,M,Unknown,Benin City,South South,Occasional
CUST02799,Customer 2799,2348014070276,Male,60+,Ibadan,South West,Regular
CUST02800, Customer 2800 ,2348087485317,Female,18-25,Abuja,North Central,Regular
CUST02801,Customer 2801,2348058545382,female,46-60,Benin City,South South,Business
CUST02802,Customer 2802,2348021190897,MALE,60+,Abuja,North Central,Premium
CUST02803,Customer 2803,2348022692946,M,36-45,Lagos,South West,Premium
CUST02804,Customer 2804,2348076246028,Male,Unknown,Benin City,South South,Occasional
CUST02805,Customer 2805,2348063721029,F,36-45,Ibadan,South West,Business
CUST02806,Customer 2806,2348052476872,Female,18-25,Port Harcourt,South South,Regular
CUST02807,Customer 2807,2348013828480,Male,60+,Kaduna,North West,Regular
CUST02808,Customer 2808,2348085750743,F,Unknown,Ibadan,South West,Occasional
CUST02809,Customer 2809,2348030209627,Unknown,60+,Port Harcourt,South South,Regular
CUST02810,Customer 2810,2348067188635,female,60+,Ibadan,South West,REGULAR
CUST02811,Customer 2811,2348045265555,Male,18-25,Benin City,South South,Premium
CUST02812,Customer 2812,2348011772575,Female,Unknown,Abuja,North Central,Business
CUST02813,Customer 2813,2348049455906,Female,18-25,Ibadan,South West,Premium
CUST02814,Customer 2814,2348070145002,Male,Unknown,Enugu,South East,Regular
CUST02815,Customer 2815,2348099570977,Male,46-60,Kaduna,North West,Premium
CUST02816,Customer 2816,2348083898655,Male,36-45,Lagos,South West,Regular
CUST02817,Customer 2817,2348052557472,Male,46-60,Kano,North West,Premium
CUST02818,Customer 2818,2348078244789,male,60+,Ibadan,South West,Unknown
CUST02819,Customer 2819,2348062222042,Male,Unknown,Kano,North West,Premium
CUST02820,Customer 2820,2348067739070,Unknown,26-35,Lagos,South West,Business
CUST02821,Customer 2821,2348033018857,F,36-45,Kano,North West,Regular
CUST02822,Customer 2822,2348022940835,Female,26-35,Ibadan,South West,Premium
CUST02823,Customer 2823,2348057952811,Female,18-25,Benin City,South South,Premium
CUST02824,Customer 2824,2348098683475,Unknown,36-45,Port Harcourt,South South,Regular
CUST02825, Customer 2825 ,2348074196938,Unknown,26-35,Abuja,North Central,Regular
CUST02826,Customer 2826,2348038233665, m ,18-25,Port Harcourt,South South,Occasional
CUST02827,Customer 2827,2348094653753,Female,26-35,Kano,North West,Unknown
CUST02828,Customer 2828,2348058706602,Female,26-35,Abuja,North Central,Regular
CUST02829,Customer 2829,2348077060535,Unknown,60+,Kano,North West,Premium
CUST02830,Customer 2830,2348067259980,Male,60+,Enugu,South East,Occasional
CUST02831,Customer 2831,2348085235136,F,18-25,Benin City,South South,Premium
CUST02832,Customer 2832,2348047938524,Male,60+,Abuja,North Central,Regular
CUST02833,Customer 2833,2348063353168,Unknown,60+,Ibadan,South West,Occasional
CUST02834,Customer 2834,2348072425254,Male,60+,Enugu,South East,Business
CUST02835,Customer 2835,2348013818302,Unknown,26-35,Lagos,South West,premium 
CUST02836,Customer 2836,2348033050556,Male,36-45,Benin City,South South,premium 
CUST02837,Customer 2837,2348040724249,M,Unknown,Benin City,South South,Occasional
CUST02838,Customer 2838,2348068453631,Unknown,60+,Lagos,South West,Unknown
CUST02839,Customer 2839,2348068575960,Female,36-45,Kano,North West,Occasional
CUST02840,Customer 2840,2348083849394,Unknown,36-45,Enugu,South East,Premium
CUST02841,Customer 2841,2348014782293,Male,26-35,Kaduna,North West,Premium
CUST02842,Customer 2842,2348012944214, f ,46-60,Abuja,North Central,Unknown
CUST02843,Customer 2843,2348082716322,female,Unknown,Lagos,South West,Business
CUST02844,Customer 2844,2348075884284,Female,26-35,Enugu,South East,Regular
CUST02845,Customer 2845,2348020434440,Male,26-35,Port Harcourt,South South,Regular
CUST02846,Customer 2846,2348098659731,Female,46-60,Kano,North West,Occasional
CUST02847,Customer 2847,2348099454323,F,46-60,Enugu,South East,Occasional
CUST02848,Customer 2848,2348080391754,Female,Unknown,Kaduna,North West,Occasional
CUST02849,Customer 2849,2348085322402,Female,36-45,Kaduna,North West,Occasional
CUST02850, Customer 2850 ,2348039521213,Female,18-25,Abuja,North Central,Regular
CUST02851,Customer 2851,2348013834056,Female,Unknown,Port Harcourt,South South,Premium
CUST02852,Customer 2852,2348082347148,Female,46-60,Ibadan,South West,Business
CUST02853,Customer 2853,2348037012635,Male,26-35,Port Harcourt,South South,Regular
CUST02854,Customer 2854,2348035816777,Female,60+,Benin City,South South,Regular
CUST02855,Customer 2855,2348099885444,Unknown,26-35,Kano,North West,Regular
CUST02856,Customer 2856,2348030033029,Male,36-45,Lagos,South West,Business
CUST02857,Customer 2857,2348026074236,Unknown,18-25,Kaduna,North West,Regular
CUST02858,Customer 2858,2348081767030,F,36-45,Kaduna,North West,Business
CUST02859,Customer 2859,2348090974911,Female,26-35,Benin City,South South,Premium
CUST02860,Customer 2860,2348030542663,Unknown,26-35,Ibadan,South West,Regular
CUST02861,Customer 2861,2348056850749,Unknown,46-60,Benin City,South South,Regular
CUST02862,Customer 2862,2348075072250,M,Unknown,Port Harcourt,South South,premium 
CUST02863,Customer 2863,2348059532610,Unknown,18-25,Kano,North West,Regular
CUST02864,Customer 2864,2348066330691,Male,Unknown,Kano,North West,premium 
CUST02865,Customer 2865,2348028302477,male,46-60,Kano,North West,Premium
CUST02866,Customer 2866,2348063859899,male,60+,Abuja,North Central,premium 
CUST02867,Customer 2867,2348010728412,Female,18-25,Lagos,South West,Premium
CUST02868,Customer 2868,2348063004107,FEMALE,46-60,Ibadan,South West,Premium
CUST02869,Customer 2869,2348087496277,Female,36-45,Enugu,South East,Regular
CUST02870,Customer 2870,2348083390785,MALE,26-35,Benin City,South South,Occasional
CUST02871,Customer 2871,2348034349657,Unknown,36-45,Enugu,South East,Regular
CUST02872,Customer 2872,2348024391068,Female,60+,Kano,North West,REGULAR
CUST02873,Customer 2873,2348035091144,F,46-60,Benin City,South South,Premium
CUST02874,Customer 2874,2348047407979,Unknown,46-60,Enugu,South East,Premium
CUST02875, Customer 2875 ,2348062425996,Male,46-60,Port Harcourt,South South,Premium
CUST02876,Customer 2876,2348032724084,Female,Unknown,Port Harcourt,South South,Premium
CUST02877,Customer 2877,2348078505435,Male,Unknown,Kaduna,North West,Occasional
CUST02878,Customer 2878,2348080079746,female,60+,Kano,North West,Unknown
CUST02879,Customer 2879,2348085082291, m ,60+,Port Harcourt,South South,Regular
CUST02880,Customer 2880,2348087296894,female,60+,Enugu,South East,Regular
CUST02881,Customer 2881,2348010585662,FEMALE,18-25,Port Harcourt,South South,Premium
CUST02882,Customer 2882,2348016597085,Unknown,60+,Enugu,South East,Premium
CUST02883,Customer 2883,2348057122410,Female,36-45,Enugu,South East,Occasional
CUST02884,Customer 2884,2348014643674,Male,18-25,Ibadan,South West,Unknown
CUST02885,Customer 2885,2348011540289,Female,26-35,Kano,North West,Regular
CUST02886,Customer 2886,2348065024216,M,18-25,Port Harcourt,South South,Unknown
CUST02887,Customer 2887,2348018426485,MALE,46-60,Lagos,South West,premium 
CUST02888,Customer 2888,2348094644415, f ,46-60,Kano,North West,Regular
CUST02889,Customer 2889,2348045500259,Male,18-25,Abuja,North Central,Premium
CUST02890,Customer 2890,2348028197498,Unknown,60+,Port Harcourt,South South,premium 
CUST02891,Customer 2891,2348035577618,Female,26-35,Benin City,South South,Regular
CUST02892,Customer 2892,2348010614905,Unknown,18-25,Kaduna,North West,Premium
CUST02893,Customer 2893,2348064931828,Male,46-60,Abuja,North Central,Occasional
CUST02894,Customer 2894,2348075562323,Unknown,Unknown,Lagos,South West,Regular
CUST02895,Customer 2895,2348018292435,Female,26-35,Enugu,South East,premium 
CUST02896,Customer 2896,2348056317907,Male,60+,Abuja,North Central,Unknown
CUST02897,Customer 2897,2348060648947,Male,36-45,Lagos,South West,Regular
CUST02898,Customer 2898,2348068193741,Male,26-35,Enugu,South East,Regular
CUST02899,Customer 2899,2348055402501,F,26-35,Abuja,North Central,Occasional
CUST02900, Customer 2900 ,2348089740829,Unknown,60+,Lagos,South West,Regular
CUST02901,Customer 2901,2348071852921,Male,36-45,Lagos,South West,Regular
CUST02902,Customer 2902,2348083494884,Female,36-45,Benin City,South South,premium 
CUST02903,Customer 2903,2348011388210,MALE,26-35,Port Harcourt,South South,premium 
CUST02904,Customer 2904,2348090581200,Male,18-25,Kano,North West,Regular
CUST02905,Customer 2905,2348073921655,M,36-45,Port Harcourt,South South,Business
CUST02906,Customer 2906,2348056563030,Female,26-35,Enugu,South East,Regular
CUST02907,Customer 2907,2348062246884,female,18-25,Benin City,South South,Premium
CUST02908,Customer 2908,2348066115903,Female,46-60,Kaduna,North West,Premium
CUST02909,Customer 2909,2348031381422,Unknown,60+,Lagos,South West,Premium
CUST02910,Customer 2910,2348047986058,Male,18-25,Enugu,South East,Premium
CUST02911,Customer 2911,2348073833219, m ,18-25,Kano,North West,Business
CUST02912,Customer 2912,2348075576268,Unknown,60+,Benin City,South South,premium 
CUST02913,Customer 2913,2348097402808,Female,36-45,Lagos,South West,Regular
CUST02914,Customer 2914,2348082012141, m ,46-60,Abuja,North Central,Business
CUST02915,Customer 2915,2348066157316,Female,36-45,Benin City,South South,Regular
CUST02916,Customer 2916,2348073521150,F,60+,Port Harcourt,South South,Regular
CUST02917,Customer 2917,2348069527123,Female,18-25,Enugu,South East,REGULAR
CUST02918,Customer 2918,2348084426386,Female,18-25,Kano,North West,Regular
CUST02919,Customer 2919,2348042961416,female,36-45,Port Harcourt,South South,Unknown
CUST02920,Customer 2920,2348032968617,M,46-60,Kano,North West,Regular
CUST02921,Customer 2921,2348046714171,female,18-25,Port Harcourt,South South,Business
CUST02922,Customer 2922,2348011591449,female,60+,Benin City,South South,Business
CUST02923,Customer 2923,2348083184824,Male,46-60,Abuja,North Central,premium 
CUST02924,Customer 2924,2348084660128,Unknown,Unknown,Kaduna,North West,premium 
CUST02925, Customer 2925 ,2348072142863,M,60+,Kaduna,North West,Regular
CUST02926,Customer 2926,2348052813613,female,18-25,Kano,North West,Unknown
CUST02927,Customer 2927,2348086637680,male,36-45,Kaduna,North West,Occasional
CUST02928,Customer 2928,2348043460164,Male,18-25,Lagos,South West,REGULAR
CUST02929,Customer 2929,2348081067743,Female,26-35,Benin City,South South,premium 
CUST02930,Customer 2930,2348067203056,Male,36-45,Enugu,South East,REGULAR
CUST02931,Customer 2931,2348029453679,Male,60+,Enugu,South East,Premium
CUST02932,Customer 2932,2348010369944,Unknown,60+,Kaduna,North West,Premium
CUST02933,Customer 2933,2348064384337,Female,36-45,Abuja,North Central,Unknown
CUST02934,Customer 2934,2348070852949,M,60+,Ibadan,South West,Regular
CUST02935,Customer 2935,2348037266979,Male,46-60,Ibadan,South West,Occasional
CUST02936,Customer 2936,2348042739786,MALE,18-25,Kaduna,North West,Occasional
CUST02937,Customer 2937,2348053342000,Unknown,Unknown,Ibadan,South West,Unknown
CUST02938,Customer 2938,2348033039711,Female,18-25,Ibadan,South West,Regular
CUST02939,Customer 2939,2348057613674,F,Unknown,Port Harcourt,South South,Unknown
CUST02940,Customer 2940,2348097082750,Female,46-60,Port Harcourt,South South,Regular
CUST02941,Customer 2941,2348087822194,Female,Unknown,Ibadan,South West,Occasional
CUST02942,Customer 2942,2348056762114,Unknown,Unknown,Kaduna,North West,Business
CUST02943,Customer 2943,2348029087429, f ,60+,Kano,North West,Regular
CUST02944,Customer 2944,2348098984104,Female,26-35,Kaduna,North West,Regular
CUST02945,Customer 2945,2348094150544,Female,46-60,Benin City,South South,Premium
CUST02946,Customer 2946,2348078870950,Unknown,46-60,Abuja,North Central,Regular
CUST02947,Customer 2947,2348075018379,Unknown,46-60,Benin City,South South,premium 
CUST02948,Customer 2948,2348048589026, m ,26-35,Kano,North West,Premium
CUST02949,Customer 2949,2348036123062,MALE,60+,Kano,North West,Regular
CUST02950, Customer 2950 ,2348050911831,Female,46-60,Abuja,North Central,Premium
CUST02951,Customer 2951,2348081654398,Female,18-25,Benin City,South South,Premium
CUST02952,Customer 2952,2348069789269,Male,60+,Abuja,North Central,Premium
CUST02953,Customer 2953,2348035046564,Female,60+,Abuja,North Central,REGULAR
CUST02954,Customer 2954,2348055385250,Male,46-60,Abuja,North Central,Occasional
CUST02955,Customer 2955,2348062561119,Male,26-35,Benin City,South South,premium 
CUST02956,Customer 2956,2348084480779,Female,26-35,Ibadan,South West,Premium
CUST02957,Customer 2957,2348071445514,Female,60+,Kaduna,North West,REGULAR
CUST02958,Customer 2958,2348014397694,Female,46-60,Kano,North West,REGULAR
CUST02959,Customer 2959,2348051874079,Female,26-35,Lagos,South West,Premium
CUST02960,Customer 2960,2348013836692,Female,46-60,Abuja,North Central,Regular
CUST02961,Customer 2961,2348037226611,Male,Unknown,Port Harcourt,South South,Regular
CUST02962,Customer 2962,2348017331261,Female,36-45,Abuja,North Central,Occasional
CUST02963,Customer 2963,2348051099757,Unknown,26-35,Ibadan,South West,Business
CUST02964,Customer 2964,2348027383038, f ,36-45,Abuja,North Central,premium 
CUST02965,Customer 2965,2348090017650,female,46-60,Kano,North West,Occasional
CUST02966,Customer 2966,2348023293739,Unknown,18-25,Abuja,North Central,Regular
CUST02967,Customer 2967,2348063074480,Unknown,36-45,Port Harcourt,South South,Business
CUST02968,Customer 2968,2348018554334,Female,18-25,Ibadan,South West,Premium
CUST02969,Customer 2969,2348023976048,Unknown,26-35,Kaduna,North West,Regular
CUST02970,Customer 2970,2348099009007,female,18-25,Lagos,South West,Business
CUST02971,Customer 2971,2348094896230,Male,26-35,Benin City,South South,Regular
CUST02972,Customer 2972,2348026650804,Female,Unknown,Lagos,South West,Premium
CUST02973,Customer 2973,2348035371263,Unknown,60+,Kaduna,North West,Premium
CUST02974,Customer 2974,2348055854776,Unknown,46-60,Benin City,South South,Occasional
CUST02975, Customer 2975 ,2348072857088,Unknown,18-25,Abuja,North Central,Premium
CUST02976,Customer 2976,2348077905480,F,18-25,Port Harcourt,South South,premium 
CUST02977,Customer 2977,2348026337957,FEMALE,26-35,Kano,North West,Regular
CUST02978,Customer 2978,2348028726730,Unknown,26-35,Kaduna,North West,Business
CUST02979,Customer 2979,2348099363520,Male,36-45,Abuja,North Central,Regular
CUST02980,Customer 2980,2348036695833,Unknown,60+,Port Harcourt,South South,Occasional
CUST02981,Customer 2981,2348075289449,Unknown,46-60,Ibadan,South West,Business
CUST02982,Customer 2982,2348019031070,Unknown,46-60,Enugu,South East,Premium
CUST02983,Customer 2983,2348098232993,Male,46-60,Abuja,North Central,REGULAR
CUST02984,Customer 2984,2348086682235,Male,36-45,Lagos,South West,Premium
CUST02985,Customer 2985,2348054615419,Female,Unknown,Port Harcourt,South South,Regular
CUST02986,Customer 2986,2348091704108,Male,46-60,Kano,North West,Regular
CUST02987,Customer 2987,2348093043009,FEMALE,60+,Ibadan,South West,Occasional
CUST02988,Customer 2988,2348081669455,Male,60+,Port Harcourt,South South,Business
CUST02989,Customer 2989,2348074199750,Male,60+,Benin City,South South,premium 
CUST02990,Customer 2990,2348037944349,Female,26-35,Benin City,South South,Occasional
CUST02991,Customer 2991,2348028869801,Male,46-60,Enugu,South East,premium 
CUST02992,Customer 2992,2348044266440,MALE,60+,Enugu,South East,Regular
CUST02993,Customer 2993,2348037908058, m ,18-25,Lagos,South West,Occasional
CUST02994,Customer 2994,2348086263449,female,60+,Abuja,North Central,Occasional
CUST02995,Customer 2995,2348099254036,Unknown,Unknown,Kano,North West,Unknown
CUST02996,Customer 2996,2348060768633,male,18-25,Ibadan,South West,Unknown
CUST02997,Customer 2997,2348063927982,Unknown,36-45,Lagos,South West,Occasional
CUST02998,Customer 2998,2348073810120,Unknown,Unknown,Kano,North West,Regular
CUST02999,Customer 2999,2348011003918,MALE,46-60,Ibadan,South West,Regular
CUST03000, Customer 3000 ,2348067540666,MALE,18-25,Abuja,North Central,Premium
CUST03001,Customer 3001,2348035017017,Female,46-60,Abuja,North Central,Regular
CUST03002,Customer 3002,2348095970126,female,26-35,Kano,North West,Premium
CUST03003,Customer 3003,2348035993362,Male,60+,Kaduna,North West,Regular
CUST03004,Customer 3004,2348089351210,Female,46-60,Ibadan,South West,Regular
CUST03005,Customer 3005,2348024461287,Unknown,46-60,Benin City,South South,Premium
CUST03006,Customer 3006,2348088864513,M,46-60,Kaduna,North West,Unknown
CUST03007,Customer 3007,2348037797543,female,60+,Ibadan,South West,Premium
CUST03008,Customer 3008,2348074050882, m ,18-25,Kaduna,North West,Premium
CUST03009,Customer 3009,2348045604087,female,18-25,Abuja,North Central,Premium
CUST03010,Customer 3010,2348049662695,female,36-45,Kano,North West,Occasional
CUST03011,Customer 3011,2348096090598,Male,36-45,Benin City,South South,Occasional
CUST03012,Customer 3012,2348055989704,F,26-35,Lagos,South West,Occasional
CUST03013,Customer 3013,2348057984824,female,18-25,Lagos,South West,Premium
CUST03014,Customer 3014,2348042989257,Unknown,46-60,Kaduna,North West,Premium
CUST03015,Customer 3015,2348027525644,Female,60+,Lagos,South West,Unknown
CUST03016,Customer 3016,2348096260447,Male,Unknown,Port Harcourt,South South,Regular
CUST03017,Customer 3017,2348060712160,Unknown,18-25,Lagos,South West,Occasional
CUST03018,Customer 3018,2348013585916,Male,26-35,Kaduna,North West,Premium
CUST03019,Customer 3019,2348044571219,Male,18-25,Kaduna,North West,Regular
CUST03020,Customer 3020,2348017506530,FEMALE,Unknown,Port Harcourt,South South,Occasional
CUST03021,Customer 3021,2348065568572,Female,60+,Ibadan,South West,Premium
CUST03022,Customer 3022,2348087465889,FEMALE,46-60,Port Harcourt,South South,premium 
CUST03023,Customer 3023,2348038714517,Male,26-35,Abuja,North Central,Regular
CUST03024,Customer 3024,2348088809917,Unknown,46-60,Enugu,South East,Premium
CUST03025, Customer 3025 ,2348077156300,M,Unknown,Lagos,South West,Occasional
CUST03026,Customer 3026,2348015457513,female,Unknown,Abuja,North Central,Regular
CUST03027,Customer 3027,2348040968110,Unknown,60+,Abuja,North Central,Premium
CUST03028,Customer 3028,2348098670319,Unknown,60+,Enugu,South East,Premium
CUST03029,Customer 3029,2348018433510,Female,60+,Lagos,South West,Occasional
CUST03030,Customer 3030,2348035876083,M,Unknown,Abuja,North Central,Occasional
CUST03031,Customer 3031,2348073142506, m ,46-60,Ibadan,South West,Regular
CUST03032,Customer 3032,2348012089378,Male,Unknown,Port Harcourt,South South,Regular
CUST03033,Customer 3033,2348011126886,M,26-35,Ibadan,South West,Business
CUST03034,Customer 3034,2348036690793,female,36-45,Abuja,North Central,Premium
CUST03035,Customer 3035,2348033752840,M,26-35,Port Harcourt,South South,Occasional
CUST03036,Customer 3036,2348035601907,MALE,18-25,Ibadan,South West,premium 
CUST03037,Customer 3037,2348084629909,Female,Unknown,Abuja,North Central,Occasional
CUST03038,Customer 3038,2348015501674,Female,46-60,Kano,North West,Premium
CUST03039,Customer 3039,2348052482121,MALE,46-60,Abuja,North Central,Occasional
CUST03040,Customer 3040,2348098437528,Female,Unknown,Kano,North West,Unknown
CUST03041,Customer 3041,2348097539789,Unknown,36-45,Kano,North West,Regular
CUST03042,Customer 3042,2348077546095,Male,Unknown,Kaduna,North West,Premium
CUST03043,Customer 3043,2348045384163,M,Unknown,Lagos,South West,premium 
CUST03044,Customer 3044,2348050041429,Unknown,26-35,Kaduna,North West,Regular
CUST03045,Customer 3045,2348092895842,Unknown,26-35,Enugu,South East,Occasional
CUST03046,Customer 3046,2348046376453,Male,60+,Kano,North West,Premium
CUST03047,Customer 3047,2348056556682,M,Unknown,Kano,North West,Business
CUST03048,Customer 3048,2348085260839,Female,60+,Enugu,South East,Premium
CUST03049,Customer 3049,2348040594511,Unknown,Unknown,Abuja,North Central,Regular
CUST03050, Customer 3050 ,2348011951543,Female,Unknown,Port Harcourt,South South,Occasional
CUST03051,Customer 3051,2348084065266,Male,18-25,Port Harcourt,South South,Unknown
CUST03052,Customer 3052,2348023246910,Male,18-25,Lagos,South West,Regular
CUST03053,Customer 3053,2348060793193,Male,36-45,Port Harcourt,South South,Premium
CUST03054,Customer 3054,2348061797518,Unknown,36-45,Kano,North West,Business
CUST03055,Customer 3055,2348078062013,female,46-60,Kano,North West,Regular
CUST03056,Customer 3056,2348094554302,Male,60+,Benin City,South South,Premium
CUST03057,Customer 3057,2348095942028,Unknown,18-25,Port Harcourt,South South,Premium
CUST03058,Customer 3058,2348068465295,M,18-25,Enugu,South East,Business
CUST03059,Customer 3059,2348013451504,Unknown,60+,Enugu,South East,Unknown
CUST03060,Customer 3060,2348050566079,M,46-60,Port Harcourt,South South,premium 
CUST03061,Customer 3061,2348024567494,F,26-35,Ibadan,South West,Premium
CUST03062,Customer 3062,2348091041708,M,18-25,Benin City,South South,Regular
CUST03063,Customer 3063,2348094760483,male,26-35,Lagos,South West,Premium
CUST03064,Customer 3064,2348010732454,Female,46-60,Benin City,South South,Regular
CUST03065,Customer 3065,2348074209037,M,26-35,Port Harcourt,South South,Regular
CUST03066,Customer 3066,2348062304888,Female,18-25,Kano,North West,REGULAR
CUST03067,Customer 3067,2348093276510,male,Unknown,Port Harcourt,South South,Premium
CUST03068,Customer 3068,2348088024598,Male,26-35,Lagos,South West,Unknown
CUST03069,Customer 3069,2348023327062,Unknown,46-60,Enugu,South East,Occasional
CUST03070,Customer 3070,2348047899704,Male,26-35,Benin City,South South,REGULAR
CUST03071,Customer 3071,2348098544041,Male,60+,Benin City,South South,Occasional
CUST03072,Customer 3072,2348017950332,male,Unknown,Ibadan,South West,Premium
CUST03073,Customer 3073,2348086062240,Unknown,26-35,Lagos,South West,Regular
CUST03074,Customer 3074,2348014554671,Male,Unknown,Kaduna,North West,Business
CUST03075, Customer 3075 ,2348057344469,Female,18-25,Kaduna,North West,premium 
CUST03076,Customer 3076,2348086566048,Male,Unknown,Kano,North West,Premium
CUST03077,Customer 3077,2348082453192,Female,18-25,Port Harcourt,South South,premium 
CUST03078,Customer 3078,2348051051664,Female,26-35,Ibadan,South West,Regular
CUST03079,Customer 3079,2348022672300,Male,60+,Kano,North West,Occasional
CUST03080,Customer 3080,2348084934945,Female,18-25,Kaduna,North West,Business
CUST03081,Customer 3081,2348071250321,Female,Unknown,Abuja,North Central,Premium
CUST03082,Customer 3082,2348033534594,Unknown,36-45,Abuja,North Central,Regular
CUST03083,Customer 3083,2348059964002,male,36-45,Enugu,South East,REGULAR
CUST03084,Customer 3084,2348025287126,Female,46-60,Enugu,South East,Occasional
CUST03085,Customer 3085,2348029693085,Unknown,36-45,Kaduna,North West,Occasional
CUST03086,Customer 3086,2348029002881,Male,Unknown,Kaduna,North West,Regular
CUST03087,Customer 3087,2348074508228,Unknown,36-45,Enugu,South East,REGULAR
CUST03088,Customer 3088,2348023633952,M,36-45,Ibadan,South West,Regular
CUST03089,Customer 3089,2348051501637,Male,36-45,Port Harcourt,South South,Occasional
CUST03090,Customer 3090,2348085482176,Unknown,36-45,Enugu,South East,Regular
CUST03091,Customer 3091,2348043322649,Female,18-25,Port Harcourt,South South,Premium
CUST03092,Customer 3092,2348098922511,Unknown,60+,Kano,North West,Occasional
CUST03093,Customer 3093,2348063966564,Female,60+,Enugu,South East,Unknown
CUST03094,Customer 3094,2348036994182,male,18-25,Port Harcourt,South South,Occasional
CUST03095,Customer 3095,2348074693387,F,60+,Kaduna,North West,Regular
CUST03096,Customer 3096,2348068191949,Unknown,46-60,Benin City,South South,Occasional
CUST03097,Customer 3097,2348030523851,Male,18-25,Port Harcourt,South South,Occasional
CUST03098,Customer 3098,2348071769478,M,Unknown,Enugu,South East,Business
CUST03099,Customer 3099,2348063015618,male,46-60,Enugu,South East,Premium
CUST03100, Customer 3100 ,2348010230956,M,46-60,Benin City,South South,premium 
CUST03101,Customer 3101,2348092352993,female,26-35,Benin City,South South,REGULAR
CUST03102,Customer 3102,2348044560619,Female,26-35,Kaduna,North West,Occasional
CUST03103,Customer 3103,2348065784861,MALE,46-60,Port Harcourt,South South,premium 
CUST03104,Customer 3104,2348039057986,Unknown,46-60,Lagos,South West,Regular
CUST03105,Customer 3105,2348035399550,Male,46-60,Lagos,South West,Occasional
CUST03106,Customer 3106,2348087149296,Male,Unknown,Ibadan,South West,Business
CUST03107,Customer 3107,2348056714076,M,18-25,Benin City,South South,Occasional
CUST03108,Customer 3108,2348068107499, f ,60+,Lagos,South West,Premium
CUST03109,Customer 3109,2348028574317,FEMALE,36-45,Benin City,South South,Occasional
CUST03110,Customer 3110,2348055364154,Male,18-25,Kano,North West,Occasional
CUST03111,Customer 3111,2348070134107, m ,Unknown,Lagos,South West,Regular
CUST03112,Customer 3112,2348011006924,F,18-25,Enugu,South East,Occasional
CUST03113,Customer 3113,2348080289640,Female,26-35,Port Harcourt,South South,Premium
CUST03114,Customer 3114,2348099895752,Female,26-35,Enugu,South East,Business
CUST03115,Customer 3115,2348088063963,Female,46-60,Ibadan,South West,Premium
CUST03116,Customer 3116,2348085717620,Male,26-35,Kano,North West,Premium
CUST03117,Customer 3117,2348035204515,Unknown,46-60,Ibadan,South West,Premium
CUST03118,Customer 3118,2348022072128,Female,26-35,Enugu,South East,Regular
CUST03119,Customer 3119,2348099663122,Unknown,26-35,Ibadan,South West,Occasional
CUST03120,Customer 3120,2348097354752,Unknown,36-45,Kaduna,North West,Regular
CUST03121,Customer 3121,2348088988574,female,18-25,Port Harcourt,South South,Occasional
CUST03122,Customer 3122,2348027857752,Unknown,60+,Kano,North West,Occasional
CUST03123,Customer 3123,2348040364188,M,18-25,Abuja,North Central,Premium
CUST03124,Customer 3124,2348068441585,Male,26-35,Lagos,South West,Regular
CUST03125, Customer 3125 ,2348082917714,Male,36-45,Abuja,North Central,Business
CUST03126,Customer 3126,2348058444425,F,36-45,Ibadan,South West,Business
CUST03127,Customer 3127,2348052870837,female,60+,Kano,North West,Occasional
CUST03128,Customer 3128,2348012965422,Female,46-60,Abuja,North Central,Premium
CUST03129,Customer 3129,2348037930326,M,Unknown,Kaduna,North West,Occasional
CUST03130,Customer 3130,2348072604488,Unknown,36-45,Enugu,South East,Regular
CUST03131,Customer 3131,2348020013779,F,26-35,Enugu,South East,Occasional
CUST03132,Customer 3132,2348028025578,Male,18-25,Lagos,South West,Premium
CUST03133,Customer 3133,2348041265571,Male,26-35,Port Harcourt,South South,Premium
CUST03134,Customer 3134,2348044824668,Male,36-45,Kaduna,North West,Premium
CUST03135,Customer 3135,2348018222858, m ,46-60,Ibadan,South West,Unknown
CUST03136,Customer 3136,2348038411773,FEMALE,36-45,Lagos,South West,Regular
CUST03137,Customer 3137,2348080330967,Male,18-25,Kano,North West,Regular
CUST03138,Customer 3138,2348074122209,MALE,46-60,Kaduna,North West,Premium
CUST03139,Customer 3139,2348025210486,male,46-60,Lagos,South West,Premium
CUST03140,Customer 3140,2348074935031,M,46-60,Kano,North West,Regular
CUST03141,Customer 3141,2348046037613,Male,60+,Lagos,South West,REGULAR
CUST03142,Customer 3142,2348029471732,Unknown,18-25,Port Harcourt,South South,Unknown
CUST03143,Customer 3143,2348054611565,Male,18-25,Abuja,North Central,Regular
CUST03144,Customer 3144,2348077216225,Female,Unknown,Kaduna,North West,Occasional
CUST03145,Customer 3145,2348068258821,F,26-35,Lagos,South West,Regular
CUST03146,Customer 3146,2348038553895,Female,46-60,Abuja,North Central,Occasional
CUST03147,Customer 3147,2348045756727,Male,46-60,Port Harcourt,South South,Premium
CUST03148,Customer 3148,2348058318720,F,46-60,Abuja,North Central,Regular
CUST03149,Customer 3149,2348060448965,Female,18-25,Abuja,North Central,Occasional
CUST03150, Customer 3150 ,2348051042335,FEMALE,Unknown,Kaduna,North West,Unknown
CUST03151,Customer 3151,2348099462580,Female,60+,Lagos,South West,Premium
CUST03152,Customer 3152,2348092186129,Male,36-45,Port Harcourt,South South,Premium
CUST03153,Customer 3153,2348061097199,Female,Unknown,Abuja,North Central,Occasional
CUST03154,Customer 3154,2348084298123,M,60+,Abuja,North Central,Occasional
CUST03155,Customer 3155,2348024036089,Female,46-60,Kano,North West,Business
CUST03156,Customer 3156,2348024368521,Unknown,Unknown,Kano,North West,Regular
CUST03157,Customer 3157,2348078513337,male,18-25,Benin City,South South,Occasional
CUST03158,Customer 3158,2348051842076,Male,60+,Enugu,South East,Regular
CUST03159,Customer 3159,2348054149511,M,Unknown,Ibadan,South West,Regular
CUST03160,Customer 3160,2348079177950, m ,36-45,Benin City,South South,Unknown
CUST03161,Customer 3161,2348011043998,Unknown,36-45,Port Harcourt,South South,Premium
CUST03162,Customer 3162,2348049324740,Male,46-60,Lagos,South West,Premium
CUST03163,Customer 3163,2348068398477,Male,18-25,Kano,North West,Regular
CUST03164,Customer 3164,2348040981476,Female,Unknown,Lagos,South West,Regular
CUST03165,Customer 3165,2348094307612,Male,26-35,Benin City,South South,REGULAR
CUST03166,Customer 3166,2348094444769,male,Unknown,Abuja,North Central,Occasional
CUST03167,Customer 3167,2348036062081,FEMALE,36-45,Kano,North West,REGULAR
CUST03168,Customer 3168,2348094267158,Male,60+,Abuja,North Central,Premium
CUST03169,Customer 3169,2348095885506,Female,36-45,Abuja,North Central,Regular
CUST03170,Customer 3170,2348010894630,Male,60+,Ibadan,South West,Regular
CUST03171,Customer 3171,2348053423787,Male,18-25,Ibadan,South West,Occasional
CUST03172,Customer 3172,2348043574633,M,Unknown,Abuja,North Central,premium 
CUST03173,Customer 3173,2348072829067,Unknown,18-25,Lagos,South West,Regular
CUST03174,Customer 3174,2348073280983,Female,18-25,Port Harcourt,South South,Unknown
CUST03175, Customer 3175 ,2348065124971,Unknown,60+,Port Harcourt,South South,Occasional
CUST03176,Customer 3176,2348037993565,Male,36-45,Lagos,South West,Regular
CUST03177,Customer 3177,2348024715220,female,26-35,Port Harcourt,South South,Regular
CUST03178,Customer 3178,2348077093892,M,46-60,Lagos,South West,Business
CUST03179,Customer 3179,2348054768022,Unknown,Unknown,Port Harcourt,South South,Business
CUST03180,Customer 3180,2348079672379,Female,60+,Kaduna,North West,Regular
CUST03181,Customer 3181,2348016294200,Female,46-60,Enugu,South East,Premium
CUST03182,Customer 3182,2348033026254,female,18-25,Lagos,South West,REGULAR
CUST03183,Customer 3183,2348041439808,Male,46-60,Port Harcourt,South South,Premium
CUST03184,Customer 3184,2348011779020,M,26-35,Kaduna,North West,Premium
CUST03185,Customer 3185,2348028111129,Female,26-35,Kano,North West,Business
CUST03186,Customer 3186,2348031049772,Unknown,18-25,Kano,North West,Premium
CUST03187,Customer 3187,2348018175944,Male,18-25,Kaduna,North West,Business
CUST03188,Customer 3188,2348029322652,Female,36-45,Kaduna,North West,Premium
CUST03189,Customer 3189,2348083782752,Female,Unknown,Enugu,South East,REGULAR
CUST03190,Customer 3190,2348057234399,M,36-45,Kano,North West,Premium
CUST03191,Customer 3191,2348040405752,female,26-35,Lagos,South West,Premium
CUST03192,Customer 3192,2348018567761,Male,26-35,Lagos,South West,Unknown
CUST03193,Customer 3193,2348015419163,F,60+,Kaduna,North West,Regular
CUST03194,Customer 3194,2348096954944,F,Unknown,Kaduna,North West,Regular
CUST03195,Customer 3195,2348047451023,Female,60+,Abuja,North Central,REGULAR
CUST03196,Customer 3196,2348033404937,M,Unknown,Abuja,North Central,Regular
CUST03197,Customer 3197,2348066656347,Male,18-25,Abuja,North Central,Regular
CUST03198,Customer 3198,2348097284403,female,36-45,Lagos,South West,Business
CUST03199,Customer 3199,2348068644574,Male,18-25,Ibadan,South West,Regular
CUST03200, Customer 3200 ,2348044172033,Male,46-60,Benin City,South South,Occasional
CUST03201,Customer 3201,2348095075555,male,Unknown,Kaduna,North West,Business
CUST03202,Customer 3202,2348048362246,F,36-45,Kaduna,North West,Occasional
CUST03203,Customer 3203,2348081812793,Male,36-45,Lagos,South West,Premium
CUST03204,Customer 3204,2348066643256,Unknown,Unknown,Benin City,South South,REGULAR
CUST03205,Customer 3205,2348035432684,Female,18-25,Benin City,South South,Occasional
CUST03206,Customer 3206,2348093466803,Male,26-35,Enugu,South East,REGULAR
CUST03207,Customer 3207,2348055504306,MALE,60+,Abuja,North Central,premium 
CUST03208,Customer 3208,2348034287376,Female,Unknown,Lagos,South West,Regular
CUST03209,Customer 3209,2348044446249,Male,Unknown,Benin City,South South,premium 
CUST03210,Customer 3210,2348076331085,Female,60+,Ibadan,South West,Occasional
CUST03211,Customer 3211,2348086054050,Female,60+,Lagos,South West,Premium
CUST03212,Customer 3212,2348047741131,Unknown,46-60,Port Harcourt,South South,Premium
CUST03213,Customer 3213,2348096360766,Male,36-45,Benin City,South South,Regular
CUST03214,Customer 3214,2348031678592,Female,26-35,Benin City,South South,Unknown
CUST03215,Customer 3215,2348034921085, f ,60+,Ibadan,South West,Business
CUST03216,Customer 3216,2348078362525,female,60+,Kaduna,North West,Regular
CUST03217,Customer 3217,2348081064952,Unknown,46-60,Lagos,South West,Unknown
CUST03218,Customer 3218,2348037342404,Female,60+,Kaduna,North West,Regular
CUST03219,Customer 3219,2348042579004,Female,36-45,Benin City,South South,premium 
CUST03220,Customer 3220,2348028037871,Unknown,18-25,Kaduna,North West,Regular
CUST03221,Customer 3221,2348012663831,Male,46-60,Kaduna,North West,Regular
CUST03222,Customer 3222,2348076030369,F,36-45,Ibadan,South West,Regular
CUST03223,Customer 3223,2348051020713,Unknown,60+,Ibadan,South West,Business
CUST03224,Customer 3224,2348030810942,Unknown,60+,Port Harcourt,South South,Premium
CUST03225, Customer 3225 ,2348054498068,Female,Unknown,Kaduna,North West,Occasional
CUST03226,Customer 3226,2348057877930,Female,Unknown,Enugu,South East,Business
CUST03227,Customer 3227,2348073380183,Male,Unknown,Abuja,North Central,Regular
CUST03228,Customer 3228,2348035396946,M,36-45,Benin City,South South,Premium
CUST03229,Customer 3229,2348024636988,Female,60+,Port Harcourt,South South,Occasional
CUST03230,Customer 3230,2348016439473,Female,46-60,Kaduna,North West,Regular
CUST03231,Customer 3231,2348014538841,Unknown,60+,Ibadan,South West,premium 
CUST03232,Customer 3232,2348016192843,Female,18-25,Kano,North West,Regular
CUST03233,Customer 3233,2348012657436,F,Unknown,Kaduna,North West,Premium
CUST03234,Customer 3234,2348057178189,male,60+,Abuja,North Central,REGULAR
CUST03235,Customer 3235,2348026149256,FEMALE,46-60,Enugu,South East,Premium
CUST03236,Customer 3236,2348075435328,Female,26-35,Kano,North West,Regular
CUST03237,Customer 3237,2348027852624,Unknown,36-45,Lagos,South West,Unknown
CUST03238,Customer 3238,2348081212687,Female,26-35,Kano,North West,Premium
CUST03239,Customer 3239,2348010360071,Male,46-60,Port Harcourt,South South,Regular
CUST03240,Customer 3240,2348095017510,male,18-25,Kaduna,North West,Regular
CUST03241,Customer 3241,2348025329902,F,36-45,Lagos,South West,Premium
CUST03242,Customer 3242,2348018239620,M,26-35,Enugu,South East,Regular
CUST03243,Customer 3243,2348023316519,Female,26-35,Enugu,South East,Business
CUST03244,Customer 3244,2348097783221,Female,18-25,Port Harcourt,South South,Occasional
CUST03245,Customer 3245,2348036519619,male,Unknown,Kaduna,North West,Premium
CUST03246,Customer 3246,2348056074878,Male,18-25,Enugu,South East,Unknown
CUST03247,Customer 3247,2348075497401,Male,26-35,Enugu,South East,Business
CUST03248,Customer 3248,2348011789668,Female,18-25,Kaduna,North West,Occasional
CUST03249,Customer 3249,2348028562755,Female,Unknown,Ibadan,South West,Occasional
CUST03250, Customer 3250 ,2348098522897,Female,18-25,Port Harcourt,South South,premium 
CUST03251,Customer 3251,2348082111007,F,46-60,Abuja,North Central,Occasional
CUST03252,Customer 3252,2348093522078,FEMALE,26-35,Kaduna,North West,Regular
CUST03253,Customer 3253,2348097288776,Unknown,26-35,Lagos,South West,Unknown
CUST03254,Customer 3254,2348030519117,Male,60+,Enugu,South East,Occasional
CUST03255,Customer 3255,2348065085227,M,18-25,Benin City,South South,Occasional
CUST03256,Customer 3256,2348085958644,Unknown,Unknown,Kaduna,North West,Occasional
CUST03257,Customer 3257,2348091510919,Female,Unknown,Ibadan,South West,Regular
CUST03258,Customer 3258,2348033958818, m ,36-45,Enugu,South East,Business
CUST03259,Customer 3259,2348088946655,FEMALE,Unknown,Ibadan,South West,Business
CUST03260,Customer 3260,2348046330918,Female,46-60,Ibadan,South West,Regular
CUST03261,Customer 3261,2348043969719,M,18-25,Kano,North West,Premium
CUST03262,Customer 3262,2348037737075,Unknown,60+,Benin City,South South,Regular
CUST03263,Customer 3263,2348045326619, f ,60+,Abuja,North Central,Regular
CUST03264,Customer 3264,2348024856369,M,18-25,Port Harcourt,South South,Unknown
CUST03265,Customer 3265,2348063529944,M,36-45,Kaduna,North West,Regular
CUST03266,Customer 3266,2348015574642,Female,46-60,Kano,North West,Business
CUST03267,Customer 3267,2348040102007,Female,46-60,Kano,North West,Unknown
CUST03268,Customer 3268,2348024356990,Male,36-45,Port Harcourt,South South,Regular
CUST03269,Customer 3269,2348048466067,Male,46-60,Abuja,North Central,Premium
CUST03270,Customer 3270,2348070521168,Female,36-45,Port Harcourt,South South,Unknown
CUST03271,Customer 3271,2348063701897,Male,36-45,Benin City,South South,Regular
CUST03272,Customer 3272,2348065297244,Male,Unknown,Port Harcourt,South South,Occasional
CUST03273,Customer 3273,2348064471943,Male,60+,Enugu,South East,Regular
CUST03274,Customer 3274,2348021493791,Unknown,26-35,Ibadan,South West,Unknown
CUST03275, Customer 3275 ,2348049411853,Male,46-60,Benin City,South South,Premium
CUST03276,Customer 3276,2348073843806,Male,26-35,Enugu,South East,Regular
CUST03277,Customer 3277,2348091467305,M,36-45,Enugu,South East,REGULAR
CUST03278,Customer 3278,2348039933105,Male,26-35,Kaduna,North West,Premium
CUST03279,Customer 3279,2348055270669,M,46-60,Enugu,South East,Premium
CUST03280,Customer 3280,2348033317256,Unknown,46-60,Ibadan,South West,Occasional
CUST03281,Customer 3281,2348097325284,Unknown,18-25,Lagos,South West,REGULAR
CUST03282,Customer 3282,2348053863348,Male,18-25,Kaduna,North West,Regular
CUST03283,Customer 3283,2348095592139,Male,26-35,Enugu,South East,Regular
CUST03284,Customer 3284,2348011168316,Male,26-35,Abuja,North Central,Business
CUST03285,Customer 3285,2348099420586,M,46-60,Port Harcourt,South South,Regular
CUST03286,Customer 3286,2348088981450,F,46-60,Enugu,South East,Premium
CUST03287,Customer 3287,2348022242843,Female,26-35,Abuja,North Central,REGULAR
CUST03288,Customer 3288,2348065033113,Female,26-35,Ibadan,South West,Premium
CUST03289,Customer 3289,2348093294713,FEMALE,Unknown,Kaduna,North West,Occasional
CUST03290,Customer 3290,2348093210364,Male,46-60,Ibadan,South West,Regular
CUST03291,Customer 3291,2348042903600,Unknown,36-45,Benin City,South South,Regular
CUST03292,Customer 3292,2348058157690,FEMALE,60+,Ibadan,South West,Occasional
CUST03293,Customer 3293,2348069034155,F,26-35,Ibadan,South West,Premium
CUST03294,Customer 3294,2348072588071,Male,46-60,Port Harcourt,South South,Regular
CUST03295,Customer 3295,2348051181000,Male,36-45,Ibadan,South West,Regular
CUST03296,Customer 3296,2348070512222,Unknown,46-60,Benin City,South South,Premium
CUST03297,Customer 3297,2348078172580,Male,18-25,Abuja,North Central,Regular
CUST03298,Customer 3298,2348063678522,Male,26-35,Enugu,South East,Business
CUST03299,Customer 3299,2348048839029,FEMALE,36-45,Benin City,South South,Regular
CUST03300, Customer 3300 ,2348025869408,male,60+,Enugu,South East,Business
CUST03301,Customer 3301,2348031367038,F,18-25,Lagos,South West,Regular
CUST03302,Customer 3302,2348084774836,MALE,26-35,Enugu,South East,Business
CUST03303,Customer 3303,2348025915347,F,26-35,Lagos,South West,Premium
CUST03304,Customer 3304,2348035502403,M,Unknown,Kano,North West,Occasional
CUST03305,Customer 3305,2348072106869,Female,Unknown,Kaduna,North West,Regular
CUST03306,Customer 3306,2348020669466,M,46-60,Abuja,North Central,Occasional
CUST03307,Customer 3307,2348057169984,Unknown,18-25,Benin City,South South,Regular
CUST03308,Customer 3308,2348070226045,Female,Unknown,Enugu,South East,Occasional
CUST03309,Customer 3309,2348079555883,Male,36-45,Benin City,South South,Business
CUST03310,Customer 3310,2348086827343,Male,60+,Port Harcourt,South South,premium 
CUST03311,Customer 3311,2348022338837,Unknown,Unknown,Lagos,South West,Regular
CUST03312,Customer 3312,2348037048814, m ,46-60,Enugu,South East,Regular
CUST03313,Customer 3313,2348094271766,female,60+,Benin City,South South,Regular
CUST03314,Customer 3314,2348028493179,Unknown,36-45,Lagos,South West,Regular
CUST03315,Customer 3315,2348058692659,Male,36-45,Abuja,North Central,Premium
CUST03316,Customer 3316,2348093714523,Unknown,46-60,Port Harcourt,South South,Regular
CUST03317,Customer 3317,2348091082912, m ,60+,Kaduna,North West,Premium
CUST03318,Customer 3318,2348081714316,Female,60+,Kano,North West,Premium
CUST03319,Customer 3319,2348090211216,Female,26-35,Abuja,North Central,Regular
CUST03320,Customer 3320,2348028381911, m ,60+,Lagos,South West,Premium
CUST03321,Customer 3321,2348098017122,F,18-25,Ibadan,South West,premium 
CUST03322,Customer 3322,2348028919376,Female,36-45,Abuja,North Central,Regular
CUST03323,Customer 3323,2348071153593,Female,36-45,Lagos,South West,Regular
CUST03324,Customer 3324,2348078537976,Male,46-60,Ibadan,South West,Occasional
CUST03325, Customer 3325 ,2348098395730,Male,18-25,Kaduna,North West,Occasional
CUST03326,Customer 3326,2348079787716,Male,36-45,Enugu,South East,Occasional
CUST03327,Customer 3327,2348084544884,Unknown,46-60,Kano,North West,premium 
CUST03328,Customer 3328,2348022424111,female,18-25,Kano,North West,Premium
CUST03329,Customer 3329,2348061574113,Female,Unknown,Enugu,South East,Regular
CUST03330,Customer 3330,2348071436900,Male,46-60,Benin City,South South,premium 
CUST03331,Customer 3331,2348088352346,FEMALE,46-60,Lagos,South West,Regular
CUST03332,Customer 3332,2348026909423,Male,18-25,Kano,North West,Regular
CUST03333,Customer 3333,2348073779731,Male,60+,Kano,North West,Regular
CUST03334,Customer 3334,2348010907760,MALE,36-45,Kaduna,North West,Regular
CUST03335,Customer 3335,2348077580857,Female,60+,Lagos,South West,Premium
CUST03336,Customer 3336,2348011782939,Unknown,Unknown,Benin City,South South,Regular
CUST03337,Customer 3337,2348075394465,Female,36-45,Ibadan,South West,REGULAR
CUST03338,Customer 3338,2348041634548,Female,46-60,Ibadan,South West,Premium
CUST03339,Customer 3339,2348019560610,F,26-35,Ibadan,South West,Occasional
CUST03340,Customer 3340,2348081094438,Unknown,46-60,Ibadan,South West,REGULAR
CUST03341,Customer 3341,2348077623952,FEMALE,26-35,Kano,North West,premium 
CUST03342,Customer 3342,2348035350456,Female,60+,Kano,North West,Regular
CUST03343,Customer 3343,2348077784957,FEMALE,Unknown,Kaduna,North West,Unknown
CUST03344,Customer 3344,2348058314511,Female,18-25,Kano,North West,Occasional
CUST03345,Customer 3345,2348030999274,Female,60+,Benin City,South South,Regular
CUST03346,Customer 3346,2348047734736,Female,26-35,Kaduna,North West,Regular
CUST03347,Customer 3347,2348032094112,Unknown,46-60,Lagos,South West,Regular
CUST03348,Customer 3348,2348024337731, m ,Unknown,Kano,North West,Occasional
CUST03349,Customer 3349,2348077576661,Unknown,26-35,Lagos,South West,Unknown
CUST03350, Customer 3350 ,2348098502748,Unknown,46-60,Abuja,North Central,premium 
CUST03351,Customer 3351,2348071197156,Female,36-45,Ibadan,South West,REGULAR
CUST03352,Customer 3352,2348046387542,Male,Unknown,Kano,North West,Regular
CUST03353,Customer 3353,2348029208889,Unknown,Unknown,Enugu,South East,Occasional
CUST03354,Customer 3354,2348025583169,Male,Unknown,Kaduna,North West,Occasional
CUST03355,Customer 3355,2348073453916,M,18-25,Port Harcourt,South South,Premium
CUST03356,Customer 3356,2348032939030,Unknown,60+,Port Harcourt,South South,Unknown
CUST03357,Customer 3357,2348066912148,Male,60+,Lagos,South West,REGULAR
CUST03358,Customer 3358,2348019702958,Female,Unknown,Abuja,North Central,premium 
CUST03359,Customer 3359,2348076998230,Female,36-45,Ibadan,South West,Occasional
CUST03360,Customer 3360,2348090236810,F,Unknown,Abuja,North Central,Occasional
CUST03361,Customer 3361,2348059846750, f ,18-25,Ibadan,South West,Unknown
CUST03362,Customer 3362,2348055380373,Female,36-45,Kaduna,North West,Occasional
CUST03363,Customer 3363,2348093742718,Female,36-45,Port Harcourt,South South,Premium
CUST03364,Customer 3364,2348056632878,Female,26-35,Lagos,South West,premium 
CUST03365,Customer 3365,2348045818308,Unknown,18-25,Kaduna,North West,Premium
CUST03366,Customer 3366,2348087353813,Female,Unknown,Lagos,South West,Unknown
CUST03367,Customer 3367,2348078609163,Male,26-35,Kano,North West,Regular
CUST03368,Customer 3368,2348026014197, f ,36-45,Enugu,South East,Business
CUST03369,Customer 3369,2348097998514,M,18-25,Lagos,South West,premium 
CUST03370,Customer 3370,2348061962573,Female,26-35,Abuja,North Central,Premium
CUST03371,Customer 3371,2348034952021,Male,60+,Kano,North West,Occasional
CUST03372,Customer 3372,2348047998951,Male,18-25,Lagos,South West,premium 
CUST03373,Customer 3373,2348092784198,M,36-45,Port Harcourt,South South,Regular
CUST03374,Customer 3374,2348046991335,Female,60+,Lagos,South West,Occasional
CUST03375, Customer 3375 ,2348094709616, f ,46-60,Benin City,South South,Premium
CUST03376,Customer 3376,2348065223750,Unknown,46-60,Ibadan,South West,Regular
CUST03377,Customer 3377,2348099934440,Female,36-45,Ibadan,South West,Occasional
CUST03378,Customer 3378,2348078784532,Female,60+,Kaduna,North West,Regular
CUST03379,Customer 3379,2348089444144, m ,18-25,Kano,North West,Premium
CUST03380,Customer 3380,2348099575773,Female,26-35,Kaduna,North West,Premium
CUST03381,Customer 3381,2348095572504, f ,60+,Benin City,South South,Occasional
CUST03382,Customer 3382,2348093700372,Female,60+,Kano,North West,Regular
CUST03383,Customer 3383,2348079903250,Female,26-35,Enugu,South East,Occasional
CUST03384,Customer 3384,2348035158473,Male,Unknown,Lagos,South West,Unknown
CUST03385,Customer 3385,2348085383015,female,60+,Benin City,South South,Regular
CUST03386,Customer 3386,2348043398825,Male,46-60,Abuja,North Central,Business
CUST03387,Customer 3387,2348014831504,Female,36-45,Enugu,South East,Regular
CUST03388,Customer 3388,2348070961998, m ,46-60,Abuja,North Central,Premium
CUST03389,Customer 3389,2348050359780,Unknown,46-60,Lagos,South West,Premium
CUST03390,Customer 3390,2348053354211,Female,60+,Kano,North West,Occasional
CUST03391,Customer 3391,2348012068711,Male,18-25,Ibadan,South West,Regular
CUST03392,Customer 3392,2348083336180,M,18-25,Enugu,South East,Regular
CUST03393,Customer 3393,2348029458262,female,Unknown,Port Harcourt,South South,Unknown
CUST03394,Customer 3394,2348062187471,Male,46-60,Lagos,South West,Business
CUST03395,Customer 3395,2348011815268,Male,26-35,Port Harcourt,South South,Premium
CUST03396,Customer 3396,2348063716443,Unknown,26-35,Kano,North West,Business
CUST03397,Customer 3397,2348070597873, m ,26-35,Port Harcourt,South South,Premium
CUST03398,Customer 3398,2348045852598,Male,26-35,Kaduna,North West,Regular
CUST03399,Customer 3399,2348035749832,Unknown,Unknown,Kano,North West,Occasional
CUST03400, Customer 3400 ,2348094362038,female,36-45,Kaduna,North West,Regular
CUST03401,Customer 3401,2348041407206,Female,60+,Benin City,South South,Occasional
CUST03402,Customer 3402,2348019464579,M,60+,Port Harcourt,South South,Premium
CUST03403,Customer 3403,2348073935339,Unknown,46-60,Kaduna,North West,Business
CUST03404,Customer 3404,2348075070308,female,Unknown,Lagos,South West,Premium
CUST03405,Customer 3405,2348081739704,Male,46-60,Kaduna,North West,Premium
CUST03406,Customer 3406,2348068954687,M,46-60,Ibadan,South West,Regular
CUST03407,Customer 3407,2348063746809,Male,18-25,Port Harcourt,South South,Occasional
CUST03408,Customer 3408,2348093346779,Female,46-60,Abuja,North Central,Premium
CUST03409,Customer 3409,2348069750651,Female,46-60,Port Harcourt,South South,Regular
CUST03410,Customer 3410,2348072671836,Male,26-35,Port Harcourt,South South,premium 
CUST03411,Customer 3411,2348064786612,Unknown,Unknown,Kaduna,North West,Regular
CUST03412,Customer 3412,2348097206453,female,18-25,Ibadan,South West,Occasional
CUST03413,Customer 3413,2348098767605,Male,26-35,Lagos,South West,Occasional
CUST03414,Customer 3414,2348031476877,Female,46-60,Benin City,South South,Regular
CUST03415,Customer 3415,2348035991091, m ,18-25,Enugu,South East,premium 
CUST03416,Customer 3416,2348055246414,Male,18-25,Benin City,South South,premium 
CUST03417,Customer 3417,2348086179167,male,46-60,Kano,North West,Regular
CUST03418,Customer 3418,2348018250756,M,60+,Benin City,South South,Regular
CUST03419,Customer 3419,2348075126415,Female,46-60,Benin City,South South,Premium
CUST03420,Customer 3420,2348031675641,Unknown,36-45,Kaduna,North West,Premium
CUST03421,Customer 3421,2348061843905,Male,Unknown,Lagos,South West,Regular
CUST03422,Customer 3422,2348083901697,Female,18-25,Lagos,South West,Business
CUST03423,Customer 3423,2348086382470,Female,26-35,Enugu,South East,Premium
CUST03424,Customer 3424,2348047645894,Unknown,18-25,Lagos,South West,Occasional
CUST03425, Customer 3425 ,2348072014186,Unknown,36-45,Kano,North West,Occasional
CUST03426,Customer 3426,2348097040284,female,60+,Lagos,South West,Occasional
CUST03427,Customer 3427,2348084538292,female,18-25,Ibadan,South West,Premium
CUST03428,Customer 3428,2348099100357,Unknown,36-45,Abuja,North Central,Premium
CUST03429,Customer 3429,2348025032985,F,Unknown,Ibadan,South West,Premium
CUST03430,Customer 3430,2348075416245,M,Unknown,Kano,North West,Business
CUST03431,Customer 3431,2348082526411,Female,60+,Lagos,South West,Regular
CUST03432,Customer 3432,2348017199900,Male,36-45,Lagos,South West,Premium
CUST03433,Customer 3433,2348087872410,Unknown,26-35,Ibadan,South West,Regular
CUST03434,Customer 3434,2348083633364,Female,Unknown,Lagos,South West,Premium
CUST03435,Customer 3435,2348018042137,Unknown,60+,Enugu,South East,premium 
CUST03436,Customer 3436,2348010734619,Female,Unknown,Lagos,South West,Regular
CUST03437,Customer 3437,2348037086795,Female,18-25,Lagos,South West,Regular
CUST03438,Customer 3438,2348012950507, f ,36-45,Abuja,North Central,Regular
CUST03439,Customer 3439,2348032849945,F,46-60,Benin City,South South,Occasional
CUST03440,Customer 3440,2348042432770,Female,46-60,Benin City,South South,premium 
CUST03441,Customer 3441,2348066626859,Female,36-45,Ibadan,South West,Premium
CUST03442,Customer 3442,2348023781693,F,Unknown,Benin City,South South,Regular
CUST03443,Customer 3443,2348038473316,female,26-35,Benin City,South South,Regular
CUST03444,Customer 3444,2348017361501,Unknown,26-35,Benin City,South South,Regular
CUST03445,Customer 3445,2348084803294, f ,Unknown,Lagos,South West,Business
CUST03446,Customer 3446,2348070889183,Male,46-60,Benin City,South South,Regular
CUST03447,Customer 3447,2348082876193, f ,26-35,Port Harcourt,South South,Occasional
CUST03448,Customer 3448,2348037846702,Female,36-45,Benin City,South South,Premium
CUST03449,Customer 3449,2348063611813,Female,Unknown,Enugu,South East,Occasional
CUST03450, Customer 3450 ,2348049520130,female,18-25,Abuja,North Central,Premium
CUST03451,Customer 3451,2348066168989,Male,Unknown,Lagos,South West,Business
CUST03452,Customer 3452,2348074162165,Female,26-35,Kaduna,North West,Business
CUST03453,Customer 3453,2348076832275,Female,46-60,Kano,North West,Unknown
CUST03454,Customer 3454,2348094841139,M,26-35,Abuja,North Central,REGULAR
CUST03455,Customer 3455,2348028310743,Unknown,Unknown,Enugu,South East,Occasional
CUST03456,Customer 3456,2348087894716,Female,46-60,Kaduna,North West,Occasional
CUST03457,Customer 3457,2348070020124,Male,60+,Kano,North West,Occasional
CUST03458,Customer 3458,2348078067456,FEMALE,46-60,Abuja,North Central,Occasional
CUST03459,Customer 3459,2348074665470,Unknown,Unknown,Port Harcourt,South South,Regular
CUST03460,Customer 3460,2348050549322, f ,36-45,Port Harcourt,South South,Regular
CUST03461,Customer 3461,2348045449310,Female,46-60,Enugu,South East,Premium
CUST03462,Customer 3462,2348016016621,Male,Unknown,Port Harcourt,South South,Premium
CUST03463,Customer 3463,2348054108095,Unknown,18-25,Ibadan,South West,Regular
CUST03464,Customer 3464,2348086016006,Female,18-25,Ibadan,South West,premium 
CUST03465,Customer 3465,2348024568034,M,60+,Lagos,South West,Occasional
CUST03466,Customer 3466,2348078533108,female,60+,Kaduna,North West,premium 
CUST03467,Customer 3467,2348054446008,Female,46-60,Enugu,South East,REGULAR
CUST03468,Customer 3468,2348039311551,M,60+,Kano,North West,Premium
CUST03469,Customer 3469,2348047051720,Female,Unknown,Ibadan,South West,Business
CUST03470,Customer 3470,2348085207232, f ,18-25,Port Harcourt,South South,Premium
CUST03471,Customer 3471,2348017706603,Male,60+,Benin City,South South,Regular
CUST03472,Customer 3472,2348053588323,Male,46-60,Benin City,South South,Occasional
CUST03473,Customer 3473,2348078632767,Female,36-45,Ibadan,South West,Regular
CUST03474,Customer 3474,2348086705432,Unknown,18-25,Port Harcourt,South South,Occasional
CUST03475, Customer 3475 ,2348013352192,Unknown,36-45,Kano,North West,Premium
CUST03476,Customer 3476,2348039489803,Female,46-60,Port Harcourt,South South,Business
CUST03477,Customer 3477,2348034394633,Female,26-35,Kaduna,North West,Occasional
CUST03478,Customer 3478,2348064524811,Male,Unknown,Lagos,South West,Premium
CUST03479,Customer 3479,2348082693240,Female,18-25,Abuja,North Central,REGULAR
CUST03480,Customer 3480,2348050313582,Female,60+,Abuja,North Central,Premium
CUST03481,Customer 3481,2348076290007,Unknown,18-25,Kano,North West,premium 
CUST03482,Customer 3482,2348072568416,Male,46-60,Kano,North West,Regular
CUST03483,Customer 3483,2348060786438, f ,18-25,Abuja,North Central,Occasional
CUST03484,Customer 3484,2348059200136,Male,Unknown,Kano,North West,Premium
CUST03485,Customer 3485,2348010499932, f ,Unknown,Kaduna,North West,Unknown
CUST03486,Customer 3486,2348098717048,Female,18-25,Port Harcourt,South South,Occasional
CUST03487,Customer 3487,2348065940521,M,36-45,Enugu,South East,Regular
CUST03488,Customer 3488,2348061864515,F,26-35,Ibadan,South West,Business
CUST03489,Customer 3489,2348061520753,Female,36-45,Ibadan,South West,Premium
CUST03490,Customer 3490,2348030984881,Unknown,46-60,Ibadan,South West,premium 
CUST03491,Customer 3491,2348082517186,Female,18-25,Ibadan,South West,Unknown
CUST03492,Customer 3492,2348054463632,F,26-35,Enugu,South East,Premium
CUST03493,Customer 3493,2348029343491,Female,26-35,Port Harcourt,South South,Regular
CUST03494,Customer 3494,2348045593729,Unknown,Unknown,Ibadan,South West,Regular
CUST03495,Customer 3495,2348084517698,Female,36-45,Benin City,South South,Premium
CUST03496,Customer 3496,2348055662368,Unknown,26-35,Abuja,North Central,Regular
CUST03497,Customer 3497,2348042866720,FEMALE,60+,Benin City,South South,premium 
CUST03498,Customer 3498,2348069682186,Male,46-60,Kaduna,North West,Occasional
CUST03499,Customer 3499,2348091901365,MALE,18-25,Lagos,South West,Regular
CUST03500, Customer 3500 ,2348084334301, f ,26-35,Ibadan,South West,Occasional
CUST03501,Customer 3501,2348021736958,Unknown,26-35,Abuja,North Central,Occasional
CUST03502,Customer 3502,2348073145395,F,36-45,Kano,North West,REGULAR
CUST03503,Customer 3503,2348044881277,female,46-60,Lagos,South West,Occasional
CUST03504,Customer 3504,2348052145474,Male,46-60,Kano,North West,Occasional
CUST03505,Customer 3505,2348076362581,F,Unknown,Lagos,South West,Premium
CUST03506,Customer 3506,2348058708126,Unknown,26-35,Kaduna,North West,premium 
CUST03507,Customer 3507,2348018796964,Female,36-45,Abuja,North Central,Occasional
CUST03508,Customer 3508,2348010187352,Female,60+,Ibadan,South West,Regular
CUST03509,Customer 3509,2348022376736,Unknown,18-25,Enugu,South East,Unknown
CUST03510,Customer 3510,2348031177979,Female,18-25,Enugu,South East,Regular
CUST03511,Customer 3511,2348052624773,M,46-60,Benin City,South South,Regular
CUST03512,Customer 3512,2348029583394, m ,60+,Kaduna,North West,Regular
CUST03513,Customer 3513,2348090269165,M,46-60,Abuja,North Central,Occasional
CUST03514,Customer 3514,2348084854172,Female,46-60,Ibadan,South West,Regular
CUST03515,Customer 3515,2348087605737,Female,60+,Ibadan,South West,Unknown
CUST03516,Customer 3516,2348091541861,Unknown,18-25,Port Harcourt,South South,Premium
CUST03517,Customer 3517,2348071127521, f ,36-45,Abuja,North Central,Occasional
CUST03518,Customer 3518,2348024290502,Female,46-60,Enugu,South East,Regular
CUST03519,Customer 3519,2348027556870,male,46-60,Lagos,South West,Occasional
CUST03520,Customer 3520,2348036480398,Male,46-60,Benin City,South South,Premium
CUST03521,Customer 3521,2348040800269,Unknown,46-60,Lagos,South West,Business
CUST03522,Customer 3522,2348095685413,Female,26-35,Abuja,North Central,Occasional
CUST03523,Customer 3523,2348092718975,Male,18-25,Ibadan,South West,Unknown
CUST03524,Customer 3524,2348079459964,male,18-25,Abuja,North Central,Regular
CUST03525, Customer 3525 ,2348052589212, m ,26-35,Ibadan,South West,premium 
CUST03526,Customer 3526,2348061327733,M,18-25,Ibadan,South West,Premium
CUST03527,Customer 3527,2348061349594,Unknown,60+,Lagos,South West,REGULAR
CUST03528,Customer 3528,2348011864050,Female,18-25,Lagos,South West,Business
CUST03529,Customer 3529,2348055948276,Male,36-45,Benin City,South South,Regular
CUST03530,Customer 3530,2348096989235,MALE,60+,Benin City,South South,Regular
CUST03531,Customer 3531,2348027875534,Male,26-35,Kano,North West,Occasional
CUST03532,Customer 3532,2348033926887,Unknown,18-25,Port Harcourt,South South,Regular
CUST03533,Customer 3533,2348022987510,Male,Unknown,Kaduna,North West,Unknown
CUST03534,Customer 3534,2348012382882,Male,46-60,Enugu,South East,Regular
CUST03535,Customer 3535,2348038441824,Female,46-60,Ibadan,South West,Unknown
CUST03536,Customer 3536,2348075130096,female,26-35,Kano,North West,Occasional
CUST03537,Customer 3537,2348067749769,Unknown,Unknown,Port Harcourt,South South,Unknown
CUST03538,Customer 3538,2348062267212,Female,Unknown,Enugu,South East,Unknown
CUST03539,Customer 3539,2348075904382,Female,60+,Ibadan,South West,Regular
CUST03540,Customer 3540,2348088083987,Unknown,26-35,Abuja,North Central,Occasional
CUST03541,Customer 3541,2348017981188,F,36-45,Abuja,North Central,Premium
CUST03542,Customer 3542,2348052595227,female,18-25,Kaduna,North West,Premium
CUST03543,Customer 3543,2348032428415,Male,60+,Abuja,North Central,Regular
CUST03544,Customer 3544,2348019988553,Male,18-25,Kano,North West,Premium
CUST03545,Customer 3545,2348053482539,male,36-45,Enugu,South East,Regular
CUST03546,Customer 3546,2348021949657,MALE,Unknown,Lagos,South West,Regular
CUST03547,Customer 3547,2348058107890,Male,18-25,Lagos,South West,Regular
CUST03548,Customer 3548,2348098916160,Unknown,18-25,Kaduna,North West,REGULAR
CUST03549,Customer 3549,2348097151684,Unknown,Unknown,Lagos,South West,Premium
CUST03550, Customer 3550 ,2348074147897,Female,36-45,Lagos,South West,Regular
CUST03551,Customer 3551,2348099400370,Male,60+,Lagos,South West,Regular
CUST03552,Customer 3552,2348081848524,Male,26-35,Kano,North West,Premium
CUST03553,Customer 3553,2348024852371,M,Unknown,Port Harcourt,South South,Premium
CUST03554,Customer 3554,2348099006501,F,46-60,Lagos,South West,Premium
CUST03555,Customer 3555,2348047121090,Male,26-35,Enugu,South East,Regular
CUST03556,Customer 3556,2348025818000,Unknown,36-45,Enugu,South East,Premium
CUST03557,Customer 3557,2348056803546,Unknown,26-35,Enugu,South East,Premium
CUST03558,Customer 3558,2348032926641,Female,26-35,Kano,North West,Occasional
CUST03559,Customer 3559,2348070514414,Female,Unknown,Benin City,South South,REGULAR
CUST03560,Customer 3560,2348024717188,Female,46-60,Kaduna,North West,Regular
CUST03561,Customer 3561,2348032302801,Male,18-25,Abuja,North Central,Occasional
CUST03562,Customer 3562,2348038223859,Unknown,46-60,Kaduna,North West,Regular
CUST03563,Customer 3563,2348052528598,M,60+,Lagos,South West,Premium
CUST03564,Customer 3564,2348049010130,Male,26-35,Abuja,North Central,Business
CUST03565,Customer 3565,2348061303197,Male,18-25,Benin City,South South,REGULAR
CUST03566,Customer 3566,2348028988249,Female,18-25,Abuja,North Central,Business
CUST03567,Customer 3567,2348021554782, f ,Unknown,Abuja,North Central,REGULAR
CUST03568,Customer 3568,2348065242837,MALE,60+,Kano,North West,premium 
CUST03569,Customer 3569,2348066064021,Female,46-60,Enugu,South East,Premium
CUST03570,Customer 3570,2348064901224,Male,60+,Ibadan,South West,Business
CUST03571,Customer 3571,2348047069525,Male,18-25,Port Harcourt,South South,Occasional
CUST03572,Customer 3572,2348095601412,Male,60+,Kano,North West,Unknown
CUST03573,Customer 3573,2348056098093,Female,26-35,Enugu,South East,Unknown
CUST03574,Customer 3574,2348070556957,Unknown,60+,Abuja,North Central,Regular
CUST03575, Customer 3575 ,2348011094264,male,60+,Kano,North West,Occasional
CUST03576,Customer 3576,2348053834128,MALE,36-45,Port Harcourt,South South,Regular
CUST03577,Customer 3577,2348041128342,Male,26-35,Port Harcourt,South South,Premium
CUST03578,Customer 3578,2348076781192,Female,36-45,Kano,North West,Occasional
CUST03579,Customer 3579,2348093190440,Unknown,26-35,Kaduna,North West,Occasional
CUST03580,Customer 3580,2348052762346,FEMALE,26-35,Lagos,South West,Occasional
CUST03581,Customer 3581,2348042493824,Male,46-60,Port Harcourt,South South,Premium
CUST03582,Customer 3582,2348078049126,Female,Unknown,Enugu,South East,Occasional
CUST03583,Customer 3583,2348074755786,Unknown,18-25,Lagos,South West,Regular
CUST03584,Customer 3584,2348035505194,Female,46-60,Kaduna,North West,Unknown
CUST03585,Customer 3585,2348062810040,Unknown,36-45,Port Harcourt,South South,Regular
CUST03586,Customer 3586,2348051152877,Male,18-25,Enugu,South East,Occasional
CUST03587,Customer 3587,2348056498171,Female,36-45,Port Harcourt,South South,Business
CUST03588,Customer 3588,2348047051345,F,46-60,Lagos,South West,Regular
CUST03589,Customer 3589,2348037592709, f ,60+,Kano,North West,REGULAR
CUST03590,Customer 3590,2348019659407,M,60+,Kaduna,North West,Occasional
CUST03591,Customer 3591,2348078982953,F,36-45,Abuja,North Central,Occasional
CUST03592,Customer 3592,2348055259847,Female,18-25,Enugu,South East,Business
CUST03593,Customer 3593,2348066945654,FEMALE,Unknown,Ibadan,South West,Premium
CUST03594,Customer 3594,2348092906912,Unknown,60+,Lagos,South West,Unknown
CUST03595,Customer 3595,2348091765883,Unknown,26-35,Benin City,South South,Regular
CUST03596,Customer 3596,2348099315174,Male,18-25,Kano,North West,Unknown
CUST03597,Customer 3597,2348087339437,M,26-35,Benin City,South South,Regular
CUST03598,Customer 3598,2348056017738,FEMALE,36-45,Ibadan,South West,Business
CUST03599,Customer 3599,2348067706988,Male,26-35,Abuja,North Central,Occasional
CUST03600, Customer 3600 ,2348063379315,M,46-60,Ibadan,South West,Premium
CUST03601,Customer 3601,2348079496430,Unknown,Unknown,Kaduna,North West,Unknown
CUST03602,Customer 3602,2348049095841,Male,26-35,Kaduna,North West,Premium
CUST03603,Customer 3603,2348091375656,Female,36-45,Kano,North West,Regular
CUST03604,Customer 3604,2348050179230,Unknown,46-60,Ibadan,South West,Regular
CUST03605,Customer 3605,2348047947877,male,18-25,Kano,North West,Premium
CUST03606,Customer 3606,2348029186018,Female,36-45,Ibadan,South West,Business
CUST03607,Customer 3607,2348064479443,MALE,60+,Kano,North West,Regular
CUST03608,Customer 3608,2348044367857, f ,26-35,Port Harcourt,South South,Occasional
CUST03609,Customer 3609,2348020498462,F,60+,Kaduna,North West,Business
CUST03610,Customer 3610,2348034409616,Unknown,60+,Kaduna,North West,Occasional
CUST03611,Customer 3611,2348016346989,Male,46-60,Lagos,South West,Premium
CUST03612,Customer 3612,2348054805536,Female,Unknown,Ibadan,South West,premium 
CUST03613,Customer 3613,2348074643456,Male,36-45,Enugu,South East,Regular
CUST03614,Customer 3614,2348091614799,Female,36-45,Kaduna,North West,Occasional
CUST03615,Customer 3615,2348062028057,Female,18-25,Abuja,North Central,Occasional
CUST03616,Customer 3616,2348032360353,MALE,18-25,Port Harcourt,South South,Occasional
CUST03617,Customer 3617,2348061659522,Female,36-45,Abuja,North Central,Business
CUST03618,Customer 3618,2348076476472,Female,18-25,Abuja,North Central,Regular
CUST03619,Customer 3619,2348036558983,Unknown,46-60,Abuja,North Central,Premium
CUST03620,Customer 3620,2348035509149,F,26-35,Abuja,North Central,Business
CUST03621,Customer 3621,2348043446813,F,60+,Kano,North West,Regular
CUST03622,Customer 3622,2348018185328,Unknown,60+,Ibadan,South West,Occasional
CUST03623,Customer 3623,2348066755755, m ,60+,Lagos,South West,Unknown
CUST03624,Customer 3624,2348085811880,MALE,26-35,Kaduna,North West,Occasional
CUST03625, Customer 3625 ,2348075796310,MALE,18-25,Port Harcourt,South South,Regular
CUST03626,Customer 3626,2348078460311,female,18-25,Enugu,South East,Occasional
CUST03627,Customer 3627,2348016412124,Female,Unknown,Abuja,North Central,Occasional
CUST03628,Customer 3628,2348033809429,F,Unknown,Lagos,South West,Regular
CUST03629,Customer 3629,2348067117920,Unknown,26-35,Abuja,North Central,Regular
CUST03630,Customer 3630,2348036961821, m ,46-60,Lagos,South West,Business
CUST03631,Customer 3631,2348058049282,Female,60+,Kaduna,North West,Regular
CUST03632,Customer 3632,2348079716939,Male,26-35,Abuja,North Central,Regular
CUST03633,Customer 3633,2348086434959,M,36-45,Enugu,South East,Regular
CUST03634,Customer 3634,2348062618933,Male,60+,Enugu,South East,Regular
CUST03635,Customer 3635,2348054293015,Female,26-35,Abuja,North Central,Occasional
CUST03636,Customer 3636,2348048183129,Female,60+,Abuja,North Central,premium 
CUST03637,Customer 3637,2348071731131,F,26-35,Kaduna,North West,Occasional
CUST03638,Customer 3638,2348060132097,Female,60+,Kano,North West,Occasional
CUST03639,Customer 3639,2348082748637,Unknown,18-25,Lagos,South West,Regular
CUST03640,Customer 3640,2348087792693,Unknown,36-45,Port Harcourt,South South,Premium
CUST03641,Customer 3641,2348039145179,Unknown,Unknown,Kano,North West,Business
CUST03642,Customer 3642,2348066702017,Male,26-35,Ibadan,South West,Unknown
CUST03643,Customer 3643,2348048901993,MALE,18-25,Kaduna,North West,Premium
CUST03644,Customer 3644,2348031288565,Unknown,26-35,Enugu,South East,Business
CUST03645,Customer 3645,2348081179137,Female,26-35,Kaduna,North West,Premium
CUST03646,Customer 3646,2348059891749,Male,18-25,Kaduna,North West,Premium
CUST03647,Customer 3647,2348090597507,Male,36-45,Ibadan,South West,Business
CUST03648,Customer 3648,2348030984241,Unknown,36-45,Abuja,North Central,Unknown
CUST03649,Customer 3649,2348099487626,female,60+,Abuja,North Central,Occasional
CUST03650, Customer 3650 ,2348038204704,FEMALE,Unknown,Kaduna,North West,Occasional
CUST03651,Customer 3651,2348027457330,Male,26-35,Abuja,North Central,premium 
CUST03652,Customer 3652,2348085919578,MALE,Unknown,Port Harcourt,South South,Unknown
CUST03653,Customer 3653,2348078713770,MALE,46-60,Enugu,South East,Business
CUST03654,Customer 3654,2348096010353,M,Unknown,Kaduna,North West,Premium
CUST03655,Customer 3655,2348049203753,Female,36-45,Ibadan,South West,REGULAR
CUST03656,Customer 3656,2348084921562,Male,46-60,Kaduna,North West,Occasional
CUST03657,Customer 3657,2348080056723,Unknown,Unknown,Port Harcourt,South South,Unknown
CUST03658,Customer 3658,2348033737347,Male,46-60,Lagos,South West,Business
CUST03659,Customer 3659,2348080457022,M,Unknown,Kano,North West,premium 
CUST03660,Customer 3660,2348083170295,F,46-60,Ibadan,South West,Business
CUST03661,Customer 3661,2348033427397,Unknown,46-60,Kano,North West,Premium
CUST03662,Customer 3662,2348051349736,male,Unknown,Lagos,South West,Business
CUST03663,Customer 3663,2348053424269,female,26-35,Enugu,South East,Regular
CUST03664,Customer 3664,2348099312426,Male,18-25,Kano,North West,Premium
CUST03665,Customer 3665,2348012204287,Male,18-25,Port Harcourt,South South,Occasional
CUST03666,Customer 3666,2348087523089,Unknown,36-45,Port Harcourt,South South,Regular
CUST03667,Customer 3667,2348078253950,FEMALE,36-45,Enugu,South East,Regular
CUST03668,Customer 3668,2348042752884,Male,Unknown,Abuja,North Central,Regular
CUST03669,Customer 3669,2348046988131,Unknown,Unknown,Ibadan,South West,Business
CUST03670,Customer 3670,2348093092098,female,18-25,Lagos,South West,premium 
CUST03671,Customer 3671,2348012416995,Male,46-60,Ibadan,South West,Business
CUST03672,Customer 3672,2348061378952,M,18-25,Kaduna,North West,Regular
CUST03673,Customer 3673,2348047901007,Female,60+,Benin City,South South,Occasional
CUST03674,Customer 3674,2348052076657,Male,36-45,Kaduna,North West,Premium
CUST03675, Customer 3675 ,2348048262359,Male,36-45,Lagos,South West,Premium
CUST03676,Customer 3676,2348038444127,F,18-25,Port Harcourt,South South,Regular
CUST03677,Customer 3677,2348019772613,Male,26-35,Abuja,North Central,Regular
CUST03678,Customer 3678,2348049833633,Female,Unknown,Benin City,South South,Unknown
CUST03679,Customer 3679,2348039217074,Unknown,36-45,Enugu,South East,Business
CUST03680,Customer 3680,2348095530425,FEMALE,60+,Kano,North West,premium 
CUST03681,Customer 3681,2348015956523,male,Unknown,Kano,North West,Regular
CUST03682,Customer 3682,2348059777338, m ,26-35,Port Harcourt,South South,Unknown
CUST03683,Customer 3683,2348026763462,Unknown,36-45,Lagos,South West,Regular
CUST03684,Customer 3684,2348010907468, m ,36-45,Port Harcourt,South South,Regular
CUST03685,Customer 3685,2348034231436, m ,26-35,Kano,North West,Occasional
CUST03686,Customer 3686,2348092667480,F,Unknown,Abuja,North Central,Occasional
CUST03687,Customer 3687,2348026657062,Female,46-60,Lagos,South West,Occasional
CUST03688,Customer 3688,2348070617138,Female,36-45,Kano,North West,Premium
CUST03689,Customer 3689,2348091401977,Female,60+,Kaduna,North West,Premium
CUST03690,Customer 3690,2348054951777,Unknown,26-35,Abuja,North Central,Premium
CUST03691,Customer 3691,2348025741979,Male,36-45,Ibadan,South West,Premium
CUST03692,Customer 3692,2348072039176,Male,60+,Ibadan,South West,premium 
CUST03693,Customer 3693,2348041804081,Unknown,26-35,Kaduna,North West,Regular
CUST03694,Customer 3694,2348030931553,MALE,Unknown,Ibadan,South West,Business
CUST03695,Customer 3695,2348073379311,Female,26-35,Lagos,South West,Occasional
CUST03696,Customer 3696,2348036888473,Male,Unknown,Lagos,South West,Occasional
CUST03697,Customer 3697,2348029132890,Female,Unknown,Kano,North West,Occasional
CUST03698,Customer 3698,2348061569962,Female,46-60,Benin City,South South,Regular
CUST03699,Customer 3699,2348044156051,Female,36-45,Port Harcourt,South South,Premium
CUST03700, Customer 3700 ,2348052167695,M,26-35,Abuja,North Central,Occasional
CUST03701,Customer 3701,2348040483405,F,60+,Kaduna,North West,premium 
CUST03702,Customer 3702,2348016590250,Unknown,26-35,Port Harcourt,South South,Occasional
CUST03703,Customer 3703,2348066398094, f ,60+,Kaduna,North West,Business
CUST03704,Customer 3704,2348074123413,Male,46-60,Abuja,North Central,Unknown
CUST03705,Customer 3705,2348042389825,Female,60+,Enugu,South East,Business
CUST03706,Customer 3706,2348061047819,M,60+,Ibadan,South West,Regular
CUST03707,Customer 3707,2348070905479, m ,46-60,Enugu,South East,Regular
CUST03708,Customer 3708,2348069947519,Male,60+,Kano,North West,Unknown
CUST03709,Customer 3709,2348026343282,Female,46-60,Kaduna,North West,premium 
CUST03710,Customer 3710,2348097074137,F,26-35,Ibadan,South West,Regular
CUST03711,Customer 3711,2348011898379,F,46-60,Lagos,South West,Regular
CUST03712,Customer 3712,2348094771552,Male,46-60,Ibadan,South West,Regular
CUST03713,Customer 3713,2348012707377,Male,36-45,Kano,North West,Regular
CUST03714,Customer 3714,2348012356759,Male,Unknown,Lagos,South West,premium 
CUST03715,Customer 3715,2348054080977,Male,Unknown,Port Harcourt,South South,Regular
CUST03716,Customer 3716,2348011581593,Male,60+,Benin City,South South,Premium
CUST03717,Customer 3717,2348039555862, m ,Unknown,Kaduna,North West,Regular
CUST03718,Customer 3718,2348041219894,Female,Unknown,Kano,North West,Business
CUST03719,Customer 3719,2348023298056,male,36-45,Abuja,North Central,Regular
CUST03720,Customer 3720,2348080916517,Male,46-60,Abuja,North Central,Occasional
CUST03721,Customer 3721,2348090394961,female,36-45,Kano,North West,Unknown
CUST03722,Customer 3722,2348094570114,M,36-45,Enugu,South East,Regular
CUST03723,Customer 3723,2348045050954,Unknown,Unknown,Lagos,South West,Regular
CUST03724,Customer 3724,2348098357786,Unknown,60+,Kaduna,North West,premium 
CUST03725, Customer 3725 ,2348045001076,Female,18-25,Kano,North West,Premium
CUST03726,Customer 3726,2348034211747,Unknown,Unknown,Lagos,South West,Regular
CUST03727,Customer 3727,2348022581829,F,18-25,Kano,North West,Premium
CUST03728,Customer 3728,2348012963616,male,46-60,Abuja,North Central,Business
CUST03729,Customer 3729,2348094313735,F,36-45,Benin City,South South,Business
CUST03730,Customer 3730,2348027527827,female,Unknown,Ibadan,South West,Regular
CUST03731,Customer 3731,2348034171640,Male,60+,Ibadan,South West,Regular
CUST03732,Customer 3732,2348051732584,M,60+,Lagos,South West,premium 
CUST03733,Customer 3733,2348037766414,F,46-60,Benin City,South South,Regular
CUST03734,Customer 3734,2348041818430,Female,Unknown,Abuja,North Central,Business
CUST03735,Customer 3735,2348054473386,Female,36-45,Lagos,South West,Unknown
CUST03736,Customer 3736,2348032914741,Female,26-35,Benin City,South South,Regular
CUST03737,Customer 3737,2348073273941,Male,18-25,Benin City,South South,Regular
CUST03738,Customer 3738,2348036490112,Unknown,26-35,Abuja,North Central,Premium
CUST03739,Customer 3739,2348099299086,Female,26-35,Kaduna,North West,premium 
CUST03740,Customer 3740,2348068766970,Male,60+,Port Harcourt,South South,Regular
CUST03741,Customer 3741,2348051968958,Female,36-45,Enugu,South East,Business
CUST03742,Customer 3742,2348083430407,Female,26-35,Port Harcourt,South South,Occasional
CUST03743,Customer 3743,2348056198041,Female,60+,Port Harcourt,South South,Regular
CUST03744,Customer 3744,2348010488465,Female,46-60,Benin City,South South,premium 
CUST03745,Customer 3745,2348057046126,F,60+,Ibadan,South West,Occasional
CUST03746,Customer 3746,2348077797684,Male,26-35,Kano,North West,Premium
CUST03747,Customer 3747,2348039417115,Female,Unknown,Enugu,South East,Regular
CUST03748,Customer 3748,2348014791109,male,26-35,Abuja,North Central,Regular
CUST03749,Customer 3749,2348041797231,Female,26-35,Port Harcourt,South South,Premium
CUST03750, Customer 3750 ,2348040353136,Male,36-45,Kaduna,North West,Regular
CUST03751,Customer 3751,2348048376513,Unknown,26-35,Enugu,South East,Regular
CUST03752,Customer 3752,2348023157868,Male,46-60,Lagos,South West,Unknown
CUST03753,Customer 3753,2348038446522,Female,18-25,Abuja,North Central,Regular
CUST03754,Customer 3754,2348021076772, m ,18-25,Benin City,South South,premium 
CUST03755,Customer 3755,2348018893754,Female,60+,Lagos,South West,Occasional
CUST03756,Customer 3756,2348020035079, m ,Unknown,Kano,North West,Regular
CUST03757,Customer 3757,2348069567597,M,26-35,Enugu,South East,Occasional
CUST03758,Customer 3758,2348010827113,Male,18-25,Benin City,South South,premium 
CUST03759,Customer 3759,2348022555678,Unknown,46-60,Kaduna,North West,Premium
CUST03760,Customer 3760,2348034547951,F,36-45,Port Harcourt,South South,premium 
CUST03761,Customer 3761,2348039872927,Unknown,18-25,Benin City,South South,Premium
CUST03762,Customer 3762,2348069851214,M,46-60,Enugu,South East,Regular
CUST03763,Customer 3763,2348027600434,Male,Unknown,Kano,North West,REGULAR
CUST03764,Customer 3764,2348063344684,Female,26-35,Lagos,South West,Occasional
CUST03765,Customer 3765,2348025810178,FEMALE,Unknown,Port Harcourt,South South,Premium
CUST03766,Customer 3766,2348039383826,Male,36-45,Ibadan,South West,Regular
CUST03767,Customer 3767,2348028018453,Male,36-45,Ibadan,South West,Business
CUST03768,Customer 3768,2348074011562,Female,Unknown,Abuja,North Central,Regular
CUST03769,Customer 3769,2348071287066,Female,18-25,Kano,North West,Business
CUST03770,Customer 3770,2348035777733,Unknown,26-35,Benin City,South South,Premium
CUST03771,Customer 3771,2348089791018,male,18-25,Benin City,South South,Occasional
CUST03772,Customer 3772,2348047249799,Unknown,36-45,Ibadan,South West,Regular
CUST03773,Customer 3773,2348064534593,Male,26-35,Benin City,South South,REGULAR
CUST03774,Customer 3774,2348030207252,Male,Unknown,Ibadan,South West,Regular
CUST03775, Customer 3775 ,2348066374512,Female,60+,Enugu,South East,Occasional
CUST03776,Customer 3776,2348024283073,MALE,Unknown,Port Harcourt,South South,Unknown
CUST03777,Customer 3777,2348070835925,Female,36-45,Benin City,South South,Premium
CUST03778,Customer 3778,2348099048955,Male,36-45,Enugu,South East,Occasional
CUST03779,Customer 3779,2348020768165,Female,60+,Kaduna,North West,Premium
CUST03780,Customer 3780,2348068629960,Unknown,36-45,Enugu,South East,Premium
CUST03781,Customer 3781,2348068216773,F,26-35,Lagos,South West,Occasional
CUST03782,Customer 3782,2348021349641,Female,18-25,Kano,North West,Occasional
CUST03783,Customer 3783,2348049816760,M,60+,Kaduna,North West,Regular
CUST03784,Customer 3784,2348042210700,MALE,46-60,Lagos,South West,Regular
CUST03785,Customer 3785,2348042450600,Unknown,26-35,Lagos,South West,Premium
CUST03786,Customer 3786,2348065871707,Unknown,46-60,Lagos,South West,Occasional
CUST03787,Customer 3787,2348037775368,Male,Unknown,Benin City,South South,Premium
CUST03788,Customer 3788,2348039888962,Female,Unknown,Kaduna,North West,Regular
CUST03789,Customer 3789,2348090658816,Unknown,60+,Port Harcourt,South South,Premium
CUST03790,Customer 3790,2348031138186,Female,36-45,Kaduna,North West,Regular
CUST03791,Customer 3791,2348011780310,Female,60+,Benin City,South South,premium 
CUST03792,Customer 3792,2348097499673,F,26-35,Kano,North West,Regular
CUST03793,Customer 3793,2348073172319,Male,Unknown,Lagos,South West,Premium
CUST03794,Customer 3794,2348055850058,FEMALE,46-60,Kano,North West,Premium
CUST03795,Customer 3795,2348021972923,F,36-45,Enugu,South East,Occasional
CUST03796,Customer 3796,2348053579449,Unknown,60+,Ibadan,South West,Occasional
CUST03797,Customer 3797,2348033517921,Male,Unknown,Benin City,South South,Occasional
CUST03798,Customer 3798,2348090471515,Male,60+,Ibadan,South West,Occasional
CUST03799,Customer 3799,2348035458026,Unknown,Unknown,Enugu,South East,Regular
CUST03800, Customer 3800 ,2348085100273,male,60+,Ibadan,South West,premium 
CUST03801,Customer 3801,2348072011597,Unknown,26-35,Enugu,South East,Occasional
CUST03802,Customer 3802,2348086713448,Male,60+,Enugu,South East,Unknown
CUST03803,Customer 3803,2348058714329,Unknown,36-45,Ibadan,South West,Occasional
CUST03804,Customer 3804,2348012444072,M,36-45,Benin City,South South,Regular
CUST03805,Customer 3805,2348016593863,M,46-60,Kano,North West,Unknown
CUST03806,Customer 3806,2348035890241,Female,18-25,Abuja,North Central,premium 
CUST03807,Customer 3807,2348096510208,Unknown,Unknown,Enugu,South East,Premium
CUST03808,Customer 3808,2348081835223,Male,26-35,Ibadan,South West,Premium
CUST03809,Customer 3809,2348028675812,Male,Unknown,Kaduna,North West,Regular
CUST03810,Customer 3810,2348095571614,Unknown,60+,Benin City,South South,Occasional
CUST03811,Customer 3811,2348077433288,Male,Unknown,Benin City,South South,Business
CUST03812,Customer 3812,2348077967410,female,60+,Kaduna,North West,REGULAR
CUST03813,Customer 3813,2348092945659, f ,36-45,Enugu,South East,premium 
CUST03814,Customer 3814,2348037601645,Male,Unknown,Kano,North West,Regular
CUST03815,Customer 3815,2348099198855,Female,46-60,Abuja,North Central,Regular
CUST03816,Customer 3816,2348090023791,Female,26-35,Benin City,South South,premium 
CUST03817,Customer 3817,2348046846755,FEMALE,Unknown,Abuja,North Central,Premium
CUST03818,Customer 3818,2348041709389,Unknown,36-45,Enugu,South East,Premium
CUST03819,Customer 3819,2348047707673,Unknown,26-35,Abuja,North Central,REGULAR
CUST03820,Customer 3820,2348043054702,Female,36-45,Abuja,North Central,Business
CUST03821,Customer 3821,2348067992920, f ,18-25,Benin City,South South,Premium
CUST03822,Customer 3822,2348038725587,MALE,46-60,Kano,North West,Regular
CUST03823,Customer 3823,2348094495961,Male,60+,Kaduna,North West,Occasional
CUST03824,Customer 3824,2348084324612,Unknown,26-35,Enugu,South East,Occasional
CUST03825, Customer 3825 ,2348042471468,Male,36-45,Lagos,South West,Regular
CUST03826,Customer 3826,2348021624878,Unknown,46-60,Lagos,South West,Regular
CUST03827,Customer 3827,2348076817978,Female,Unknown,Enugu,South East,Premium
CUST03828,Customer 3828,2348046829916,F,60+,Abuja,North Central,Premium
CUST03829,Customer 3829,2348085771780,male,Unknown,Abuja,North Central,Unknown
CUST03830,Customer 3830,2348056134503,Male,Unknown,Kaduna,North West,Regular
CUST03831,Customer 3831,2348057717016,M,46-60,Kaduna,North West,Regular
CUST03832,Customer 3832,2348027983598,Unknown,60+,Abuja,North Central,Premium
CUST03833,Customer 3833,2348021024195,Unknown,46-60,Benin City,South South,Regular
CUST03834,Customer 3834,2348086128868, f ,46-60,Enugu,South East,Regular
CUST03835,Customer 3835,2348026112985,Female,18-25,Enugu,South East,premium 
CUST03836,Customer 3836,2348051074156,Male,Unknown,Enugu,South East,Occasional
CUST03837,Customer 3837,2348055294775,Male,26-35,Kaduna,North West,Regular
CUST03838,Customer 3838,2348084885015,F,18-25,Ibadan,South West,premium 
CUST03839,Customer 3839,2348014493207,female,60+,Abuja,North Central,Occasional
CUST03840,Customer 3840,2348056016391,Female,36-45,Kaduna,North West,Occasional
CUST03841,Customer 3841,2348077191644,Female,36-45,Kano,North West,Occasional
CUST03842,Customer 3842,2348076266312,Male,36-45,Abuja,North Central,Occasional
CUST03843,Customer 3843,2348030805460,Female,26-35,Lagos,South West,Regular
CUST03844,Customer 3844,2348075753177,male,18-25,Port Harcourt,South South,Premium
CUST03845,Customer 3845,2348020383860,male,46-60,Kaduna,North West,Occasional
CUST03846,Customer 3846,2348072094014,M,18-25,Kaduna,North West,premium 
CUST03847,Customer 3847,2348091056757,FEMALE,26-35,Kano,North West,Regular
CUST03848,Customer 3848,2348074776479,Female,Unknown,Port Harcourt,South South,premium 
CUST03849,Customer 3849,2348030270295,female,18-25,Kaduna,North West,premium 
CUST03850, Customer 3850 ,2348083244891,M,18-25,Lagos,South West,Premium
CUST03851,Customer 3851,2348023739456,Unknown,36-45,Lagos,South West,premium 
CUST03852,Customer 3852,2348031863150,Male,18-25,Kano,North West,Premium
CUST03853,Customer 3853,2348021547277,Male,60+,Enugu,South East,premium 
CUST03854,Customer 3854,2348093962666,Male,18-25,Benin City,South South,Regular
CUST03855,Customer 3855,2348023342217,Male,18-25,Lagos,South West,Premium
CUST03856,Customer 3856,2348049977852,Unknown,36-45,Benin City,South South,Occasional
CUST03857,Customer 3857,2348084085881,Male,46-60,Abuja,North Central,Regular
CUST03858,Customer 3858,2348040959148,Unknown,60+,Kano,North West,Regular
CUST03859,Customer 3859,2348080227641,Male,60+,Ibadan,South West,Regular
CUST03860,Customer 3860,2348099682391,M,46-60,Kano,North West,Regular
CUST03861,Customer 3861,2348089129194,Male,60+,Abuja,North Central,Occasional
CUST03862,Customer 3862,2348058068210,F,60+,Abuja,North Central,premium 
CUST03863,Customer 3863,2348073334588,female,36-45,Abuja,North Central,Business
CUST03864,Customer 3864,2348054061956,Female,Unknown,Ibadan,South West,Regular
CUST03865,Customer 3865,2348042196596,Male,26-35,Abuja,North Central,Premium
CUST03866,Customer 3866,2348055478456,Female,18-25,Port Harcourt,South South,Regular
CUST03867,Customer 3867,2348076428857,Male,18-25,Lagos,South West,Business
CUST03868,Customer 3868,2348070772004,Female,36-45,Port Harcourt,South South,Occasional
CUST03869,Customer 3869,2348093028748,Unknown,Unknown,Enugu,South East,Regular
CUST03870,Customer 3870,2348031229329,Male,26-35,Benin City,South South,premium 
CUST03871,Customer 3871,2348072546489,Unknown,46-60,Kano,North West,Occasional
CUST03872,Customer 3872,2348082306101,FEMALE,46-60,Abuja,North Central,Unknown
CUST03873,Customer 3873,2348086850649,Male,26-35,Benin City,South South,Occasional
CUST03874,Customer 3874,2348093924374,Female,Unknown,Ibadan,South West,Regular
CUST03875, Customer 3875 ,2348089891375,Unknown,18-25,Benin City,South South,Occasional
CUST03876,Customer 3876,2348038893526,Male,36-45,Port Harcourt,South South,Unknown
CUST03877,Customer 3877,2348078242376,F,36-45,Kaduna,North West,Regular
CUST03878,Customer 3878,2348025820455,M,36-45,Enugu,South East,Regular
CUST03879,Customer 3879,2348013800116,male,26-35,Lagos,South West,Regular
CUST03880,Customer 3880,2348047902166,M,26-35,Benin City,South South,Premium
CUST03881,Customer 3881,2348037855807,F,46-60,Lagos,South West,Premium
CUST03882,Customer 3882,2348058325594,male,18-25,Lagos,South West,Premium
CUST03883,Customer 3883,2348020090302,FEMALE,26-35,Benin City,South South,Unknown
CUST03884,Customer 3884,2348028685977,Female,60+,Benin City,South South,Regular
CUST03885,Customer 3885,2348033263652,Unknown,26-35,Enugu,South East,Unknown
CUST03886,Customer 3886,2348044484171,Male,46-60,Lagos,South West,Regular
CUST03887,Customer 3887,2348075718823,Female,36-45,Enugu,South East,Business
CUST03888,Customer 3888,2348050037986,FEMALE,Unknown,Abuja,North Central,REGULAR
CUST03889,Customer 3889,2348068941493,Female,46-60,Benin City,South South,premium 
CUST03890,Customer 3890,2348028419198,male,46-60,Kano,North West,Premium
CUST03891,Customer 3891,2348047337897,F,60+,Ibadan,South West,Regular
CUST03892,Customer 3892,2348089974578,Male,46-60,Ibadan,South West,Occasional
CUST03893,Customer 3893,2348047509562,FEMALE,60+,Benin City,South South,REGULAR
CUST03894,Customer 3894,2348031337669,M,60+,Port Harcourt,South South,Regular
CUST03895,Customer 3895,2348091313240,Female,46-60,Kano,North West,Occasional
CUST03896,Customer 3896,2348036152160,Female,60+,Kano,North West,Regular
CUST03897,Customer 3897,2348011643126,Female,60+,Abuja,North Central,Regular
CUST03898,Customer 3898,2348017147223,Male,18-25,Kano,North West,Premium
CUST03899,Customer 3899,2348048032678,Female,18-25,Kaduna,North West,Premium
CUST03900, Customer 3900 ,2348073080563,Female,36-45,Benin City,South South,Unknown
CUST03901,Customer 3901,2348042074917,F,26-35,Abuja,North Central,Occasional
CUST03902,Customer 3902,2348082483556,Male,26-35,Kano,North West,Occasional
CUST03903,Customer 3903,2348076657682, m ,18-25,Ibadan,South West,Unknown
CUST03904,Customer 3904,2348038490868,Female,18-25,Kaduna,North West,premium 
CUST03905,Customer 3905,2348024036139,Female,Unknown,Port Harcourt,South South,Business
CUST03906,Customer 3906,2348049064158,Male,60+,Ibadan,South West,Business
CUST03907,Customer 3907,2348088197526,Female,36-45,Port Harcourt,South South,Premium
CUST03908,Customer 3908,2348064256936,male,60+,Abuja,North Central,Business
CUST03909,Customer 3909,2348068698891,Male,Unknown,Enugu,South East,Occasional
CUST03910,Customer 3910,2348035121881,Unknown,Unknown,Kaduna,North West,Regular
CUST03911,Customer 3911,2348072543744,M,26-35,Enugu,South East,Regular
CUST03912,Customer 3912,2348072095561,male,36-45,Lagos,South West,Business
CUST03913,Customer 3913,2348069660254,Male,60+,Ibadan,South West,REGULAR
CUST03914,Customer 3914,2348060975801,MALE,60+,Ibadan,South West,Unknown
CUST03915,Customer 3915,2348055608738,Female,18-25,Ibadan,South West,premium 
CUST03916,Customer 3916,2348076954832,Unknown,Unknown,Kano,North West,Occasional
CUST03917,Customer 3917,2348070983553,Female,Unknown,Kano,North West,Occasional
CUST03918,Customer 3918,2348068960767, f ,36-45,Kano,North West,Occasional
CUST03919,Customer 3919,2348026563957,Male,60+,Ibadan,South West,Premium
CUST03920,Customer 3920,2348037074020,F,36-45,Benin City,South South,Business
CUST03921,Customer 3921,2348086646617,FEMALE,18-25,Ibadan,South West,Unknown
CUST03922,Customer 3922,2348039479589,Male,36-45,Abuja,North Central,Unknown
CUST03923,Customer 3923,2348017588061,Female,46-60,Port Harcourt,South South,Occasional
CUST03924,Customer 3924,2348089421189,Male,36-45,Abuja,North Central,Premium
CUST03925, Customer 3925 ,2348010556224,FEMALE,Unknown,Enugu,South East,premium 
CUST03926,Customer 3926,2348099245372,Unknown,36-45,Kano,North West,Regular
CUST03927,Customer 3927,2348096058620,Unknown,26-35,Benin City,South South,Occasional
CUST03928,Customer 3928,2348095170366,Male,60+,Kano,North West,Occasional
CUST03929,Customer 3929,2348011890380,Unknown,36-45,Ibadan,South West,Premium
CUST03930,Customer 3930,2348087630555,Male,60+,Kaduna,North West,Premium
CUST03931,Customer 3931,2348046931354,Female,Unknown,Benin City,South South,Regular
CUST03932,Customer 3932,2348066683833,MALE,18-25,Lagos,South West,Regular
CUST03933,Customer 3933,2348072044708,Female,46-60,Kaduna,North West,REGULAR
CUST03934,Customer 3934,2348032576258,Female,46-60,Port Harcourt,South South,Occasional
CUST03935,Customer 3935,2348026175100,Female,26-35,Abuja,North Central,Regular
CUST03936,Customer 3936,2348018365928,Male,60+,Kano,North West,Premium
CUST03937,Customer 3937,2348068617385,Unknown,18-25,Lagos,South West,Occasional
CUST03938,Customer 3938,2348089512050,Unknown,18-25,Lagos,South West,Occasional
CUST03939,Customer 3939,2348070555829,M,18-25,Kano,North West,Regular
CUST03940,Customer 3940,2348035980809,Male,36-45,Port Harcourt,South South,Business
CUST03941,Customer 3941,2348042438462,FEMALE,18-25,Kano,North West,Regular
CUST03942,Customer 3942,2348042831333,Male,36-45,Abuja,North Central,Occasional
CUST03943,Customer 3943,2348015504859,Male,46-60,Benin City,South South,premium 
CUST03944,Customer 3944,2348021292407,M,36-45,Lagos,South West,Regular
CUST03945,Customer 3945,2348033334068,F,Unknown,Port Harcourt,South South,Occasional
CUST03946,Customer 3946,2348077179303,Unknown,26-35,Kaduna,North West,Regular
CUST03947,Customer 3947,2348056253476,Male,36-45,Lagos,South West,Premium
CUST03948,Customer 3948,2348038669693,Unknown,Unknown,Benin City,South South,Occasional
CUST03949,Customer 3949,2348015511519,FEMALE,60+,Port Harcourt,South South,Regular
CUST03950, Customer 3950 ,2348092089964, m ,18-25,Kano,North West,Unknown
CUST03951,Customer 3951,2348011890412,Unknown,46-60,Ibadan,South West,Regular
CUST03952,Customer 3952,2348030716684,F,46-60,Kaduna,North West,Occasional
CUST03953,Customer 3953,2348096959295,Male,26-35,Lagos,South West,Unknown
CUST03954,Customer 3954,2348018509338,Unknown,18-25,Lagos,South West,Premium
CUST03955,Customer 3955,2348063945024,Unknown,Unknown,Ibadan,South West,Premium
CUST03956,Customer 3956,2348050591319,Female,26-35,Kaduna,North West,Unknown
CUST03957,Customer 3957,2348016734650,Unknown,26-35,Ibadan,South West,premium 
CUST03958,Customer 3958,2348014628288,Male,18-25,Port Harcourt,South South,Regular
CUST03959,Customer 3959,2348081421898,female,46-60,Benin City,South South,Occasional
CUST03960,Customer 3960,2348081002655,MALE,46-60,Port Harcourt,South South,Regular
CUST03961,Customer 3961,2348050627674,Unknown,60+,Kano,North West,premium 
CUST03962,Customer 3962,2348096596421,Unknown,Unknown,Port Harcourt,South South,REGULAR
CUST03963,Customer 3963,2348081898195,Male,46-60,Kaduna,North West,Unknown
CUST03964,Customer 3964,2348096530748,F,46-60,Port Harcourt,South South,Premium
CUST03965,Customer 3965,2348054963531,Male,60+,Abuja,North Central,Regular
CUST03966,Customer 3966,2348015925086,F,36-45,Ibadan,South West,Business
CUST03967,Customer 3967,2348056923140,M,60+,Port Harcourt,South South,Premium
CUST03968,Customer 3968,2348031827253,Unknown,Unknown,Port Harcourt,South South,Occasional
CUST03969,Customer 3969,2348049294724,Male,26-35,Port Harcourt,South South,Occasional
CUST03970,Customer 3970,2348044992878,FEMALE,26-35,Lagos,South West,Regular
CUST03971,Customer 3971,2348027768213,Female,18-25,Ibadan,South West,Occasional
CUST03972,Customer 3972,2348069245011,Female,46-60,Benin City,South South,Premium
CUST03973,Customer 3973,2348088528527,Female,Unknown,Kano,North West,Regular
CUST03974,Customer 3974,2348058159918,Male,Unknown,Abuja,North Central,Regular
CUST03975, Customer 3975 ,2348057072320,Unknown,26-35,Ibadan,South West,Premium
CUST03976,Customer 3976,2348087891952, f ,46-60,Kano,North West,Premium
CUST03977,Customer 3977,2348082610280,Unknown,60+,Port Harcourt,South South,premium 
CUST03978,Customer 3978,2348039611767,Female,26-35,Abuja,North Central,Unknown
CUST03979,Customer 3979,2348075152970,Female,46-60,Ibadan,South West,Premium
CUST03980,Customer 3980,2348087654690,Female,36-45,Lagos,South West,Occasional
CUST03981,Customer 3981,2348018148958,MALE,18-25,Kaduna,North West,Unknown
CUST03982,Customer 3982,2348050329953,F,60+,Lagos,South West,Premium
CUST03983,Customer 3983,2348028736137,Male,60+,Enugu,South East,Premium
CUST03984,Customer 3984,2348091301241,Female,Unknown,Port Harcourt,South South,Unknown
CUST03985,Customer 3985,2348086761098,Male,Unknown,Lagos,South West,Occasional
CUST03986,Customer 3986,2348089606506,Female,60+,Lagos,South West,Regular
CUST03987,Customer 3987,2348063900862,female,36-45,Kano,North West,Business
CUST03988,Customer 3988,2348032338879,Unknown,26-35,Kaduna,North West,Premium
CUST03989,Customer 3989,2348011325096,F,46-60,Lagos,South West,Regular
CUST03990,Customer 3990,2348093165519,Unknown,26-35,Enugu,South East,Premium
CUST03991,Customer 3991,2348056706923,F,36-45,Abuja,North Central,Premium
CUST03992,Customer 3992,2348089208931, m ,18-25,Ibadan,South West,REGULAR
CUST03993,Customer 3993,2348081363318, m ,36-45,Abuja,North Central,Premium
CUST03994,Customer 3994,2348055581656,Male,26-35,Ibadan,South West,Unknown
CUST03995,Customer 3995,2348089918887,Male,46-60,Kano,North West,Unknown
CUST03996,Customer 3996,2348049756286,Male,26-35,Kano,North West,REGULAR
CUST03997,Customer 3997,2348084916625,Male,26-35,Port Harcourt,South South,Regular
CUST03998,Customer 3998,2348082169863,Male,18-25,Abuja,North Central,Premium
CUST03999,Customer 3999,2348055630731,M,46-60,Port Harcourt,South South,REGULAR
CUST04000, Customer 4000 ,2348040337284,Male,46-60,Ibadan,South West,Unknown
CUST04001,Customer 4001,2348092733860,female,26-35,Port Harcourt,South South,Regular
CUST04002,Customer 4002,2348065328462,Female,36-45,Kaduna,North West,Business
CUST04003,Customer 4003,2348064930840,Unknown,46-60,Port Harcourt,South South,Occasional
CUST04004,Customer 4004,2348081157751,Unknown,46-60,Ibadan,South West,Occasional
CUST04005,Customer 4005,2348076279808,Male,Unknown,Lagos,South West,Premium
CUST04006,Customer 4006,2348086420764,Unknown,46-60,Port Harcourt,South South,REGULAR
CUST04007,Customer 4007,2348028524084, f ,60+,Ibadan,South West,Premium
CUST04008,Customer 4008,2348069782968,Male,36-45,Port Harcourt,South South,Premium
CUST04009,Customer 4009,2348032947166,Female,36-45,Lagos,South West,REGULAR
CUST04010,Customer 4010,2348051805111,Male,60+,Kaduna,North West,Occasional
CUST04011,Customer 4011,2348068621061,F,46-60,Benin City,South South,REGULAR
CUST04012,Customer 4012,2348037975303,M,26-35,Kano,North West,Unknown
CUST04013,Customer 4013,2348064312876, f ,26-35,Kano,North West,Premium
CUST04014,Customer 4014,2348083040822,male,26-35,Kaduna,North West,Regular
CUST04015,Customer 4015,2348082359351,Female,26-35,Kaduna,North West,Premium
CUST04016,Customer 4016,2348034487035,Male,26-35,Lagos,South West,REGULAR
CUST04017,Customer 4017,2348073529711,Male,Unknown,Benin City,South South,Occasional
CUST04018,Customer 4018,2348096290843,Unknown,36-45,Kano,North West,Regular
CUST04019,Customer 4019,2348017550366,Unknown,60+,Kaduna,North West,Regular
CUST04020,Customer 4020,2348048771241,male,Unknown,Benin City,South South,Regular
CUST04021,Customer 4021,2348068547766, f ,36-45,Enugu,South East,Premium
CUST04022,Customer 4022,2348083082630,female,18-25,Benin City,South South,Business
CUST04023,Customer 4023,2348038315502,Female,Unknown,Lagos,South West,Regular
CUST04024,Customer 4024,2348065810125,Female,60+,Benin City,South South,Regular
CUST04025, Customer 4025 ,2348047938024,MALE,26-35,Kano,North West,Unknown
CUST04026,Customer 4026,2348062780485,Male,26-35,Kaduna,North West,Unknown
CUST04027,Customer 4027,2348049973725,Female,60+,Port Harcourt,South South,Unknown
CUST04028,Customer 4028,2348047610942,F,26-35,Lagos,South West,premium 
CUST04029,Customer 4029,2348087715504,FEMALE,Unknown,Kaduna,North West,Regular
CUST04030,Customer 4030,2348010423061,Male,Unknown,Enugu,South East,Occasional
CUST04031,Customer 4031,2348059118916,Unknown,36-45,Ibadan,South West,premium 
CUST04032,Customer 4032,2348076868952,Unknown,26-35,Abuja,North Central,Occasional
CUST04033,Customer 4033,2348097919441,FEMALE,46-60,Kano,North West,premium 
CUST04034,Customer 4034,2348063035079, m ,36-45,Benin City,South South,Regular
CUST04035,Customer 4035,2348022016557,M,Unknown,Abuja,North Central,Unknown
CUST04036,Customer 4036,2348084948065,Male,26-35,Ibadan,South West,Premium
CUST04037,Customer 4037,2348056005195,Unknown,Unknown,Ibadan,South West,Premium
CUST04038,Customer 4038,2348016611589,Male,Unknown,Benin City,South South,premium 
CUST04039,Customer 4039,2348091665363,Male,46-60,Benin City,South South,REGULAR
CUST04040,Customer 4040,2348029378978,Male,Unknown,Ibadan,South West,Unknown
CUST04041,Customer 4041,2348069758070,Unknown,26-35,Ibadan,South West,Business
CUST04042,Customer 4042,2348085976854,female,18-25,Ibadan,South West,Occasional
CUST04043,Customer 4043,2348051935640,Unknown,46-60,Lagos,South West,Unknown
CUST04044,Customer 4044,2348072765233, m ,18-25,Kano,North West,REGULAR
CUST04045,Customer 4045,2348068233641,Unknown,26-35,Lagos,South West,Occasional
CUST04046,Customer 4046,2348069025791,M,18-25,Port Harcourt,South South,Occasional
CUST04047,Customer 4047,2348041611618,Male,60+,Kano,North West,Premium
CUST04048,Customer 4048,2348079952313,Unknown,46-60,Port Harcourt,South South,Occasional
CUST04049,Customer 4049,2348054845117,Male,Unknown,Kaduna,North West,Unknown
CUST04050, Customer 4050 ,2348010037895,Male,18-25,Lagos,South West,Premium
CUST04051,Customer 4051,2348039323917,F,46-60,Enugu,South East,Regular
CUST04052,Customer 4052,2348064676103,Male,Unknown,Kano,North West,Regular
CUST04053,Customer 4053,2348014746457,M,36-45,Abuja,North Central,Unknown
CUST04054,Customer 4054,2348051991817,Female,46-60,Lagos,South West,Regular
CUST04055,Customer 4055,2348099389950,Male,60+,Abuja,North Central,Premium
CUST04056,Customer 4056,2348013089416,Male,18-25,Benin City,South South,Occasional
CUST04057,Customer 4057,2348066678004,Male,46-60,Benin City,South South,Premium
CUST04058,Customer 4058,2348038967639,M,Unknown,Ibadan,South West,Occasional
CUST04059,Customer 4059,2348030670201,F,36-45,Ibadan,South West,Premium
CUST04060,Customer 4060,2348034308332, m ,46-60,Abuja,North Central,Premium
CUST04061,Customer 4061,2348095596600,Unknown,Unknown,Port Harcourt,South South,Occasional
CUST04062,Customer 4062,2348065619749,Male,Unknown,Enugu,South East,Premium
CUST04063,Customer 4063,2348039234316,female,36-45,Port Harcourt,South South,Regular
CUST04064,Customer 4064,2348040777128,female,26-35,Kano,North West,Unknown
CUST04065,Customer 4065,2348027365057,Female,60+,Abuja,North Central,Premium
CUST04066,Customer 4066,2348024908185,Female,Unknown,Kano,North West,Premium
CUST04067,Customer 4067,2348062122512, f ,Unknown,Enugu,South East,REGULAR
CUST04068,Customer 4068,2348011238310,Male,46-60,Enugu,South East,premium 
CUST04069,Customer 4069,2348057791483,Female,18-25,Lagos,South West,Occasional
CUST04070,Customer 4070,2348056252589,Male,18-25,Abuja,North Central,Premium
CUST04071,Customer 4071,2348068783180,Male,18-25,Lagos,South West,premium 
CUST04072,Customer 4072,2348028169560,female,46-60,Kano,North West,Unknown
CUST04073,Customer 4073,2348015854872,Unknown,26-35,Kano,North West,Business
CUST04074,Customer 4074,2348070001177,Unknown,60+,Lagos,South West,Business
CUST04075, Customer 4075 ,2348016398534,Male,Unknown,Kaduna,North West,Occasional
CUST04076,Customer 4076,2348070327685,F,26-35,Benin City,South South,Premium
CUST04077,Customer 4077,2348027659570,Unknown,60+,Kaduna,North West,premium 
CUST04078,Customer 4078,2348053887574,female,36-45,Kaduna,North West,premium 
CUST04079,Customer 4079,2348077050833,Male,18-25,Kano,North West,Premium
CUST04080,Customer 4080,2348046534744,MALE,Unknown,Enugu,South East,Premium
CUST04081,Customer 4081,2348042169526,female,60+,Lagos,South West,Occasional
CUST04082,Customer 4082,2348029467151,Unknown,Unknown,Benin City,South South,Premium
CUST04083,Customer 4083,2348087354672,Female,26-35,Kaduna,North West,Regular
CUST04084,Customer 4084,2348018761089,Male,26-35,Abuja,North Central,Unknown
CUST04085,Customer 4085,2348063499938, f ,36-45,Kaduna,North West,Business
CUST04086,Customer 4086,2348025998446,F,36-45,Kaduna,North West,Regular
CUST04087,Customer 4087,2348090462423,Female,60+,Kano,North West,Business
CUST04088,Customer 4088,2348046346968,Female,Unknown,Kano,North West,Occasional
CUST04089,Customer 4089,2348039099516,F,Unknown,Abuja,North Central,Regular
CUST04090,Customer 4090,2348050072982,Female,36-45,Enugu,South East,Regular
CUST04091,Customer 4091,2348014814360, m ,26-35,Lagos,South West,Regular
CUST04092,Customer 4092,2348031295059,Unknown,46-60,Abuja,North Central,Premium
CUST04093,Customer 4093,2348051309734,Male,60+,Kaduna,North West,Regular
CUST04094,Customer 4094,2348023799961,Unknown,Unknown,Kano,North West,Occasional
CUST04095,Customer 4095,2348031580036,Female,60+,Benin City,South South,premium 
CUST04096,Customer 4096,2348020414809,Male,26-35,Kano,North West,Business
CUST04097,Customer 4097,2348032308595,FEMALE,36-45,Abuja,North Central,premium 
CUST04098,Customer 4098,2348023242990,Female,60+,Abuja,North Central,Premium
CUST04099,Customer 4099,2348037509358,Female,36-45,Ibadan,South West,REGULAR
CUST04100, Customer 4100 ,2348032168026, m ,26-35,Kano,North West,Regular
CUST04101,Customer 4101,2348061261931,Male,18-25,Benin City,South South,REGULAR
CUST04102,Customer 4102,2348054319782,Female,18-25,Kaduna,North West,Regular
CUST04103,Customer 4103,2348013831874,Unknown,36-45,Kano,North West,Occasional
CUST04104,Customer 4104,2348063067389,Unknown,18-25,Lagos,South West,Regular
CUST04105,Customer 4105,2348068040955,Female,36-45,Kaduna,North West,Business
CUST04106,Customer 4106,2348074100458,MALE,60+,Ibadan,South West,Unknown
CUST04107,Customer 4107,2348046251064,Female,18-25,Lagos,South West,Occasional
CUST04108,Customer 4108,2348079646660,Male,60+,Lagos,South West,Regular
CUST04109,Customer 4109,2348064433462,Female,Unknown,Ibadan,South West,premium 
CUST04110,Customer 4110,2348051569961,F,36-45,Kaduna,North West,Premium
CUST04111,Customer 4111,2348036002735,Male,46-60,Port Harcourt,South South,Premium
CUST04112,Customer 4112,2348071449784,female,18-25,Benin City,South South,Occasional
CUST04113,Customer 4113,2348077267911,Female,Unknown,Benin City,South South,premium 
CUST04114,Customer 4114,2348095851700,Unknown,46-60,Benin City,South South,Premium
CUST04115,Customer 4115,2348083734457,Male,36-45,Enugu,South East,Unknown
CUST04116,Customer 4116,2348088548622,Unknown,60+,Abuja,North Central,Premium
CUST04117,Customer 4117,2348017238050,Female,46-60,Port Harcourt,South South,Business
CUST04118,Customer 4118,2348079880062,M,26-35,Lagos,South West,Occasional
CUST04119,Customer 4119,2348040343944,Female,Unknown,Kaduna,North West,Unknown
CUST04120,Customer 4120,2348047327680,Male,36-45,Ibadan,South West,Regular
CUST04121,Customer 4121,2348099768939,M,46-60,Ibadan,South West,Unknown
CUST04122,Customer 4122,2348049280560,Unknown,18-25,Port Harcourt,South South,REGULAR
CUST04123,Customer 4123,2348056562996,Unknown,18-25,Benin City,South South,Occasional
CUST04124,Customer 4124,2348049644513,MALE,60+,Enugu,South East,Regular
CUST04125, Customer 4125 ,2348067089392,male,36-45,Port Harcourt,South South,REGULAR
CUST04126,Customer 4126,2348090307361, m ,26-35,Kano,North West,Unknown
CUST04127,Customer 4127,2348023990242,Male,Unknown,Benin City,South South,Premium
CUST04128,Customer 4128,2348042515141,F,Unknown,Lagos,South West,premium 
CUST04129,Customer 4129,2348058312342, m ,60+,Benin City,South South,Regular
CUST04130,Customer 4130,2348086195485,Male,Unknown,Abuja,North Central,Occasional
CUST04131,Customer 4131,2348050034200,Unknown,26-35,Lagos,South West,premium 
CUST04132,Customer 4132,2348011462057,Unknown,36-45,Abuja,North Central,Occasional
CUST04133,Customer 4133,2348010459917, m ,36-45,Benin City,South South,REGULAR
CUST04134,Customer 4134,2348030514901,Male,18-25,Benin City,South South,Premium
CUST04135,Customer 4135,2348036328344,male,36-45,Ibadan,South West,premium 
CUST04136,Customer 4136,2348038697187,female,26-35,Kaduna,North West,Regular
CUST04137,Customer 4137,2348015678244,Unknown,60+,Kaduna,North West,Premium
CUST04138,Customer 4138,2348029074872,M,26-35,Kano,North West,REGULAR
CUST04139,Customer 4139,2348091804106,M,Unknown,Kaduna,North West,Regular
CUST04140,Customer 4140,2348047425621,MALE,46-60,Benin City,South South,Occasional
CUST04141,Customer 4141,2348076719555, m ,36-45,Ibadan,South West,Occasional
CUST04142,Customer 4142,2348092686052,Unknown,26-35,Lagos,South West,Premium
CUST04143,Customer 4143,2348045451625,Female,60+,Kano,North West,Regular
CUST04144,Customer 4144,2348044746847,MALE,Unknown,Enugu,South East,Premium
CUST04145,Customer 4145,2348026127435,Male,60+,Kano,North West,Regular
CUST04146,Customer 4146,2348088694843,M,36-45,Enugu,South East,Regular
CUST04147,Customer 4147,2348027874560,Male,Unknown,Lagos,South West,Regular
CUST04148,Customer 4148,2348038736956,Female,18-25,Lagos,South West,Business
CUST04149,Customer 4149,2348076862793,Female,18-25,Abuja,North Central,Business
CUST04150, Customer 4150 ,2348059030466,Male,46-60,Kaduna,North West,Regular
CUST04151,Customer 4151,2348024701181,Female,18-25,Port Harcourt,South South,Premium
CUST04152,Customer 4152,2348038549759,Female,36-45,Abuja,North Central,Regular
CUST04153,Customer 4153,2348048413992,Male,18-25,Ibadan,South West,Premium
CUST04154,Customer 4154,2348062673176,Female,60+,Port Harcourt,South South,Unknown
CUST04155,Customer 4155,2348010303825,Female,18-25,Benin City,South South,Unknown
CUST04156,Customer 4156,2348048364175,MALE,36-45,Ibadan,South West,Premium
CUST04157,Customer 4157,2348066247482,Male,46-60,Port Harcourt,South South,REGULAR
CUST04158,Customer 4158,2348069828315,Male,60+,Kaduna,North West,Premium
CUST04159,Customer 4159,2348057926288,Unknown,46-60,Abuja,North Central,Premium
CUST04160,Customer 4160,2348068339478,F,36-45,Benin City,South South,Premium
CUST04161,Customer 4161,2348040419459,Female,60+,Enugu,South East,Premium
CUST04162,Customer 4162,2348070005536,Male,26-35,Port Harcourt,South South,Premium
CUST04163,Customer 4163,2348082407548,Male,18-25,Abuja,North Central,Regular
CUST04164,Customer 4164,2348047451713,Female,26-35,Enugu,South East,Premium
CUST04165,Customer 4165,2348023112887,Unknown,26-35,Abuja,North Central,Regular
CUST04166,Customer 4166,2348015516815,female,18-25,Kano,North West,Regular
CUST04167,Customer 4167,2348081959081,Male,36-45,Abuja,North Central,Occasional
CUST04168,Customer 4168,2348049807900,Male,26-35,Ibadan,South West,Regular
CUST04169,Customer 4169,2348044288112,Unknown,60+,Lagos,South West,Regular
CUST04170,Customer 4170,2348012458220,female,18-25,Benin City,South South,Regular
CUST04171,Customer 4171,2348023248227,Female,Unknown,Kano,North West,Occasional
CUST04172,Customer 4172,2348026457037,Male,Unknown,Benin City,South South,Business
CUST04173,Customer 4173,2348056930126,F,Unknown,Kaduna,North West,premium 
CUST04174,Customer 4174,2348050848252,Unknown,36-45,Ibadan,South West,Business
CUST04175, Customer 4175 ,2348053478458,Female,60+,Port Harcourt,South South,REGULAR
CUST04176,Customer 4176,2348048539131,F,46-60,Abuja,North Central,Occasional
CUST04177,Customer 4177,2348057135262,Male,46-60,Lagos,South West,Business
CUST04178,Customer 4178,2348050211230, m ,26-35,Port Harcourt,South South,Regular
CUST04179,Customer 4179,2348057125411,F,18-25,Kaduna,North West,Business
CUST04180,Customer 4180,2348094280240,M,18-25,Ibadan,South West,Premium
CUST04181,Customer 4181,2348068021788, m ,26-35,Ibadan,South West,Business
CUST04182,Customer 4182,2348038568151,Unknown,26-35,Abuja,North Central,Premium
CUST04183,Customer 4183,2348024682367,Unknown,60+,Lagos,South West,Regular
CUST04184,Customer 4184,2348044638537,Male,Unknown,Abuja,North Central,Unknown
CUST04185,Customer 4185,2348074969505,Male,46-60,Ibadan,South West,REGULAR
CUST04186,Customer 4186,2348044841208,female,Unknown,Lagos,South West,Occasional
CUST04187,Customer 4187,2348081451572,Unknown,36-45,Abuja,North Central,Regular
CUST04188,Customer 4188,2348092781155,Male,Unknown,Kano,North West,Premium
CUST04189,Customer 4189,2348060155438,F,18-25,Benin City,South South,REGULAR
CUST04190,Customer 4190,2348057990271,Female,26-35,Lagos,South West,REGULAR
CUST04191,Customer 4191,2348056669548, f ,18-25,Enugu,South East,Regular
CUST04192,Customer 4192,2348098463359,Male,60+,Lagos,South West,Occasional
CUST04193,Customer 4193,2348096276305,F,26-35,Port Harcourt,South South,Unknown
CUST04194,Customer 4194,2348011127438,Unknown,26-35,Kaduna,North West,Regular
CUST04195,Customer 4195,2348097036666,Unknown,46-60,Abuja,North Central,Occasional
CUST04196,Customer 4196,2348064364128,Unknown,36-45,Kano,North West,Premium
CUST04197,Customer 4197,2348034009600,male,46-60,Port Harcourt,South South,Premium
CUST04198,Customer 4198,2348099950501,F,60+,Kaduna,North West,Occasional
CUST04199,Customer 4199,2348039160176,Female,Unknown,Port Harcourt,South South,Premium
CUST04200, Customer 4200 ,2348036222943,Male,Unknown,Enugu,South East,Regular
CUST04201,Customer 4201,2348058279826,Female,36-45,Lagos,South West,Unknown
CUST04202,Customer 4202,2348024296576,Male,Unknown,Ibadan,South West,Unknown
CUST04203,Customer 4203,2348092803782,MALE,60+,Port Harcourt,South South,Occasional
CUST04204,Customer 4204,2348017717663,Male,36-45,Kaduna,North West,premium 
CUST04205,Customer 4205,2348052518463,Unknown,36-45,Lagos,South West,premium 
CUST04206,Customer 4206,2348040666019,Male,46-60,Port Harcourt,South South,Unknown
CUST04207,Customer 4207,2348057686675,Female,26-35,Abuja,North Central,premium 
CUST04208,Customer 4208,2348057043205,Unknown,26-35,Kaduna,North West,Premium
CUST04209,Customer 4209,2348011488238,Male,26-35,Ibadan,South West,Business
CUST04210,Customer 4210,2348075645620, m ,36-45,Lagos,South West,Premium
CUST04211,Customer 4211,2348071303090,FEMALE,46-60,Lagos,South West,Premium
CUST04212,Customer 4212,2348054572231,Male,36-45,Kaduna,North West,Regular
CUST04213,Customer 4213,2348010761610,FEMALE,60+,Port Harcourt,South South,Premium
CUST04214,Customer 4214,2348098466709,Female,18-25,Kaduna,North West,Premium
CUST04215,Customer 4215,2348097692391,M,18-25,Kaduna,North West,Regular
CUST04216,Customer 4216,2348045616457,Unknown,Unknown,Ibadan,South West,Unknown
CUST04217,Customer 4217,2348044767667,Male,26-35,Abuja,North Central,Regular
CUST04218,Customer 4218,2348099421338,Male,26-35,Ibadan,South West,Premium
CUST04219,Customer 4219,2348023546664,Male,46-60,Ibadan,South West,Regular
CUST04220,Customer 4220,2348043192512,Unknown,Unknown,Kaduna,North West,Occasional
CUST04221,Customer 4221,2348088144987,Female,18-25,Benin City,South South,Premium
CUST04222,Customer 4222,2348025528416,Male,Unknown,Enugu,South East,Occasional
CUST04223,Customer 4223,2348098020504,Female,18-25,Kaduna,North West,REGULAR
CUST04224,Customer 4224,2348035693704,M,36-45,Benin City,South South,Regular
CUST04225, Customer 4225 ,2348092386951,Unknown,60+,Lagos,South West,Occasional
CUST04226,Customer 4226,2348077522838,male,46-60,Abuja,North Central,Premium
CUST04227,Customer 4227,2348028194944,M,Unknown,Abuja,North Central,Unknown
CUST04228,Customer 4228,2348011506819,Male,Unknown,Kano,North West,Business
CUST04229,Customer 4229,2348085588190,Female,26-35,Ibadan,South West,premium 
CUST04230,Customer 4230,2348085160167,Unknown,60+,Enugu,South East,Occasional
CUST04231,Customer 4231,2348095033891,Unknown,26-35,Kaduna,North West,Regular
CUST04232,Customer 4232,2348013019061,Male,18-25,Ibadan,South West,Unknown
CUST04233,Customer 4233,2348064256374,Unknown,60+,Ibadan,South West,Unknown
CUST04234,Customer 4234,2348092074639,M,36-45,Abuja,North Central,Unknown
CUST04235,Customer 4235,2348032888380, m ,26-35,Kaduna,North West,Business
CUST04236,Customer 4236,2348049446716,M,36-45,Enugu,South East,Regular
CUST04237,Customer 4237,2348073754002,FEMALE,36-45,Benin City,South South,Premium
CUST04238,Customer 4238,2348028738035,Male,26-35,Kano,North West,Business
CUST04239,Customer 4239,2348047078401,Male,26-35,Ibadan,South West,Occasional
CUST04240,Customer 4240,2348035514679,F,46-60,Kano,North West,Premium
CUST04241,Customer 4241,2348075248541,Unknown,Unknown,Kano,North West,Regular
CUST04242,Customer 4242,2348067653875, f ,Unknown,Enugu,South East,Occasional
CUST04243,Customer 4243,2348077947438,male,18-25,Lagos,South West,Premium
CUST04244,Customer 4244,2348022436303,Male,60+,Abuja,North Central,Premium
CUST04245,Customer 4245,2348058174085,MALE,Unknown,Lagos,South West,Regular
CUST04246,Customer 4246,2348069084456,MALE,18-25,Kano,North West,Premium
CUST04247,Customer 4247,2348092754091,F,Unknown,Enugu,South East,Regular
CUST04248,Customer 4248,2348052427109, f ,46-60,Abuja,North Central,Regular
CUST04249,Customer 4249,2348030271289,Male,46-60,Kaduna,North West,Premium
CUST04250, Customer 4250 ,2348021192725,Male,36-45,Port Harcourt,South South,premium 
CUST04251,Customer 4251,2348061539297,Female,18-25,Abuja,North Central,Regular
CUST04252,Customer 4252,2348027744042,Male,46-60,Abuja,North Central,Regular
CUST04253,Customer 4253,2348063354963,Unknown,18-25,Enugu,South East,Business
CUST04254,Customer 4254,2348054687104,Female,Unknown,Enugu,South East,Regular
CUST04255,Customer 4255,2348032643649,Male,26-35,Kano,North West,Occasional
CUST04256,Customer 4256,2348012841554,female,46-60,Lagos,South West,REGULAR
CUST04257,Customer 4257,2348072710882,Unknown,36-45,Enugu,South East,premium 
CUST04258,Customer 4258,2348071046172, m ,46-60,Ibadan,South West,Regular
CUST04259,Customer 4259,2348025472460,female,36-45,Kano,North West,Premium
CUST04260,Customer 4260,2348091291661,Female,26-35,Port Harcourt,South South,Unknown
CUST04261,Customer 4261,2348032612277,female,46-60,Lagos,South West,Business
CUST04262,Customer 4262,2348054176663,Male,18-25,Benin City,South South,Occasional
CUST04263,Customer 4263,2348053423552,Female,26-35,Abuja,North Central,Regular
CUST04264,Customer 4264,2348037718422,Male,26-35,Abuja,North Central,Unknown
CUST04265,Customer 4265,2348090747406,Unknown,26-35,Benin City,South South,Regular
CUST04266,Customer 4266,2348085966422,F,36-45,Port Harcourt,South South,REGULAR
CUST04267,Customer 4267,2348058689295,M,46-60,Abuja,North Central,Occasional
CUST04268,Customer 4268,2348029633923,Male,46-60,Port Harcourt,South South,Occasional
CUST04269,Customer 4269,2348010807203,Male,18-25,Enugu,South East,REGULAR
CUST04270,Customer 4270,2348085792023,Unknown,36-45,Lagos,South West,Regular
CUST04271,Customer 4271,2348075306061,M,46-60,Port Harcourt,South South,premium 
CUST04272,Customer 4272,2348065569040,Unknown,60+,Abuja,North Central,Occasional
CUST04273,Customer 4273,2348093367971,M,26-35,Benin City,South South,Regular
CUST04274,Customer 4274,2348029812952,Unknown,26-35,Enugu,South East,Premium
CUST04275, Customer 4275 ,2348087945460,Male,26-35,Lagos,South West,Premium
CUST04276,Customer 4276,2348090567077,male,Unknown,Kaduna,North West,Business
CUST04277,Customer 4277,2348049069533,Male,60+,Enugu,South East,Regular
CUST04278,Customer 4278,2348038245352, m ,18-25,Ibadan,South West,Regular
CUST04279,Customer 4279,2348025502538,F,18-25,Benin City,South South,premium 
CUST04280,Customer 4280,2348012907576,Female,46-60,Lagos,South West,Premium
CUST04281,Customer 4281,2348061859253,M,26-35,Port Harcourt,South South,Occasional
CUST04282,Customer 4282,2348030529851,M,36-45,Kano,North West,Regular
CUST04283,Customer 4283,2348088003012,Male,46-60,Enugu,South East,Premium
CUST04284,Customer 4284,2348024515877,Male,36-45,Ibadan,South West,Premium
CUST04285,Customer 4285,2348016709121,Male,46-60,Enugu,South East,Regular
CUST04286,Customer 4286,2348079352089,male,60+,Benin City,South South,Regular
CUST04287,Customer 4287,2348069706749,Female,26-35,Lagos,South West,Premium
CUST04288,Customer 4288,2348025440423,Female,18-25,Abuja,North Central,REGULAR
CUST04289,Customer 4289,2348095520109,Female,46-60,Ibadan,South West,Regular
CUST04290,Customer 4290,2348098237153,Male,Unknown,Abuja,North Central,Unknown
CUST04291,Customer 4291,2348034019729,female,46-60,Kano,North West,Regular
CUST04292,Customer 4292,2348088551473,Male,60+,Kano,North West,Regular
CUST04293,Customer 4293,2348086145229,Unknown,Unknown,Ibadan,South West,Occasional
CUST04294,Customer 4294,2348097935754,Female,60+,Lagos,South West,Regular
CUST04295,Customer 4295,2348061589783,F,46-60,Kaduna,North West,Regular
CUST04296,Customer 4296,2348043947249,Female,60+,Abuja,North Central,premium 
CUST04297,Customer 4297,2348088495822, m ,18-25,Abuja,North Central,Premium
CUST04298,Customer 4298,2348070551851,Female,Unknown,Kano,North West,Regular
CUST04299,Customer 4299,2348019710880,Unknown,Unknown,Kaduna,North West,Premium
CUST04300, Customer 4300 ,2348048579078,Unknown,36-45,Kaduna,North West,Unknown
CUST04301,Customer 4301,2348032828045,MALE,26-35,Enugu,South East,Business
CUST04302,Customer 4302,2348066916455,M,26-35,Benin City,South South,Regular
CUST04303,Customer 4303,2348015893748, f ,60+,Ibadan,South West,Regular
CUST04304,Customer 4304,2348089765937,Male,60+,Kano,North West,Premium
CUST04305,Customer 4305,2348019637083,FEMALE,46-60,Ibadan,South West,Premium
CUST04306,Customer 4306,2348050030765,Female,26-35,Abuja,North Central,Regular
CUST04307,Customer 4307,2348049046385,F,60+,Ibadan,South West,REGULAR
CUST04308,Customer 4308,2348090593830,Unknown,36-45,Abuja,North Central,Premium
CUST04309,Customer 4309,2348096244682,FEMALE,18-25,Enugu,South East,premium 
CUST04310,Customer 4310,2348061009236, m ,36-45,Kano,North West,Premium
CUST04311,Customer 4311,2348045826023,Female,60+,Enugu,South East,Unknown
CUST04312,Customer 4312,2348098517481,female,18-25,Abuja,North Central,Occasional
CUST04313,Customer 4313,2348071253015,Female,46-60,Kano,North West,Premium
CUST04314,Customer 4314,2348020551990,Male,18-25,Port Harcourt,South South,Regular
CUST04315,Customer 4315,2348062182815,female,26-35,Enugu,South East,Premium
CUST04316,Customer 4316,2348047152895, f ,26-35,Benin City,South South,Regular
CUST04317,Customer 4317,2348084110568,Unknown,60+,Abuja,North Central,Occasional
CUST04318,Customer 4318,2348038697731,Male,18-25,Lagos,South West,Premium
CUST04319,Customer 4319,2348074860884,Female,26-35,Kaduna,North West,Regular
CUST04320,Customer 4320,2348099283773, f ,36-45,Ibadan,South West,Occasional
CUST04321,Customer 4321,2348010115787,M,60+,Enugu,South East,Business
CUST04322,Customer 4322,2348015390927,F,26-35,Kaduna,North West,Business
CUST04323,Customer 4323,2348045728332,Female,46-60,Kaduna,North West,Unknown
CUST04324,Customer 4324,2348010013439,Female,36-45,Benin City,South South,Premium
CUST04325, Customer 4325 ,2348098218578,female,26-35,Enugu,South East,Regular
CUST04326,Customer 4326,2348092765217,Male,36-45,Benin City,South South,REGULAR
CUST04327,Customer 4327,2348035349944,Male,60+,Kaduna,North West,Premium
CUST04328,Customer 4328,2348027553337,Male,18-25,Ibadan,South West,Premium
CUST04329,Customer 4329,2348073716103,Unknown,46-60,Kaduna,North West,Occasional
CUST04330,Customer 4330,2348048541732, m ,18-25,Kano,North West,Regular
CUST04331,Customer 4331,2348073637985,Female,26-35,Kaduna,North West,Occasional
CUST04332,Customer 4332,2348062931610,Unknown,46-60,Kano,North West,Regular
CUST04333,Customer 4333,2348084517290,MALE,60+,Lagos,South West,Occasional
CUST04334,Customer 4334,2348066176777,M,18-25,Abuja,North Central,Occasional
CUST04335,Customer 4335,2348025797299,Male,60+,Benin City,South South,Regular
CUST04336,Customer 4336,2348092204991,M,Unknown,Benin City,South South,Unknown
CUST04337,Customer 4337,2348059891250,M,36-45,Kano,North West,Occasional
CUST04338,Customer 4338,2348080463173,female,18-25,Kaduna,North West,Premium
CUST04339,Customer 4339,2348031149853,Unknown,Unknown,Benin City,South South,Business
CUST04340,Customer 4340,2348074111810, f ,26-35,Ibadan,South West,Premium
CUST04341,Customer 4341,2348059680231,FEMALE,Unknown,Kano,North West,Occasional
CUST04342,Customer 4342,2348097607437,Male,36-45,Benin City,South South,Regular
CUST04343,Customer 4343,2348031824463, f ,36-45,Kano,North West,Occasional
CUST04344,Customer 4344,2348057408886,Male,Unknown,Abuja,North Central,premium 
CUST04345,Customer 4345,2348052790954,Unknown,26-35,Kaduna,North West,Business
CUST04346,Customer 4346,2348098628350,Female,46-60,Port Harcourt,South South,Regular
CUST04347,Customer 4347,2348038968644,Unknown,18-25,Benin City,South South,Business
CUST04348,Customer 4348,2348054427973,Male,46-60,Port Harcourt,South South,Regular
CUST04349,Customer 4349,2348051569211,male,60+,Enugu,South East,Occasional
CUST04350, Customer 4350 ,2348064557792,female,18-25,Ibadan,South West,Regular
CUST04351,Customer 4351,2348098977994,M,46-60,Port Harcourt,South South,Regular
CUST04352,Customer 4352,2348089822119,female,36-45,Kaduna,North West,Regular
CUST04353,Customer 4353,2348017821886,Unknown,60+,Ibadan,South West,Regular
CUST04354,Customer 4354,2348013505493,Male,26-35,Enugu,South East,Occasional
CUST04355,Customer 4355,2348028483127,Male,Unknown,Kano,North West,Regular
CUST04356,Customer 4356,2348065712424,Male,36-45,Enugu,South East,Premium
CUST04357,Customer 4357,2348034095774,female,60+,Port Harcourt,South South,Occasional
CUST04358,Customer 4358,2348071552713,Male,46-60,Enugu,South East,Regular
CUST04359,Customer 4359,2348096613770,Male,36-45,Benin City,South South,premium 
CUST04360,Customer 4360,2348083800231,female,36-45,Lagos,South West,Premium
CUST04361,Customer 4361,2348015187236,Male,26-35,Enugu,South East,Premium
CUST04362,Customer 4362,2348068209581,Female,60+,Kaduna,North West,REGULAR
CUST04363,Customer 4363,2348031306128,Female,36-45,Benin City,South South,Regular
CUST04364,Customer 4364,2348079262168,female,Unknown,Kano,North West,Regular
CUST04365,Customer 4365,2348025521808,M,36-45,Abuja,North Central,Unknown
CUST04366,Customer 4366,2348083785938,Male,18-25,Port Harcourt,South South,Occasional
CUST04367,Customer 4367,2348038300194,Unknown,18-25,Benin City,South South,Regular
CUST04368,Customer 4368,2348081080393,Male,Unknown,Benin City,South South,Regular
CUST04369,Customer 4369,2348060289113,Female,26-35,Port Harcourt,South South,Regular
CUST04370,Customer 4370,2348073044495,Male,46-60,Abuja,North Central,premium 
CUST04371,Customer 4371,2348088593666,Female,26-35,Enugu,South East,Unknown
CUST04372,Customer 4372,2348019810196,Unknown,Unknown,Enugu,South East,Regular
CUST04373,Customer 4373,2348013402403,Male,18-25,Lagos,South West,Premium
CUST04374,Customer 4374,2348070373767,Male,60+,Ibadan,South West,Business
CUST04375, Customer 4375 ,2348025170278,MALE,18-25,Kano,North West,Occasional
CUST04376,Customer 4376,2348030492042,Female,46-60,Abuja,North Central,Occasional
CUST04377,Customer 4377,2348025711928,Female,26-35,Enugu,South East,Regular
CUST04378,Customer 4378,2348057952588,Male,18-25,Lagos,South West,Premium
CUST04379,Customer 4379,2348085392843,Male,Unknown,Lagos,South West,Regular
CUST04380,Customer 4380,2348020552309,Female,Unknown,Abuja,North Central,Regular
CUST04381,Customer 4381,2348061720273,Female,18-25,Port Harcourt,South South,Business
CUST04382,Customer 4382,2348024241767,Unknown,60+,Enugu,South East,Occasional
CUST04383,Customer 4383,2348075769823,F,26-35,Port Harcourt,South South,Regular
CUST04384,Customer 4384,2348053390559,male,60+,Lagos,South West,Premium
CUST04385,Customer 4385,2348030465406,Male,60+,Abuja,North Central,premium 
CUST04386,Customer 4386,2348013923794,Unknown,26-35,Port Harcourt,South South,Regular
CUST04387,Customer 4387,2348086175861,Unknown,36-45,Port Harcourt,South South,Regular
CUST04388,Customer 4388,2348097782353,Female,46-60,Kaduna,North West,Occasional
CUST04389,Customer 4389,2348071932430,Male,18-25,Lagos,South West,Occasional
CUST04390,Customer 4390,2348055463378,F,Unknown,Abuja,North Central,Business
CUST04391,Customer 4391,2348076829404,Unknown,60+,Port Harcourt,South South,Regular
CUST04392,Customer 4392,2348044066230,Female,26-35,Kaduna,North West,Occasional
CUST04393,Customer 4393,2348011981039,Female,46-60,Kano,North West,Premium
CUST04394,Customer 4394,2348061793953,Unknown,46-60,Ibadan,South West,Premium
CUST04395,Customer 4395,2348085078044, f ,60+,Benin City,South South,Regular
CUST04396,Customer 4396,2348037287850,Female,46-60,Port Harcourt,South South,Occasional
CUST04397,Customer 4397,2348022712522,Male,26-35,Port Harcourt,South South,Unknown
CUST04398,Customer 4398,2348014881945,M,Unknown,Abuja,North Central,Regular
CUST04399,Customer 4399,2348048315030,F,26-35,Abuja,North Central,Premium
CUST04400, Customer 4400 ,2348059842860,M,Unknown,Abuja,North Central,Occasional
CUST04401,Customer 4401,2348032555544,Female,60+,Ibadan,South West,Regular
CUST04402,Customer 4402,2348027295746,Female,18-25,Enugu,South East,Occasional
CUST04403,Customer 4403,2348095688896,Unknown,60+,Port Harcourt,South South,Regular
CUST04404,Customer 4404,2348025682025,female,36-45,Port Harcourt,South South,REGULAR
CUST04405,Customer 4405,2348043880655,F,60+,Abuja,North Central,Occasional
CUST04406,Customer 4406,2348037032747,Male,36-45,Benin City,South South,Regular
CUST04407,Customer 4407,2348014990781,Male,26-35,Port Harcourt,South South,Regular
CUST04408,Customer 4408,2348096387039,MALE,46-60,Benin City,South South,Unknown
CUST04409,Customer 4409,2348065812167,Unknown,60+,Benin City,South South,Regular
CUST04410,Customer 4410,2348079279479,Male,46-60,Benin City,South South,Premium
CUST04411,Customer 4411,2348052957120,Unknown,60+,Kano,North West,premium 
CUST04412,Customer 4412,2348018226028,Male,60+,Kano,North West,Regular
CUST04413,Customer 4413,2348072151882,Unknown,Unknown,Kano,North West,Premium
CUST04414,Customer 4414,2348073173647,M,36-45,Enugu,South East,premium 
CUST04415,Customer 4415,2348057528996,Male,Unknown,Kaduna,North West,Regular
CUST04416,Customer 4416,2348083865172,Unknown,26-35,Enugu,South East,Regular
CUST04417,Customer 4417,2348082094791,Female,26-35,Port Harcourt,South South,Unknown
CUST04418,Customer 4418,2348068444636,female,36-45,Kano,North West,Premium
CUST04419,Customer 4419,2348028406991,FEMALE,Unknown,Lagos,South West,REGULAR
CUST04420,Customer 4420,2348021627788,Male,60+,Abuja,North Central,Regular
CUST04421,Customer 4421,2348053187873,male,18-25,Kaduna,North West,Regular
CUST04422,Customer 4422,2348029901739,Unknown,60+,Ibadan,South West,Occasional
CUST04423,Customer 4423,2348048109036,F,26-35,Lagos,South West,Occasional
CUST04424,Customer 4424,2348060106474,Female,26-35,Abuja,North Central,Premium
CUST04425, Customer 4425 ,2348047633920,Unknown,Unknown,Kano,North West,Regular
CUST04426,Customer 4426,2348018602051,Male,36-45,Benin City,South South,Regular
CUST04427,Customer 4427,2348013837889,Female,60+,Enugu,South East,Unknown
CUST04428,Customer 4428,2348033130781,F,18-25,Abuja,North Central,Regular
CUST04429,Customer 4429,2348097587324,Male,36-45,Abuja,North Central,REGULAR
CUST04430,Customer 4430,2348012398721,Female,60+,Ibadan,South West,Occasional
CUST04431,Customer 4431,2348073159023,female,46-60,Ibadan,South West,Business
CUST04432,Customer 4432,2348059125495,F,18-25,Benin City,South South,Regular
CUST04433,Customer 4433,2348027084526,F,60+,Ibadan,South West,REGULAR
CUST04434,Customer 4434,2348075218358,Female,60+,Port Harcourt,South South,Regular
CUST04435,Customer 4435,2348033675690,FEMALE,46-60,Kano,North West,Unknown
CUST04436,Customer 4436,2348025523085, f ,26-35,Port Harcourt,South South,Premium
CUST04437,Customer 4437,2348018076955,FEMALE,36-45,Benin City,South South,Business
CUST04438,Customer 4438,2348055827218,Male,36-45,Ibadan,South West,Occasional
CUST04439,Customer 4439,2348077654616,Male,Unknown,Enugu,South East,Premium
CUST04440,Customer 4440,2348077551840,Unknown,26-35,Enugu,South East,premium 
CUST04441,Customer 4441,2348064785921,Unknown,46-60,Kaduna,North West,Occasional
CUST04442,Customer 4442,2348082757531,M,60+,Benin City,South South,Business
CUST04443,Customer 4443,2348015266642,Female,46-60,Enugu,South East,Unknown
CUST04444,Customer 4444,2348016247124,Male,46-60,Lagos,South West,Occasional
CUST04445,Customer 4445,2348087023445,Male,60+,Ibadan,South West,premium 
CUST04446,Customer 4446,2348063903896,female,60+,Abuja,North Central,REGULAR
CUST04447,Customer 4447,2348051645410,Female,36-45,Lagos,South West,Regular
CUST04448,Customer 4448,2348088228809,Unknown,18-25,Lagos,South West,Premium
CUST04449,Customer 4449,2348038331802,Unknown,36-45,Ibadan,South West,Regular
CUST04450, Customer 4450 ,2348070831442,female,36-45,Kaduna,North West,Unknown
CUST04451,Customer 4451,2348016603326, f ,36-45,Port Harcourt,South South,REGULAR
CUST04452,Customer 4452,2348021443869,male,18-25,Lagos,South West,Occasional
CUST04453,Customer 4453,2348088689640,Female,60+,Port Harcourt,South South,Unknown
CUST04454,Customer 4454,2348015828805, m ,18-25,Port Harcourt,South South,Occasional
CUST04455,Customer 4455,2348036674940,Male,36-45,Kano,North West,premium 
CUST04456,Customer 4456,2348038033900,M,Unknown,Lagos,South West,Regular
CUST04457,Customer 4457,2348027507816,Female,Unknown,Lagos,South West,Unknown
CUST04458,Customer 4458,2348067028959,Male,60+,Port Harcourt,South South,Occasional
CUST04459,Customer 4459,2348040374022,Male,46-60,Lagos,South West,Occasional
CUST04460,Customer 4460,2348040813754,Female,60+,Lagos,South West,Regular
CUST04461,Customer 4461,2348063037370,Female,36-45,Ibadan,South West,Regular
CUST04462,Customer 4462,2348070473980,Male,18-25,Lagos,South West,Regular
CUST04463,Customer 4463,2348046095434,Male,26-35,Benin City,South South,Premium
CUST04464,Customer 4464,2348052384726,male,60+,Kano,North West,Premium
CUST04465,Customer 4465,2348076991904,Male,36-45,Enugu,South East,REGULAR
CUST04466,Customer 4466,2348082885249,Female,26-35,Kaduna,North West,Business
CUST04467,Customer 4467,2348093431211,Male,Unknown,Kaduna,North West,Regular
CUST04468,Customer 4468,2348072747929,Male,Unknown,Kano,North West,Occasional
CUST04469,Customer 4469,2348043923397,Male,36-45,Benin City,South South,Unknown
CUST04470,Customer 4470,2348092596852,Unknown,36-45,Lagos,South West,Premium
CUST04471,Customer 4471,2348012656057,Female,18-25,Abuja,North Central,premium 
CUST04472,Customer 4472,2348062930981,Female,18-25,Enugu,South East,Regular
CUST04473,Customer 4473,2348091252659,Unknown,36-45,Benin City,South South,Occasional
CUST04474,Customer 4474,2348040143628,FEMALE,Unknown,Kano,North West,premium 
CUST04475, Customer 4475 ,2348067249753,Male,26-35,Lagos,South West,Premium
CUST04476,Customer 4476,2348053094726,Male,18-25,Abuja,North Central,Premium
CUST04477,Customer 4477,2348091077000,Male,18-25,Abuja,North Central,Regular
CUST04478,Customer 4478,2348074202887,FEMALE,18-25,Kaduna,North West,Premium
CUST04479,Customer 4479,2348025846165,male,60+,Abuja,North Central,premium 
CUST04480,Customer 4480,2348024672619,Female,36-45,Kano,North West,Occasional
CUST04481,Customer 4481,2348014716050,female,46-60,Benin City,South South,Regular
CUST04482,Customer 4482,2348050478186,MALE,18-25,Lagos,South West,Regular
CUST04483,Customer 4483,2348084628847,M,26-35,Port Harcourt,South South,Business
CUST04484,Customer 4484,2348055118533,male,Unknown,Port Harcourt,South South,Regular
CUST04485,Customer 4485,2348091065647,Female,60+,Kaduna,North West,Occasional
CUST04486,Customer 4486,2348035776906,F,60+,Kano,North West,Regular
CUST04487,Customer 4487,2348072356057,Male,60+,Ibadan,South West,Occasional
CUST04488,Customer 4488,2348012557937,Female,36-45,Kaduna,North West,Premium
CUST04489,Customer 4489,2348069064045,Female,46-60,Ibadan,South West,Unknown
CUST04490,Customer 4490,2348064713123,Male,46-60,Lagos,South West,Occasional
CUST04491,Customer 4491,2348094792649,Female,26-35,Benin City,South South,Regular
CUST04492,Customer 4492,2348075993267,Male,Unknown,Ibadan,South West,REGULAR
CUST04493,Customer 4493,2348046764236,Male,26-35,Benin City,South South,Occasional
CUST04494,Customer 4494,2348049793073,Unknown,46-60,Lagos,South West,Premium
CUST04495,Customer 4495,2348060399938, m ,18-25,Port Harcourt,South South,premium 
CUST04496,Customer 4496,2348043436194,male,18-25,Lagos,South West,Regular
CUST04497,Customer 4497,2348019332308,Unknown,46-60,Kano,North West,Regular
CUST04498,Customer 4498,2348014111823,Female,Unknown,Kaduna,North West,Occasional
CUST04499,Customer 4499,2348048452194,male,26-35,Benin City,South South,Premium
CUST04500, Customer 4500 ,2348048207667,Female,36-45,Kaduna,North West,Occasional
CUST04501,Customer 4501,2348015380039,Unknown,Unknown,Enugu,South East,REGULAR
CUST04502,Customer 4502,2348070639127,Male,26-35,Abuja,North Central,Premium
CUST04503,Customer 4503,2348082749172, f ,Unknown,Abuja,North Central,Occasional
CUST04504,Customer 4504,2348057983460,Female,60+,Ibadan,South West,Premium
CUST04505,Customer 4505,2348042413382,Female,46-60,Enugu,South East,premium 
CUST04506,Customer 4506,2348082811627, f ,46-60,Abuja,North Central,premium 
CUST04507,Customer 4507,2348024434356,Male,18-25,Benin City,South South,premium 
CUST04508,Customer 4508,2348040066825,Female,36-45,Kaduna,North West,Regular
CUST04509,Customer 4509,2348036539406,Female,46-60,Enugu,South East,Premium
CUST04510,Customer 4510,2348042721463,F,60+,Kano,North West,Premium
CUST04511,Customer 4511,2348052385251,Unknown,Unknown,Benin City,South South,Regular
CUST04512,Customer 4512,2348016914039,Unknown,26-35,Abuja,North Central,Regular
CUST04513,Customer 4513,2348042242625,FEMALE,60+,Port Harcourt,South South,Regular
CUST04514,Customer 4514,2348013135992,Female,Unknown,Kano,North West,Regular
CUST04515,Customer 4515,2348037188859,Unknown,36-45,Kaduna,North West,Business
CUST04516,Customer 4516,2348053660516,Male,60+,Abuja,North Central,Regular
CUST04517,Customer 4517,2348055603109,male,46-60,Kaduna,North West,Premium
CUST04518,Customer 4518,2348066450636,M,26-35,Enugu,South East,Unknown
CUST04519,Customer 4519,2348066319965,Female,18-25,Port Harcourt,South South,Unknown
CUST04520,Customer 4520,2348052343648,Unknown,46-60,Enugu,South East,Premium
CUST04521,Customer 4521,2348035586560,F,60+,Kaduna,North West,Business
CUST04522,Customer 4522,2348039162491,male,60+,Enugu,South East,Premium
CUST04523,Customer 4523,2348079444227,Male,Unknown,Abuja,North Central,Regular
CUST04524,Customer 4524,2348037109686,Unknown,26-35,Port Harcourt,South South,Premium
CUST04525, Customer 4525 ,2348050552736,Male,46-60,Enugu,South East,Premium
CUST04526,Customer 4526,2348037554754,Male,46-60,Ibadan,South West,Premium
CUST04527,Customer 4527,2348015329118,Unknown,60+,Abuja,North Central,Business
CUST04528,Customer 4528,2348014935999,Unknown,18-25,Abuja,North Central,Premium
CUST04529,Customer 4529,2348082564224,male,26-35,Kaduna,North West,Regular
CUST04530,Customer 4530,2348098743546,Male,36-45,Port Harcourt,South South,Premium
CUST04531,Customer 4531,2348033564916,MALE,46-60,Benin City,South South,Occasional
CUST04532,Customer 4532,2348085191387,Female,60+,Kaduna,North West,Occasional
CUST04533,Customer 4533,2348079901465,male,18-25,Port Harcourt,South South,Occasional
CUST04534,Customer 4534,2348042262745,Male,46-60,Kano,North West,Occasional
CUST04535,Customer 4535,2348018594569,Female,36-45,Abuja,North Central,Premium
CUST04536,Customer 4536,2348047027406,Female,36-45,Port Harcourt,South South,Occasional
CUST04537,Customer 4537,2348045171246,female,36-45,Benin City,South South,Regular
CUST04538,Customer 4538,2348015174132,F,46-60,Kaduna,North West,Regular
CUST04539,Customer 4539,2348018495860,Female,60+,Ibadan,South West,Premium
CUST04540,Customer 4540,2348031686374,Unknown,18-25,Kano,North West,Premium
CUST04541,Customer 4541,2348022207711, f ,46-60,Kaduna,North West,Premium
CUST04542,Customer 4542,2348019667419, f ,Unknown,Lagos,South West,Premium
CUST04543,Customer 4543,2348099009745,Male,46-60,Enugu,South East,Business
CUST04544,Customer 4544,2348088312548,male,46-60,Enugu,South East,Regular
CUST04545,Customer 4545,2348072565144,F,18-25,Kaduna,North West,Occasional
CUST04546,Customer 4546,2348072036459,Male,60+,Kaduna,North West,Premium
CUST04547,Customer 4547,2348025618425,M,Unknown,Lagos,South West,Regular
CUST04548,Customer 4548,2348068898782,F,26-35,Kano,North West,REGULAR
CUST04549,Customer 4549,2348057683284,M,46-60,Kano,North West,Premium
CUST04550, Customer 4550 ,2348047247896,F,Unknown,Abuja,North Central,Regular
CUST04551,Customer 4551,2348020787648,Female,60+,Abuja,North Central,Occasional
CUST04552,Customer 4552,2348083486224,Unknown,26-35,Lagos,South West,Premium
CUST04553,Customer 4553,2348032088371,MALE,46-60,Abuja,North Central,Unknown
CUST04554,Customer 4554,2348032289064,Female,Unknown,Enugu,South East,Unknown
CUST04555,Customer 4555,2348058954135,Female,Unknown,Ibadan,South West,Regular
CUST04556,Customer 4556,2348050270785,Male,60+,Port Harcourt,South South,premium 
CUST04557,Customer 4557,2348080682456,Male,46-60,Enugu,South East,Regular
CUST04558,Customer 4558,2348060966836, m ,Unknown,Kaduna,North West,Regular
CUST04559,Customer 4559,2348085869071,M,46-60,Kano,North West,Regular
CUST04560,Customer 4560,2348046588311,female,36-45,Abuja,North Central,Occasional
CUST04561,Customer 4561,2348083355500,F,18-25,Abuja,North Central,Premium
CUST04562,Customer 4562,2348030077087,M,46-60,Enugu,South East,Unknown
CUST04563,Customer 4563,2348030874974,Male,18-25,Benin City,South South,Regular
CUST04564,Customer 4564,2348035367939,Male,60+,Port Harcourt,South South,Regular
CUST04565,Customer 4565,2348053288102, m ,Unknown,Lagos,South West,Premium
CUST04566,Customer 4566,2348040776698,Female,36-45,Benin City,South South,REGULAR
CUST04567,Customer 4567,2348052849299,male,36-45,Ibadan,South West,Regular
CUST04568,Customer 4568,2348028861562,MALE,46-60,Kaduna,North West,Unknown
CUST04569,Customer 4569,2348094156314,Female,Unknown,Kaduna,North West,Occasional
CUST04570,Customer 4570,2348039176981,Male,46-60,Ibadan,South West,Regular
CUST04571,Customer 4571,2348026625869,Unknown,60+,Kano,North West,Regular
CUST04572,Customer 4572,2348039094773,Female,60+,Lagos,South West,Unknown
CUST04573,Customer 4573,2348029017463,female,26-35,Enugu,South East,Premium
CUST04574,Customer 4574,2348040379516,Male,60+,Enugu,South East,premium 
CUST04575, Customer 4575 ,2348089265114, m ,36-45,Benin City,South South,Regular
CUST04576,Customer 4576,2348099181259,Female,60+,Kaduna,North West,Regular
CUST04577,Customer 4577,2348024611843,Unknown,26-35,Benin City,South South,Regular
CUST04578,Customer 4578,2348033862411,Male,Unknown,Benin City,South South,Business
CUST04579,Customer 4579,2348025149635,Male,36-45,Abuja,North Central,Premium
CUST04580,Customer 4580,2348019163883,male,36-45,Ibadan,South West,Business
CUST04581,Customer 4581,2348020746781,Unknown,36-45,Abuja,North Central,Business
CUST04582,Customer 4582,2348084696372,Unknown,46-60,Abuja,North Central,Regular
CUST04583,Customer 4583,2348071626457,female,46-60,Ibadan,South West,Occasional
CUST04584,Customer 4584,2348014971449,Male,36-45,Kaduna,North West,Occasional
CUST04585,Customer 4585,2348077925157,Male,46-60,Ibadan,South West,Occasional
CUST04586,Customer 4586,2348060123632,Male,60+,Enugu,South East,Business
CUST04587,Customer 4587,2348052268572,Female,36-45,Benin City,South South,Occasional
CUST04588,Customer 4588,2348015488783,Female,26-35,Lagos,South West,Regular
CUST04589,Customer 4589,2348048632935,MALE,26-35,Kano,North West,Premium
CUST04590,Customer 4590,2348021908476,Unknown,26-35,Kano,North West,Business
CUST04591,Customer 4591,2348092869525,Male,18-25,Ibadan,South West,Premium
CUST04592,Customer 4592,2348069882356,Male,26-35,Enugu,South East,Occasional
CUST04593,Customer 4593,2348097283295,Male,Unknown,Port Harcourt,South South,Occasional
CUST04594,Customer 4594,2348053521499,M,46-60,Abuja,North Central,Regular
CUST04595,Customer 4595,2348051943092,Male,36-45,Kaduna,North West,Regular
CUST04596,Customer 4596,2348020867543,Male,18-25,Abuja,North Central,Regular
CUST04597,Customer 4597,2348046751285,Unknown,46-60,Lagos,South West,REGULAR
CUST04598,Customer 4598,2348013875873,Unknown,36-45,Kano,North West,Business
CUST04599,Customer 4599,2348022376496,Female,36-45,Kaduna,North West,premium 
CUST04600, Customer 4600 ,2348029960612,Female,46-60,Kano,North West,Occasional
CUST04601,Customer 4601,2348024616084,Male,36-45,Lagos,South West,Business
CUST04602,Customer 4602,2348079899659,Male,18-25,Enugu,South East,Occasional
CUST04603,Customer 4603,2348042962551,male,Unknown,Benin City,South South,Regular
CUST04604,Customer 4604,2348014078217,Unknown,46-60,Kaduna,North West,Regular
CUST04605,Customer 4605,2348098715731,Male,46-60,Lagos,South West,Unknown
CUST04606,Customer 4606,2348064888775,Unknown,36-45,Kaduna,North West,Occasional
CUST04607,Customer 4607,2348074326087,F,36-45,Port Harcourt,South South,Regular
CUST04608,Customer 4608,2348013713349,female,46-60,Ibadan,South West,Unknown
CUST04609,Customer 4609,2348084380390, f ,46-60,Ibadan,South West,Regular
CUST04610,Customer 4610,2348094559621,Unknown,60+,Abuja,North Central,Business
CUST04611,Customer 4611,2348034524401,Unknown,26-35,Enugu,South East,Occasional
CUST04612,Customer 4612,2348069486445, m ,46-60,Port Harcourt,South South,REGULAR
CUST04613,Customer 4613,2348020301961,Female,26-35,Benin City,South South,Regular
CUST04614,Customer 4614,2348059312004,female,46-60,Ibadan,South West,REGULAR
CUST04615,Customer 4615,2348020013243,Unknown,46-60,Port Harcourt,South South,Regular
CUST04616,Customer 4616,2348055290403,Female,26-35,Lagos,South West,REGULAR
CUST04617,Customer 4617,2348029878081,MALE,60+,Ibadan,South West,premium 
CUST04618,Customer 4618,2348036728665,Male,18-25,Abuja,North Central,Unknown
CUST04619,Customer 4619,2348070429599,Male,18-25,Kano,North West,Unknown
CUST04620,Customer 4620,2348061045552,Male,46-60,Ibadan,South West,Regular
CUST04621,Customer 4621,2348051874740, m ,36-45,Port Harcourt,South South,REGULAR
CUST04622,Customer 4622,2348080442929,Male,26-35,Port Harcourt,South South,Premium
CUST04623,Customer 4623,2348069339797,Female,36-45,Abuja,North Central,Premium
CUST04624,Customer 4624,2348014685426,FEMALE,26-35,Enugu,South East,Premium
CUST04625, Customer 4625 ,2348031237259,Female,46-60,Kano,North West,Regular
CUST04626,Customer 4626,2348021724624,Unknown,36-45,Kano,North West,Regular
CUST04627,Customer 4627,2348065772430,Female,36-45,Benin City,South South,Occasional
CUST04628,Customer 4628,2348053686538,Male,36-45,Benin City,South South,REGULAR
CUST04629,Customer 4629,2348088079396,Female,26-35,Kano,North West,Business
CUST04630,Customer 4630,2348013825214, f ,60+,Benin City,South South,Occasional
CUST04631,Customer 4631,2348048656941, f ,46-60,Benin City,South South,Unknown
CUST04632,Customer 4632,2348054103923, f ,60+,Lagos,South West,Occasional
CUST04633,Customer 4633,2348042650741,Male,36-45,Lagos,South West,Regular
CUST04634,Customer 4634,2348021411166,Male,18-25,Kaduna,North West,Occasional
CUST04635,Customer 4635,2348084776962,F,18-25,Port Harcourt,South South,Premium
CUST04636,Customer 4636,2348090543485,Female,60+,Kano,North West,Occasional
CUST04637,Customer 4637,2348077694780,Male,46-60,Lagos,South West,premium 
CUST04638,Customer 4638,2348073521250,Male,Unknown,Benin City,South South,Regular
CUST04639,Customer 4639,2348075949617,Male,60+,Port Harcourt,South South,Premium
CUST04640,Customer 4640,2348034249015,Male,Unknown,Port Harcourt,South South,Unknown
CUST04641,Customer 4641,2348055176818,Male,46-60,Enugu,South East,Occasional
CUST04642,Customer 4642,2348095926615, m ,26-35,Enugu,South East,Occasional
CUST04643,Customer 4643,2348035980122,Female,60+,Enugu,South East,Occasional
CUST04644,Customer 4644,2348082446437,Unknown,18-25,Abuja,North Central,Occasional
CUST04645,Customer 4645,2348047975943,FEMALE,26-35,Benin City,South South,Premium
CUST04646,Customer 4646,2348016566653,MALE,36-45,Abuja,North Central,Premium
CUST04647,Customer 4647,2348078196179,Female,46-60,Abuja,North Central,Regular
CUST04648,Customer 4648,2348068108538,Male,Unknown,Lagos,South West,Occasional
CUST04649,Customer 4649,2348089804210,Unknown,36-45,Lagos,South West,Business
CUST04650, Customer 4650 ,2348028381351,Unknown,60+,Port Harcourt,South South,Regular
CUST04651,Customer 4651,2348090006148,Female,60+,Abuja,North Central,Regular
CUST04652,Customer 4652,2348073798460,Female,60+,Kano,North West,Premium
CUST04653,Customer 4653,2348076977301,Unknown,18-25,Kano,North West,Occasional
CUST04654,Customer 4654,2348022456673,Male,26-35,Port Harcourt,South South,Regular
CUST04655,Customer 4655,2348055029058,Unknown,26-35,Enugu,South East,Occasional
CUST04656,Customer 4656,2348072336826,Male,18-25,Kaduna,North West,Premium
CUST04657,Customer 4657,2348049252191,Male,Unknown,Benin City,South South,Premium
CUST04658,Customer 4658,2348030886912,M,60+,Enugu,South East,REGULAR
CUST04659,Customer 4659,2348086985340,Female,36-45,Abuja,North Central,Premium
CUST04660,Customer 4660,2348044586376,Female,Unknown,Enugu,South East,Occasional
CUST04661,Customer 4661,2348023147090,female,Unknown,Benin City,South South,Premium
CUST04662,Customer 4662,2348070315437,female,60+,Lagos,South West,Regular
CUST04663,Customer 4663,2348094878218,female,18-25,Enugu,South East,Regular
CUST04664,Customer 4664,2348080076804,female,26-35,Lagos,South West,REGULAR
CUST04665,Customer 4665,2348047672305,Female,36-45,Kano,North West,Regular
CUST04666,Customer 4666,2348037610099,M,18-25,Benin City,South South,Premium
CUST04667,Customer 4667,2348033504926,Unknown,26-35,Benin City,South South,Occasional
CUST04668,Customer 4668,2348054190781,Male,Unknown,Port Harcourt,South South,Business
CUST04669,Customer 4669,2348064361360,Unknown,18-25,Benin City,South South,Regular
CUST04670,Customer 4670,2348045064951,female,26-35,Enugu,South East,Unknown
CUST04671,Customer 4671,2348048076378,Male,60+,Benin City,South South,Premium
CUST04672,Customer 4672,2348018031886,female,36-45,Ibadan,South West,Business
CUST04673,Customer 4673,2348016593627,Unknown,46-60,Ibadan,South West,Business
CUST04674,Customer 4674,2348049001875,Unknown,46-60,Enugu,South East,Premium
CUST04675, Customer 4675 ,2348023280848,Male,18-25,Abuja,North Central,Premium
CUST04676,Customer 4676,2348059320908,Unknown,18-25,Ibadan,South West,Occasional
CUST04677,Customer 4677,2348088702071,Female,18-25,Benin City,South South,Regular
CUST04678,Customer 4678,2348083828128,F,26-35,Kano,North West,Regular
CUST04679,Customer 4679,2348096635110,MALE,Unknown,Enugu,South East,Regular
CUST04680,Customer 4680,2348082409567,Unknown,46-60,Kano,North West,Regular
CUST04681,Customer 4681,2348019452148,Unknown,36-45,Port Harcourt,South South,Occasional
CUST04682,Customer 4682,2348083201599,MALE,18-25,Port Harcourt,South South,Premium
CUST04683,Customer 4683,2348058914252,Unknown,60+,Kano,North West,Premium
CUST04684,Customer 4684,2348056501981, f ,36-45,Port Harcourt,South South,Premium
CUST04685,Customer 4685,2348090648212,M,60+,Kano,North West,Premium
CUST04686,Customer 4686,2348097441371,Male,36-45,Kano,North West,Occasional
CUST04687,Customer 4687,2348059775128,Female,18-25,Kano,North West,Occasional
CUST04688,Customer 4688,2348022327868,Unknown,Unknown,Kano,North West,premium 
CUST04689,Customer 4689,2348020975600,M,26-35,Enugu,South East,Regular
CUST04690,Customer 4690,2348072686764,F,18-25,Kano,North West,Regular
CUST04691,Customer 4691,2348012826484,F,46-60,Lagos,South West,Regular
CUST04692,Customer 4692,2348061626289,Male,18-25,Enugu,South East,Premium
CUST04693,Customer 4693,2348035904937,Male,60+,Enugu,South East,REGULAR
CUST04694,Customer 4694,2348010077969,Male,18-25,Abuja,North Central,Premium
CUST04695,Customer 4695,2348041353934,Male,46-60,Kaduna,North West,Regular
CUST04696,Customer 4696,2348073369417,MALE,26-35,Port Harcourt,South South,Occasional
CUST04697,Customer 4697,2348033251260,Male,18-25,Benin City,South South,Unknown
CUST04698,Customer 4698,2348088720223,female,26-35,Kaduna,North West,Regular
CUST04699,Customer 4699,2348053979441,MALE,Unknown,Enugu,South East,Premium
CUST04700, Customer 4700 ,2348025059122,F,26-35,Port Harcourt,South South,Premium
CUST04701,Customer 4701,2348027133563,Male,26-35,Port Harcourt,South South,Regular
CUST04702,Customer 4702,2348031371822,Unknown,60+,Kaduna,North West,Premium
CUST04703,Customer 4703,2348087094218,female,46-60,Enugu,South East,Regular
CUST04704,Customer 4704,2348031983189,Unknown,Unknown,Kano,North West,Regular
CUST04705,Customer 4705,2348021298282,MALE,26-35,Kaduna,North West,Business
CUST04706,Customer 4706,2348087016530,Unknown,46-60,Ibadan,South West,Occasional
CUST04707,Customer 4707,2348081532086,M,Unknown,Ibadan,South West,Unknown
CUST04708,Customer 4708,2348011278943,Female,60+,Port Harcourt,South South,Business
CUST04709,Customer 4709,2348045750753,F,46-60,Kano,North West,Premium
CUST04710,Customer 4710,2348054170832,Female,26-35,Enugu,South East,Regular
CUST04711,Customer 4711,2348097740297,FEMALE,36-45,Kaduna,North West,premium 
CUST04712,Customer 4712,2348039762442,MALE,60+,Kaduna,North West,Regular
CUST04713,Customer 4713,2348060540822,Male,Unknown,Kano,North West,Regular
CUST04714,Customer 4714,2348021991211,Female,26-35,Kaduna,North West,premium 
CUST04715,Customer 4715,2348032590510,Male,26-35,Benin City,South South,Business
CUST04716,Customer 4716,2348072935423,M,Unknown,Kano,North West,Premium
CUST04717,Customer 4717,2348011241446,FEMALE,18-25,Abuja,North Central,Business
CUST04718,Customer 4718,2348084977986,MALE,60+,Ibadan,South West,Regular
CUST04719,Customer 4719,2348036743692,male,26-35,Enugu,South East,Occasional
CUST04720,Customer 4720,2348073746602,Male,Unknown,Ibadan,South West,Premium
CUST04721,Customer 4721,2348051819495,Female,26-35,Enugu,South East,Regular
CUST04722,Customer 4722,2348041857844,Male,18-25,Kano,North West,Regular
CUST04723,Customer 4723,2348040792548,Male,26-35,Abuja,North Central,Premium
CUST04724,Customer 4724,2348029475410,MALE,18-25,Lagos,South West,Occasional
CUST04725, Customer 4725 ,2348096736264,Male,60+,Port Harcourt,South South,Premium
CUST04726,Customer 4726,2348056848167,Male,60+,Kano,North West,Occasional
CUST04727,Customer 4727,2348063984846,Unknown,60+,Benin City,South South,Business
CUST04728,Customer 4728,2348027764907, f ,Unknown,Abuja,North Central,Occasional
CUST04729,Customer 4729,2348015029233,Unknown,36-45,Abuja,North Central,Occasional
CUST04730,Customer 4730,2348024463716,F,46-60,Ibadan,South West,Premium
CUST04731,Customer 4731,2348022846079,F,18-25,Benin City,South South,Regular
CUST04732,Customer 4732,2348087865351,Unknown,36-45,Kaduna,North West,Business
CUST04733,Customer 4733,2348011648298,M,36-45,Benin City,South South,Occasional
CUST04734,Customer 4734,2348071596754,Female,36-45,Ibadan,South West,Occasional
CUST04735,Customer 4735,2348039282091,Female,Unknown,Enugu,South East,Occasional
CUST04736,Customer 4736,2348029717775,Female,46-60,Ibadan,South West,Unknown
CUST04737,Customer 4737,2348097896080,male,46-60,Port Harcourt,South South,Occasional
CUST04738,Customer 4738,2348082933748,Female,26-35,Enugu,South East,Business
CUST04739,Customer 4739,2348042599640,M,46-60,Lagos,South West,Occasional
CUST04740,Customer 4740,2348018604483,Female,46-60,Ibadan,South West,Occasional
CUST04741,Customer 4741,2348057269576,Male,60+,Enugu,South East,Unknown
CUST04742,Customer 4742,2348034671392,Female,Unknown,Lagos,South West,Business
CUST04743,Customer 4743,2348069987136,Male,18-25,Benin City,South South,Unknown
CUST04744,Customer 4744,2348062725606,Female,46-60,Port Harcourt,South South,Regular
CUST04745,Customer 4745,2348015441934,FEMALE,36-45,Kaduna,North West,Regular
CUST04746,Customer 4746,2348096343051,female,46-60,Benin City,South South,Unknown
CUST04747,Customer 4747,2348098486991,Unknown,36-45,Port Harcourt,South South,Business
CUST04748,Customer 4748,2348047369366,Unknown,18-25,Benin City,South South,Premium
CUST04749,Customer 4749,2348087072324,Unknown,36-45,Kano,North West,Premium
CUST04750, Customer 4750 ,2348022501431,Male,36-45,Lagos,South West,Occasional
CUST04751,Customer 4751,2348055936762,Female,60+,Ibadan,South West,Regular
CUST04752,Customer 4752,2348056436733, f ,18-25,Benin City,South South,Premium
CUST04753,Customer 4753,2348088518384,Female,60+,Ibadan,South West,Regular
CUST04754,Customer 4754,2348081731241,Male,26-35,Enugu,South East,Regular
CUST04755,Customer 4755,2348070679992,M,36-45,Enugu,South East,Regular
CUST04756,Customer 4756,2348085634728,Male,36-45,Port Harcourt,South South,Premium
CUST04757,Customer 4757,2348081767415,Male,60+,Kaduna,North West,Premium
CUST04758,Customer 4758,2348044094504,Unknown,36-45,Benin City,South South,premium 
CUST04759,Customer 4759,2348083386575,Male,26-35,Benin City,South South,Regular
CUST04760,Customer 4760,2348011681983,Male,18-25,Port Harcourt,South South,premium 
CUST04761,Customer 4761,2348039160322,M,18-25,Kano,North West,Occasional
CUST04762,Customer 4762,2348040599104, m ,Unknown,Kano,North West,Regular
CUST04763,Customer 4763,2348069663212,M,46-60,Kano,North West,Regular
CUST04764,Customer 4764,2348080008671,female,18-25,Port Harcourt,South South,Unknown
CUST04765,Customer 4765,2348096076165,Female,46-60,Abuja,North Central,Premium
CUST04766,Customer 4766,2348089759612,Male,18-25,Kaduna,North West,Unknown
CUST04767,Customer 4767,2348074688799,Female,26-35,Kaduna,North West,Premium
CUST04768,Customer 4768,2348018324219, m ,36-45,Enugu,South East,premium 
CUST04769,Customer 4769,2348039336152,FEMALE,46-60,Benin City,South South,Regular
CUST04770,Customer 4770,2348024392827,Female,26-35,Ibadan,South West,Premium
CUST04771,Customer 4771,2348016727960,M,26-35,Kano,North West,Occasional
CUST04772,Customer 4772,2348092960480, f ,Unknown,Port Harcourt,South South,Regular
CUST04773,Customer 4773,2348064219919,Male,46-60,Port Harcourt,South South,Premium
CUST04774,Customer 4774,2348057396807,FEMALE,18-25,Kano,North West,Premium
CUST04775, Customer 4775 ,2348072825027,Male,26-35,Benin City,South South,Occasional
CUST04776,Customer 4776,2348072330009,Unknown,18-25,Abuja,North Central,Unknown
CUST04777,Customer 4777,2348011099321,female,Unknown,Abuja,North Central,REGULAR
CUST04778,Customer 4778,2348031947863,Unknown,18-25,Kano,North West,Business
CUST04779,Customer 4779,2348038300199,M,60+,Abuja,North Central,premium 
CUST04780,Customer 4780,2348017376009,Female,18-25,Lagos,South West,Occasional
CUST04781,Customer 4781,2348061887015,Unknown,18-25,Enugu,South East,Premium
CUST04782,Customer 4782,2348095123528,F,18-25,Kaduna,North West,REGULAR
CUST04783,Customer 4783,2348015220054,Female,60+,Benin City,South South,Regular
CUST04784,Customer 4784,2348047995585,Unknown,26-35,Lagos,South West,premium 
CUST04785,Customer 4785,2348015025614,male,46-60,Lagos,South West,Unknown
CUST04786,Customer 4786,2348094368368,F,26-35,Ibadan,South West,Regular
CUST04787,Customer 4787,2348021888141,Female,18-25,Abuja,North Central,Regular
CUST04788,Customer 4788,2348028647952,male,26-35,Benin City,South South,Regular
CUST04789,Customer 4789,2348056787255, f ,Unknown,Port Harcourt,South South,Premium
CUST04790,Customer 4790,2348017174483, f ,36-45,Enugu,South East,Premium
CUST04791,Customer 4791,2348030898346,Male,36-45,Benin City,South South,Regular
CUST04792,Customer 4792,2348076770504,Unknown,26-35,Kano,North West,Premium
CUST04793,Customer 4793,2348043077065,Female,36-45,Port Harcourt,South South,Occasional
CUST04794,Customer 4794,2348017261253,Female,18-25,Port Harcourt,South South,Premium
CUST04795,Customer 4795,2348024637554,Unknown,60+,Abuja,North Central,Regular
CUST04796,Customer 4796,2348078615640,Male,18-25,Kaduna,North West,Occasional
CUST04797,Customer 4797,2348076920143,Male,18-25,Enugu,South East,Premium
CUST04798,Customer 4798,2348041823436,F,Unknown,Kano,North West,Regular
CUST04799,Customer 4799,2348022817312,Female,46-60,Abuja,North Central,Occasional
CUST04800, Customer 4800 ,2348097614031,Male,60+,Port Harcourt,South South,Business
CUST04801,Customer 4801,2348078278221,female,60+,Port Harcourt,South South,Regular
CUST04802,Customer 4802,2348036482539,Unknown,46-60,Benin City,South South,Regular
CUST04803,Customer 4803,2348077674545,F,Unknown,Port Harcourt,South South,Business
CUST04804,Customer 4804,2348098161779,Male,26-35,Ibadan,South West,Regular
CUST04805,Customer 4805,2348034688037,F,Unknown,Kano,North West,Occasional
CUST04806,Customer 4806,2348029863630,Male,Unknown,Benin City,South South,Regular
CUST04807,Customer 4807,2348064333280,Female,46-60,Abuja,North Central,Business
CUST04808,Customer 4808,2348097253581,Female,Unknown,Port Harcourt,South South,Regular
CUST04809,Customer 4809,2348031355694,Male,18-25,Lagos,South West,Occasional
CUST04810,Customer 4810,2348039414914,MALE,Unknown,Kaduna,North West,Premium
CUST04811,Customer 4811,2348016459560,Female,36-45,Ibadan,South West,Unknown
CUST04812,Customer 4812,2348062301674,Female,60+,Port Harcourt,South South,Regular
CUST04813,Customer 4813,2348016297012,Female,60+,Port Harcourt,South South,Regular
CUST04814,Customer 4814,2348096186863,Male,46-60,Abuja,North Central,Regular
CUST04815,Customer 4815,2348035511771,Male,60+,Benin City,South South,Premium
CUST04816,Customer 4816,2348075969583,Unknown,46-60,Kaduna,North West,Occasional
CUST04817,Customer 4817,2348067287467,M,18-25,Enugu,South East,Unknown
CUST04818,Customer 4818,2348021223891,Female,60+,Benin City,South South,premium 
CUST04819,Customer 4819,2348062028340,M,46-60,Lagos,South West,Regular
CUST04820,Customer 4820,2348032983098,Female,46-60,Kaduna,North West,Occasional
CUST04821,Customer 4821,2348086865652,Unknown,18-25,Enugu,South East,Unknown
CUST04822,Customer 4822,2348093679671,Female,18-25,Kano,North West,Occasional
CUST04823,Customer 4823,2348027679854,Female,60+,Lagos,South West,Occasional
CUST04824,Customer 4824,2348046389397, m ,60+,Lagos,South West,premium 
CUST04825, Customer 4825 ,2348098812402,Unknown,26-35,Kaduna,North West,Premium
CUST04826,Customer 4826,2348088365198, m ,26-35,Ibadan,South West,REGULAR
CUST04827,Customer 4827,2348095714661, f ,36-45,Kaduna,North West,Regular
CUST04828,Customer 4828,2348058342372,female,36-45,Abuja,North Central,Regular
CUST04829,Customer 4829,2348042311875,Female,36-45,Benin City,South South,Occasional
CUST04830,Customer 4830,2348091468953,male,18-25,Kano,North West,REGULAR
CUST04831,Customer 4831,2348090633882,MALE,Unknown,Benin City,South South,Unknown
CUST04832,Customer 4832,2348021529533, f ,Unknown,Lagos,South West,premium 
CUST04833,Customer 4833,2348093750592,Male,18-25,Kaduna,North West,premium 
CUST04834,Customer 4834,2348067684769,F,36-45,Abuja,North Central,Regular
CUST04835,Customer 4835,2348038478709,Unknown,46-60,Kano,North West,Regular
CUST04836,Customer 4836,2348082842191,Female,Unknown,Ibadan,South West,Business
CUST04837,Customer 4837,2348012561859,Female,26-35,Ibadan,South West,Business
CUST04838,Customer 4838,2348099200132,Male,26-35,Kaduna,North West,Unknown
CUST04839,Customer 4839,2348039990807,Female,26-35,Benin City,South South,Business
CUST04840,Customer 4840,2348069133114,Female,60+,Enugu,South East,Regular
CUST04841,Customer 4841,2348088643905,MALE,Unknown,Port Harcourt,South South,Regular
CUST04842,Customer 4842,2348060871304,M,46-60,Kaduna,North West,Premium
CUST04843,Customer 4843,2348078873229,Unknown,46-60,Benin City,South South,Premium
CUST04844,Customer 4844,2348062177938,Female,60+,Enugu,South East,Regular
CUST04845,Customer 4845,2348015010724,M,60+,Kano,North West,Occasional
CUST04846,Customer 4846,2348019991297,M,60+,Port Harcourt,South South,Premium
CUST04847,Customer 4847,2348088571514,Female,46-60,Kaduna,North West,Unknown
CUST04848,Customer 4848,2348018375424,Male,46-60,Ibadan,South West,REGULAR
CUST04849,Customer 4849,2348081771020,Female,46-60,Enugu,South East,Unknown
CUST04850, Customer 4850 ,2348090400670,Male,46-60,Ibadan,South West,Occasional
CUST04851,Customer 4851,2348087473737,male,26-35,Ibadan,South West,Regular
CUST04852,Customer 4852,2348099589978,male,Unknown,Abuja,North Central,Business
CUST04853,Customer 4853,2348036342345,Male,18-25,Benin City,South South,Occasional
CUST04854,Customer 4854,2348089377618,male,46-60,Lagos,South West,Regular
CUST04855,Customer 4855,2348043836187,Unknown,26-35,Kano,North West,Occasional
CUST04856,Customer 4856,2348090743231,Female,36-45,Enugu,South East,Regular
CUST04857,Customer 4857,2348074697201, f ,26-35,Benin City,South South,Premium
CUST04858,Customer 4858,2348067881864,Female,Unknown,Ibadan,South West,Regular
CUST04859,Customer 4859,2348052106806,Female,60+,Lagos,South West,Regular
CUST04860,Customer 4860,2348027194662,Male,26-35,Port Harcourt,South South,Premium
CUST04861,Customer 4861,2348013603659,Male,26-35,Enugu,South East,Regular
CUST04862,Customer 4862,2348035824632,female,26-35,Port Harcourt,South South,REGULAR
CUST04863,Customer 4863,2348082769606,Female,36-45,Enugu,South East,Regular
CUST04864,Customer 4864,2348092410550,Unknown,60+,Kano,North West,REGULAR
CUST04865,Customer 4865,2348041408808,Female,18-25,Port Harcourt,South South,Regular
CUST04866,Customer 4866,2348071156606,Unknown,Unknown,Benin City,South South,premium 
CUST04867,Customer 4867,2348018957033,FEMALE,36-45,Kaduna,North West,Unknown
CUST04868,Customer 4868,2348031978049,Unknown,46-60,Kano,North West,Regular
CUST04869,Customer 4869,2348035002019,M,Unknown,Enugu,South East,Unknown
CUST04870,Customer 4870,2348079070198,Male,Unknown,Abuja,North Central,Business
CUST04871,Customer 4871,2348091728374, f ,18-25,Ibadan,South West,Occasional
CUST04872,Customer 4872,2348066390172,Unknown,Unknown,Benin City,South South,Occasional
CUST04873,Customer 4873,2348095243549,F,Unknown,Enugu,South East,Premium
CUST04874,Customer 4874,2348062529289,Female,36-45,Benin City,South South,premium 
CUST04875, Customer 4875 ,2348090594110,Male,18-25,Ibadan,South West,Business
CUST04876,Customer 4876,2348059171665,F,18-25,Port Harcourt,South South,Occasional
CUST04877,Customer 4877,2348077030760,MALE,Unknown,Abuja,North Central,Premium
CUST04878,Customer 4878,2348025887320,Female,60+,Ibadan,South West,Premium
CUST04879,Customer 4879,2348042868075,Male,26-35,Benin City,South South,Regular
CUST04880,Customer 4880,2348076816621,Unknown,26-35,Abuja,North Central,Premium
CUST04881,Customer 4881,2348055308993,F,60+,Abuja,North Central,Regular
CUST04882,Customer 4882,2348095442578, f ,36-45,Benin City,South South,Occasional
CUST04883,Customer 4883,2348012541691,Unknown,18-25,Port Harcourt,South South,Premium
CUST04884,Customer 4884,2348042364885,Male,36-45,Kano,North West,Premium
CUST04885,Customer 4885,2348019914541,Unknown,26-35,Lagos,South West,Regular
CUST04886,Customer 4886,2348031217114,female,60+,Enugu,South East,Regular
CUST04887,Customer 4887,2348072402994,Female,Unknown,Lagos,South West,Occasional
CUST04888,Customer 4888,2348040738670,female,36-45,Enugu,South East,premium 
CUST04889,Customer 4889,2348074706306,Unknown,18-25,Benin City,South South,Regular
CUST04890,Customer 4890,2348038668540,M,26-35,Abuja,North Central,Occasional
CUST04891,Customer 4891,2348028137723,Female,60+,Ibadan,South West,Premium
CUST04892,Customer 4892,2348037328611,female,Unknown,Port Harcourt,South South,Premium
CUST04893,Customer 4893,2348012540024,male,46-60,Abuja,North Central,Regular
CUST04894,Customer 4894,2348047089356,Unknown,46-60,Kano,North West,Regular
CUST04895,Customer 4895,2348033811667,Male,Unknown,Benin City,South South,Regular
CUST04896,Customer 4896,2348080522436,Unknown,36-45,Kano,North West,Premium
CUST04897,Customer 4897,2348056939660,Male,26-35,Kaduna,North West,Premium
CUST04898,Customer 4898,2348056811392,Female,46-60,Port Harcourt,South South,Occasional
CUST04899,Customer 4899,2348098151685,Unknown,Unknown,Kano,North West,Occasional
CUST04900, Customer 4900 ,2348043918829,Unknown,36-45,Ibadan,South West,REGULAR
CUST04901,Customer 4901,2348072129138,male,60+,Benin City,South South,Occasional
CUST04902,Customer 4902,2348041609656,Female,26-35,Port Harcourt,South South,Occasional
CUST04903,Customer 4903,2348065877430,Female,46-60,Abuja,North Central,Occasional
CUST04904,Customer 4904,2348019014769,Female,46-60,Enugu,South East,Premium
CUST04905,Customer 4905,2348078333873,male,Unknown,Ibadan,South West,Regular
CUST04906,Customer 4906,2348075590684,M,Unknown,Kaduna,North West,Occasional
CUST04907,Customer 4907,2348029892732,Female,Unknown,Abuja,North Central,Unknown
CUST04908,Customer 4908,2348013088040,F,36-45,Enugu,South East,Occasional
CUST04909,Customer 4909,2348072902929,Male,Unknown,Ibadan,South West,Regular
CUST04910,Customer 4910,2348026649015,Male,36-45,Kano,North West,Regular
CUST04911,Customer 4911,2348066570068,male,36-45,Lagos,South West,Regular
CUST04912,Customer 4912,2348016777315,Male,Unknown,Ibadan,South West,Premium
CUST04913,Customer 4913,2348012415875,Unknown,36-45,Kaduna,North West,premium 
CUST04914,Customer 4914,2348063998612,Female,Unknown,Enugu,South East,Regular
CUST04915,Customer 4915,2348093972935,MALE,46-60,Benin City,South South,Premium
CUST04916,Customer 4916,2348022683269,Female,46-60,Kano,North West,Premium
CUST04917,Customer 4917,2348063391291,Male,46-60,Lagos,South West,Regular
CUST04918,Customer 4918,2348022873304, f ,Unknown,Port Harcourt,South South,Regular
CUST04919,Customer 4919,2348045441939, m ,18-25,Abuja,North Central,Premium
CUST04920,Customer 4920,2348057651092,Male,Unknown,Ibadan,South West,Premium
CUST04921,Customer 4921,2348024878141,Male,26-35,Port Harcourt,South South,Regular
CUST04922,Customer 4922,2348096717754,Female,36-45,Abuja,North Central,Premium
CUST04923,Customer 4923,2348026038832,Male,Unknown,Kaduna,North West,Regular
CUST04924,Customer 4924,2348068613994,MALE,36-45,Lagos,South West,Regular
CUST04925, Customer 4925 ,2348086120025,Male,18-25,Benin City,South South,Unknown
CUST04926,Customer 4926,2348067001425,Unknown,26-35,Ibadan,South West,Occasional
CUST04927,Customer 4927,2348048750803,Unknown,60+,Lagos,South West,Premium
CUST04928,Customer 4928,2348066635853,Unknown,Unknown,Benin City,South South,Regular
CUST04929,Customer 4929,2348075293592,M,46-60,Kaduna,North West,Unknown
CUST04930,Customer 4930,2348081583389,male,Unknown,Ibadan,South West,Business
CUST04931,Customer 4931,2348041933123,M,26-35,Port Harcourt,South South,Premium
CUST04932,Customer 4932,2348095151505,Male,46-60,Port Harcourt,South South,Occasional
CUST04933,Customer 4933,2348013864584,F,36-45,Abuja,North Central,Regular
CUST04934,Customer 4934,2348099493313,F,26-35,Port Harcourt,South South,Regular
CUST04935,Customer 4935,2348046334255,Male,46-60,Abuja,North Central,Regular
CUST04936,Customer 4936,2348078738767,Unknown,26-35,Benin City,South South,REGULAR
CUST04937,Customer 4937,2348046464023,Female,36-45,Enugu,South East,premium 
CUST04938,Customer 4938,2348076164752,Male,60+,Lagos,South West,Occasional
CUST04939,Customer 4939,2348013038255,Male,36-45,Port Harcourt,South South,Premium
CUST04940,Customer 4940,2348083383051,Unknown,46-60,Abuja,North Central,Premium
CUST04941,Customer 4941,2348074691345,FEMALE,36-45,Kano,North West,Occasional
CUST04942,Customer 4942,2348030518410, m ,46-60,Abuja,North Central,Premium
CUST04943,Customer 4943,2348090945881,Male,18-25,Ibadan,South West,Premium
CUST04944,Customer 4944,2348059861595,Male,60+,Lagos,South West,Unknown
CUST04945,Customer 4945,2348084224361,Male,18-25,Ibadan,South West,Premium
CUST04946,Customer 4946,2348045795492, f ,26-35,Lagos,South West,Premium
CUST04947,Customer 4947,2348099026976,Unknown,60+,Abuja,North Central,Business
CUST04948,Customer 4948,2348049346375,Unknown,Unknown,Port Harcourt,South South,Occasional
CUST04949,Customer 4949,2348032092703,Female,26-35,Kano,North West,Regular
CUST04950, Customer 4950 ,2348036991275,Male,Unknown,Abuja,North Central,Regular
CUST04951,Customer 4951,2348059068525,Unknown,60+,Benin City,South South,Occasional
CUST04952,Customer 4952,2348041281168, m ,60+,Port Harcourt,South South,Occasional
CUST04953,Customer 4953,2348071006637,Unknown,26-35,Abuja,North Central,Unknown
CUST04954,Customer 4954,2348044004996,M,18-25,Kano,North West,Unknown
CUST04955,Customer 4955,2348096916050,Unknown,18-25,Abuja,North Central,Premium
CUST04956,Customer 4956,2348059688860,female,Unknown,Lagos,South West,Premium
CUST04957,Customer 4957,2348089325208,Female,60+,Abuja,North Central,Unknown
CUST04958,Customer 4958,2348014311333,Female,26-35,Enugu,South East,Unknown
CUST04959,Customer 4959,2348048910533,Unknown,18-25,Lagos,South West,Premium
CUST04960,Customer 4960,2348091591649,Female,36-45,Port Harcourt,South South,Unknown
CUST04961,Customer 4961,2348088253152,M,46-60,Abuja,North Central,Premium
CUST04962,Customer 4962,2348064485344,M,60+,Lagos,South West,Premium
CUST04963,Customer 4963,2348086186354,Unknown,60+,Ibadan,South West,Regular
CUST04964,Customer 4964,2348056934105,Female,60+,Kaduna,North West,Occasional
CUST04965,Customer 4965,2348076304486,Unknown,18-25,Abuja,North Central,Regular
CUST04966,Customer 4966,2348030548268,Female,Unknown,Ibadan,South West,Premium
CUST04967,Customer 4967,2348014322802,Male,18-25,Kaduna,North West,Regular
CUST04968,Customer 4968,2348013294453,Unknown,Unknown,Enugu,South East,Regular
CUST04969,Customer 4969,2348012541320,Male,Unknown,Port Harcourt,South South,Regular
CUST04970,Customer 4970,2348013029914,Male,46-60,Benin City,South South,Unknown
CUST04971,Customer 4971,2348055443129,Female,18-25,Lagos,South West,Premium
CUST04972,Customer 4972,2348096928638, m ,60+,Benin City,South South,Regular
CUST04973,Customer 4973,2348066726402,Male,60+,Lagos,South West,Business
CUST04974,Customer 4974,2348077430257,Male,60+,Port Harcourt,South South,Occasional
CUST04975, Customer 4975 ,2348081688304,Male,18-25,Abuja,North Central,Premium
CUST04976,Customer 4976,2348070971678,Male,36-45,Ibadan,South West,Regular
CUST04977,Customer 4977,2348056335523,Female,18-25,Lagos,South West,Premium
CUST04978,Customer 4978,2348055576302,Female,60+,Enugu,South East,Regular
CUST04979,Customer 4979,2348098091755,Male,26-35,Ibadan,South West,Premium
CUST04980,Customer 4980,2348076737133,male,Unknown,Port Harcourt,South South,Premium
CUST04981,Customer 4981,2348072324379,Male,18-25,Abuja,North Central,Occasional
CUST04982,Customer 4982,2348022449790,M,Unknown,Kano,North West,Business
CUST04983,Customer 4983,2348085941217,Female,46-60,Lagos,South West,Premium
CUST04984,Customer 4984,2348050110905,Male,36-45,Kano,North West,Occasional
CUST04985,Customer 4985,2348030604695,Unknown,26-35,Ibadan,South West,Regular
CUST04986,Customer 4986,2348062151567,Male,36-45,Abuja,North Central,Occasional
CUST04987,Customer 4987,2348069868321,Female,18-25,Abuja,North Central,Regular
CUST04988,Customer 4988,2348080461467,Male,36-45,Ibadan,South West,Regular
CUST04989,Customer 4989,2348052776440,Unknown,Unknown,Lagos,South West,Regular
CUST04990,Customer 4990,2348032603884,Female,36-45,Benin City,South South,Regular
CUST04991,Customer 4991,2348055026934,F,18-25,Lagos,South West,Occasional
CUST04992,Customer 4992,2348086875083,female,46-60,Kaduna,North West,Premium
CUST04993,Customer 4993,2348079126699,Male,46-60,Kaduna,North West,Regular
CUST04994,Customer 4994,2348018595149,Female,36-45,Abuja,North Central,Occasional
CUST04995,Customer 4995,2348098820715,M,18-25,Abuja,North Central,Business
CUST04996,Customer 4996,2348082415426,Unknown,Unknown,Kano,North West,premium 
CUST04997,Customer 4997,2348094150958,Male,60+,Kaduna,North West,Regular
CUST04998,Customer 4998,2348052007276,Unknown,36-45,Abuja,North Central,premium 
CUST04999,Customer 4999,2348078351557,Male,18-25,Benin City,South South,premium 
CUST05000, Customer 5000 ,2348075328308,Unknown,36-45,Ibadan,South West,Regular
