order_id,delivery_status,delivery_days,delivery_fee
ORD000001,delivered,2.0,2500
ORD000002,Delayed,14.0,1000
ORD000003,delivered,1.0,0
ORD000004,Delayed,5.0,1000
ORD000005,delivered,10.0,2500
ORD000006,In Transit,,1000
ORD000007,DELIVERED,12.0,1000
ORD000008,,4.0,1000
ORD000009,Delivered,1.0,1000
ORD000010,,6.0,3500
ORD000011,Delayed,5.0,1500
ORD000012,,11.0,1500
ORD000013,delivered,5.0,2500
ORD000014,Delayed,12.0,0
ORD000015,Returned,11.0,3500
ORD000016,Delivered,9.0,2500
ORD000017,In Transit,6.0,3500
ORD000018,,10.0,0
ORD000019,Delivered,7.0,1500
ORD000020,Delayed,4.0,1000
ORD000021,delivered,12.0,0
ORD000022,Delayed,5.0,2500
ORD000023,Delivered,12.0,3500
ORD000024,delivered,7.0,0
ORD000025,In Transit,2.0,2500
ORD000026,DELIVERED,12.0,3500
ORD000027,Delayed,1.0,0
ORD000028,Returned,6.0,1500
ORD000029,In Transit,7.0,2500
ORD000030,Delivered,11.0,2500
ORD000031,,4.0,1500
ORD000032,,4.0,1500
ORD000033,,,1000
ORD000034,Delivered,3.0,3500
ORD000035,Delivered,8.0,1500
ORD000036,,11.0,1500
ORD000037,,6.0,3500
ORD000038,DELIVERED,3.0,2500
ORD000039,,2.0,3500
ORD000040,Delivered,11.0,2500
ORD000041,Returned,9.0,1500
ORD000042,Delivered,12.0,0
ORD000043,delivered,1.0,0
ORD000044,DELIVERED,13.0,1500
ORD000045,Returned,8.0,1500
ORD000046,Delivered,2.0,1500
ORD000047,In Transit,11.0,1500
ORD000048,delivered,10.0,1500
ORD000049,DELIVERED,11.0,3500
ORD000050,Returned,4.0,2500
ORD000051,Delivered,13.0,3500
ORD000052,In Transit,,1500
ORD000053,In Transit,5.0,3500
ORD000054,Returned,4.0,0
ORD000055,Returned,1.0,0
ORD000056,Delivered,14.0,1000
ORD000057,delivered,1.0,0
ORD000058,Returned,,1000
ORD000059,Delayed,5.0,0
ORD000060,Delivered,,2500
ORD000061,,9.0,1000
ORD000062,In Transit,12.0,1000
ORD000063,In Transit,12.0,2500
ORD000064,,10.0,2500
ORD000065,Delivered,,2500
ORD000066,Delivered,1.0,0
ORD000067,delivered,5.0,1000
ORD000068,,4.0,3500
ORD000069,Delivered,4.0,2500
ORD000070,Delivered,6.0,0
ORD000071,DELIVERED,8.0,3500
ORD000072,Delivered,4.0,0
ORD000073,Delivered,7.0,0
ORD000074,Delayed,5.0,1500
ORD000075,delivered,4.0,1000
ORD000076,In Transit,,3500
ORD000077,Delayed,1.0,2500
ORD000078,In Transit,8.0,1500
ORD000079,Delivered,8.0,1000
ORD000080,Returned,5.0,1000
ORD000081,Delivered,13.0,2500
ORD000082,In Transit,4.0,3500
ORD000083,,,1000
ORD000084,,12.0,2500
ORD000085,In Transit,2.0,0
ORD000086,,1.0,3500
ORD000087,In Transit,3.0,0
ORD000088,,,1500
ORD000089,In Transit,9.0,0
ORD000090,DELIVERED,5.0,0
ORD000091,,14.0,1500
ORD000092,Delayed,11.0,1000
ORD000093,,6.0,3500
ORD000094,DELIVERED,3.0,1000
ORD000095,Returned,1.0,3500
ORD000096,DELIVERED,4.0,0
ORD000097,DELIVERED,,2500
ORD000098,Delivered,11.0,1000
ORD000099,delivered,2.0,0
ORD000100,Delayed,,1000
ORD000101,Delivered,14.0,3500
ORD000102,In Transit,12.0,3500
ORD000103,In Transit,13.0,1500
ORD000104,Delivered,5.0,2500
ORD000105,,11.0,1000
ORD000106,Delayed,1.0,1500
ORD000107,,7.0,0
ORD000108,,1.0,1500
ORD000109,Delayed,2.0,3500
ORD000110,,4.0,0
ORD000111,In Transit,13.0,2500
ORD000112,Delivered,11.0,1500
ORD000113,Returned,4.0,3500
ORD000114,Returned,8.0,3500
ORD000115,delivered,1.0,3500
ORD000116,,,3500
ORD000117,Returned,,0
ORD000118,Delivered,8.0,1000
ORD000119,DELIVERED,9.0,1000
ORD000120,Delivered,10.0,2500
ORD000121,Delivered,14.0,0
ORD000122,Delivered,14.0,0
ORD000123,Delivered,14.0,1500
ORD000124,Delivered,11.0,3500
ORD000125,,10.0,1500
ORD000126,DELIVERED,8.0,1000
ORD000127,In Transit,1.0,1500
ORD000128,In Transit,4.0,0
ORD000129,Delivered,13.0,3500
ORD000130,In Transit,5.0,1000
ORD000131,In Transit,10.0,1500
ORD000132,Delivered,14.0,1500
ORD000133,In Transit,11.0,3500
ORD000134,Delivered,6.0,2500
ORD000135,,10.0,3500
ORD000136,Returned,10.0,3500
ORD000137,,8.0,1000
ORD000138,Delivered,3.0,0
ORD000139,Delayed,3.0,3500
ORD000140,,5.0,1000
ORD000141,Delivered,,1500
ORD000142,delivered,1.0,2500
ORD000143,Returned,8.0,1500
ORD000144,In Transit,3.0,3500
ORD000145,Delivered,6.0,0
ORD000146,Delivered,1.0,1500
ORD000147,delivered,6.0,1000
ORD000148,Delivered,6.0,1000
ORD000149,In Transit,13.0,0
ORD000150,Delayed,12.0,3500
ORD000151,,14.0,2500
ORD000152,,4.0,2500
ORD000153,,5.0,3500
ORD000154,,7.0,1500
ORD000155,Delivered,,1500
ORD000156,In Transit,4.0,1500
ORD000157,DELIVERED,12.0,2500
ORD000158,In Transit,8.0,1000
ORD000159,Delivered,3.0,0
ORD000160,Delayed,,1500
ORD000161,Returned,6.0,1500
ORD000162,,,1000
ORD000163,delivered,,2500
ORD000164,Returned,12.0,0
ORD000165,Delayed,13.0,1500
ORD000166,delivered,12.0,1000
ORD000167,In Transit,13.0,1000
ORD000168,DELIVERED,10.0,1000
ORD000169,DELIVERED,1.0,3500
ORD000170,Returned,14.0,2500
ORD000171,,1.0,1500
ORD000172,,2.0,2500
ORD000173,Delivered,9.0,2500
ORD000174,Returned,11.0,1000
ORD000175,DELIVERED,13.0,1000
ORD000176,,1.0,3500
ORD000177,,9.0,3500
ORD000178,Delayed,8.0,0
ORD000179,DELIVERED,10.0,1500
ORD000180,Delivered,8.0,3500
ORD000181,In Transit,,0
ORD000182,delivered,6.0,0
ORD000183,delivered,4.0,2500
ORD000184,Delivered,11.0,1000
ORD000185,delivered,2.0,2500
ORD000186,Delayed,,3500
ORD000187,In Transit,4.0,2500
ORD000188,delivered,11.0,2500
ORD000189,delivered,6.0,1000
ORD000190,In Transit,6.0,1000
ORD000191,Delayed,11.0,2500
ORD000192,Delivered,5.0,2500
ORD000193,delivered,9.0,3500
ORD000194,delivered,,0
ORD000195,Delivered,11.0,2500
ORD000196,Delivered,13.0,0
ORD000197,Delayed,7.0,0
ORD000198,Delivered,5.0,2500
ORD000199,Delayed,6.0,1000
ORD000200,In Transit,12.0,0
ORD000201,Returned,14.0,2500
ORD000202,Delivered,5.0,1500
ORD000203,Delayed,7.0,2500
ORD000204,In Transit,14.0,3500
ORD000205,Delivered,,3500
ORD000206,,2.0,0
ORD000207,Delivered,,0
ORD000208,,3.0,2500
ORD000209,Returned,14.0,2500
ORD000210,DELIVERED,6.0,0
ORD000211,Delivered,14.0,0
ORD000212,delivered,5.0,1500
ORD000213,Delivered,11.0,1500
ORD000214,Delivered,14.0,1000
ORD000215,,12.0,1500
ORD000216,Returned,5.0,2500
ORD000217,,,2500
ORD000218,,3.0,1000
ORD000219,Delayed,8.0,3500
ORD000220,delivered,3.0,0
ORD000221,In Transit,3.0,1500
ORD000222,delivered,5.0,1000
ORD000223,,5.0,1500
ORD000224,,3.0,3500
ORD000225,Delivered,6.0,2500
ORD000226,Delivered,8.0,0
ORD000227,,9.0,1500
ORD000228,,13.0,2500
ORD000229,delivered,6.0,1500
ORD000230,delivered,8.0,2500
ORD000231,In Transit,12.0,0
ORD000232,Delivered,12.0,1500
ORD000233,Delivered,7.0,1000
ORD000234,,3.0,0
ORD000235,In Transit,2.0,0
ORD000236,Delayed,7.0,0
ORD000237,Returned,13.0,0
ORD000238,delivered,14.0,1000
ORD000239,In Transit,4.0,2500
ORD000240,,5.0,2500
ORD000241,In Transit,9.0,1500
ORD000242,In Transit,,0
ORD000243,Delivered,8.0,2500
ORD000244,Returned,12.0,1500
ORD000245,DELIVERED,11.0,1500
ORD000246,Delivered,10.0,1500
ORD000247,delivered,1.0,2500
ORD000248,,9.0,2500
ORD000249,Returned,12.0,1500
ORD000250,,13.0,1500
ORD000251,In Transit,9.0,2500
ORD000252,DELIVERED,11.0,0
ORD000253,,1.0,2500
ORD000254,Delivered,7.0,3500
ORD000255,Delivered,7.0,0
ORD000256,DELIVERED,2.0,1500
ORD000257,delivered,8.0,0
ORD000258,Delivered,7.0,0
ORD000259,In Transit,8.0,2500
ORD000260,delivered,14.0,2500
ORD000261,Delivered,12.0,2500
ORD000262,In Transit,12.0,1000
ORD000263,Delivered,11.0,0
ORD000264,In Transit,2.0,1500
ORD000265,delivered,12.0,1500
ORD000266,,2.0,1000
ORD000267,Returned,7.0,1000
ORD000268,Delivered,,0
ORD000269,Returned,,1000
ORD000270,Returned,11.0,1000
ORD000271,In Transit,4.0,3500
ORD000272,Delivered,6.0,1000
ORD000273,DELIVERED,14.0,1000
ORD000274,Delivered,5.0,0
ORD000275,,5.0,0
ORD000276,DELIVERED,9.0,0
ORD000277,In Transit,3.0,3500
ORD000278,Delivered,11.0,1000
ORD000279,delivered,7.0,2500
ORD000280,Returned,7.0,0
ORD000281,delivered,5.0,0
ORD000282,Delivered,4.0,0
ORD000283,Delayed,14.0,2500
ORD000284,Delivered,,1500
ORD000285,,,3500
ORD000286,Delayed,5.0,3500
ORD000287,delivered,13.0,3500
ORD000288,,3.0,2500
ORD000289,Delivered,9.0,1000
ORD000290,,5.0,1500
ORD000291,Delivered,14.0,1500
ORD000292,In Transit,11.0,0
ORD000293,In Transit,2.0,1500
ORD000294,In Transit,9.0,3500
ORD000295,In Transit,13.0,0
ORD000296,delivered,12.0,1500
ORD000297,Delayed,6.0,0
ORD000298,Delivered,14.0,3500
ORD000299,Returned,7.0,2500
ORD000300,,10.0,1500
ORD000301,Delayed,12.0,3500
ORD000302,In Transit,12.0,3500
ORD000303,,4.0,0
ORD000304,Delayed,4.0,2500
ORD000305,Delivered,7.0,0
ORD000306,delivered,,1500
ORD000307,Delayed,11.0,1000
ORD000308,,2.0,1000
ORD000309,Delivered,5.0,3500
ORD000310,Delivered,4.0,1500
ORD000311,Delayed,7.0,0
ORD000312,DELIVERED,12.0,3500
ORD000313,Returned,1.0,2500
ORD000314,Returned,3.0,1000
ORD000315,Returned,7.0,1000
ORD000316,Delivered,13.0,0
ORD000317,Delayed,6.0,1500
ORD000318,DELIVERED,,3500
ORD000319,Delayed,,2500
ORD000320,Returned,14.0,0
ORD000321,Delivered,6.0,0
ORD000322,Delivered,7.0,0
ORD000323,,7.0,0
ORD000324,,7.0,2500
ORD000325,In Transit,9.0,1000
ORD000326,delivered,1.0,2500
ORD000327,Delayed,13.0,2500
ORD000328,Delayed,11.0,2500
ORD000329,,6.0,3500
ORD000330,Delivered,14.0,1000
ORD000331,Delivered,13.0,0
ORD000332,Delivered,1.0,1500
ORD000333,In Transit,9.0,1500
ORD000334,In Transit,9.0,0
ORD000335,DELIVERED,14.0,1000
ORD000336,delivered,7.0,3500
ORD000337,DELIVERED,,1500
ORD000338,,10.0,2500
ORD000339,Delayed,13.0,1000
ORD000340,,,1500
ORD000341,Delivered,14.0,1500
ORD000342,,13.0,1000
ORD000343,In Transit,,2500
ORD000344,In Transit,11.0,1000
ORD000345,Delivered,12.0,1500
ORD000346,Delayed,11.0,1000
ORD000347,Delayed,7.0,1000
ORD000348,,5.0,0
ORD000349,Delivered,8.0,3500
ORD000350,Delivered,4.0,2500
ORD000351,Delivered,6.0,3500
ORD000352,Delayed,5.0,1500
ORD000353,Delivered,9.0,0
ORD000354,delivered,11.0,0
ORD000355,Delivered,5.0,3500
ORD000356,In Transit,11.0,2500
ORD000357,delivered,12.0,2500
ORD000358,Returned,2.0,1000
ORD000359,Delayed,7.0,0
ORD000360,Delivered,1.0,0
ORD000361,Returned,8.0,0
ORD000362,Returned,3.0,1500
ORD000363,Delivered,13.0,2500
ORD000364,delivered,9.0,3500
ORD000365,Returned,13.0,2500
ORD000366,Delivered,,3500
ORD000367,,1.0,2500
ORD000368,Delivered,6.0,2500
ORD000369,,13.0,0
ORD000370,DELIVERED,9.0,3500
ORD000371,delivered,5.0,1500
ORD000372,delivered,13.0,1000
ORD000373,In Transit,10.0,1500
ORD000374,,13.0,2500
ORD000375,Delivered,6.0,3500
ORD000376,Delivered,3.0,2500
ORD000377,Delivered,3.0,1500
ORD000378,In Transit,4.0,2500
ORD000379,In Transit,1.0,2500
ORD000380,DELIVERED,,2500
ORD000381,DELIVERED,3.0,1000
ORD000382,,13.0,3500
ORD000383,In Transit,5.0,3500
ORD000384,Delivered,4.0,1000
ORD000385,Delivered,3.0,3500
ORD000386,,9.0,1000
ORD000387,delivered,11.0,1500
ORD000388,In Transit,14.0,2500
ORD000389,Delivered,12.0,1000
ORD000390,,14.0,2500
ORD000391,Delivered,10.0,3500
ORD000392,Returned,10.0,1500
ORD000393,Delivered,1.0,1000
ORD000394,In Transit,8.0,1500
ORD000395,,12.0,0
ORD000396,In Transit,4.0,2500
ORD000397,Delivered,,1500
ORD000398,Returned,,2500
ORD000399,Delivered,1.0,2500
ORD000400,Delivered,9.0,3500
ORD000401,Delivered,14.0,2500
ORD000402,Delivered,9.0,0
ORD000403,In Transit,9.0,1500
ORD000404,,4.0,0
ORD000405,,,1500
ORD000406,Delivered,6.0,1500
ORD000407,Delayed,1.0,2500
ORD000408,Delayed,13.0,1500
ORD000409,DELIVERED,1.0,1500
ORD000410,delivered,12.0,2500
ORD000411,DELIVERED,13.0,1500
ORD000412,Delivered,4.0,3500
ORD000413,delivered,6.0,3500
ORD000414,Returned,10.0,3500
ORD000415,Delivered,10.0,2500
ORD000416,In Transit,10.0,0
ORD000417,In Transit,2.0,1000
ORD000418,In Transit,,0
ORD000419,Returned,8.0,2500
ORD000420,Returned,11.0,3500
ORD000421,In Transit,1.0,1500
ORD000422,Returned,2.0,3500
ORD000423,Returned,14.0,0
ORD000424,Delivered,3.0,1000
ORD000425,DELIVERED,12.0,1500
ORD000426,Delivered,10.0,2500
ORD000427,,4.0,2500
ORD000428,Delivered,8.0,2500
ORD000429,,,3500
ORD000430,Delayed,5.0,0
ORD000431,DELIVERED,11.0,2500
ORD000432,Returned,1.0,0
ORD000433,Delivered,9.0,2500
ORD000434,Delivered,5.0,1000
ORD000435,In Transit,12.0,1500
ORD000436,Delivered,14.0,0
ORD000437,delivered,9.0,1000
ORD000438,Delivered,9.0,2500
ORD000439,,14.0,2500
ORD000440,Delayed,,1000
ORD000441,In Transit,8.0,2500
ORD000442,In Transit,2.0,1000
ORD000443,Delayed,,1000
ORD000444,delivered,5.0,3500
ORD000445,delivered,,1500
ORD000446,Returned,2.0,3500
ORD000447,Delayed,3.0,1500
ORD000448,Delivered,13.0,2500
ORD000449,Returned,11.0,1000
ORD000450,In Transit,13.0,3500
ORD000451,Delayed,12.0,2500
ORD000452,,8.0,2500
ORD000453,Delivered,8.0,0
ORD000454,Delayed,8.0,1000
ORD000455,Returned,14.0,1000
ORD000456,Delayed,10.0,1000
ORD000457,delivered,13.0,3500
ORD000458,Delivered,5.0,0
ORD000459,DELIVERED,1.0,1000
ORD000460,,8.0,1500
ORD000461,Returned,14.0,3500
ORD000462,,7.0,3500
ORD000463,Delivered,4.0,1000
ORD000464,Delivered,14.0,0
ORD000465,,9.0,1000
ORD000466,delivered,6.0,0
ORD000467,Returned,7.0,3500
ORD000468,Delivered,1.0,2500
ORD000469,Delayed,6.0,1000
ORD000470,Returned,10.0,2500
ORD000471,,7.0,1000
ORD000472,Delayed,8.0,0
ORD000473,,14.0,1000
ORD000474,Delivered,6.0,0
ORD000475,Delayed,5.0,3500
ORD000476,In Transit,7.0,1500
ORD000477,Delayed,,1000
ORD000478,In Transit,2.0,1500
ORD000479,Delivered,1.0,2500
ORD000480,Delivered,1.0,2500
ORD000481,Delivered,10.0,1000
ORD000482,DELIVERED,12.0,1500
ORD000483,In Transit,2.0,2500
ORD000484,Returned,1.0,3500
ORD000485,delivered,2.0,2500
ORD000486,Returned,3.0,3500
ORD000487,delivered,7.0,1000
ORD000488,delivered,6.0,2500
ORD000489,In Transit,4.0,0
ORD000490,Returned,3.0,0
ORD000491,Delayed,6.0,3500
ORD000492,,8.0,3500
ORD000493,Delayed,1.0,1500
ORD000494,In Transit,14.0,3500
ORD000495,In Transit,5.0,2500
ORD000496,Delayed,4.0,2500
ORD000497,Returned,9.0,1000
ORD000498,Returned,5.0,1000
ORD000499,Delivered,7.0,3500
ORD000500,,1.0,2500
ORD000501,In Transit,11.0,1000
ORD000502,delivered,11.0,1500
ORD000503,,12.0,0
ORD000504,Delivered,12.0,1000
ORD000505,,2.0,1500
ORD000506,Delivered,9.0,3500
ORD000507,,,3500
ORD000508,Delivered,1.0,1500
ORD000509,Delivered,1.0,2500
ORD000510,Delivered,,0
ORD000511,In Transit,,1500
ORD000512,Returned,9.0,2500
ORD000513,In Transit,13.0,0
ORD000514,Delivered,13.0,1500
ORD000515,DELIVERED,13.0,1000
ORD000516,Delivered,10.0,1000
ORD000517,delivered,7.0,1500
ORD000518,Delivered,11.0,2500
ORD000519,DELIVERED,12.0,2500
ORD000520,Delivered,6.0,0
ORD000521,delivered,,1500
ORD000522,In Transit,5.0,1500
ORD000523,DELIVERED,8.0,3500
ORD000524,In Transit,13.0,1500
ORD000525,Delivered,10.0,2500
ORD000526,,,3500
ORD000527,delivered,2.0,3500
ORD000528,Delivered,3.0,1000
ORD000529,Delivered,7.0,1500
ORD000530,DELIVERED,6.0,0
ORD000531,Delayed,7.0,0
ORD000532,Returned,5.0,0
ORD000533,Delivered,6.0,3500
ORD000534,Delayed,,2500
ORD000535,Delivered,9.0,0
ORD000536,delivered,3.0,3500
ORD000537,Delivered,6.0,1500
ORD000538,Delivered,11.0,1000
ORD000539,delivered,11.0,2500
ORD000540,Delayed,9.0,2500
ORD000541,Delivered,2.0,0
ORD000542,Delivered,4.0,2500
ORD000543,delivered,3.0,3500
ORD000544,In Transit,4.0,1500
ORD000545,delivered,3.0,1000
ORD000546,delivered,2.0,3500
ORD000547,Delivered,5.0,3500
ORD000548,Delayed,4.0,3500
ORD000549,Delivered,8.0,1000
ORD000550,In Transit,10.0,2500
ORD000551,,1.0,1500
ORD000552,DELIVERED,1.0,0
ORD000553,,12.0,0
ORD000554,,5.0,1000
ORD000555,Delivered,6.0,2500
ORD000556,Delivered,7.0,0
ORD000557,Delivered,,0
ORD000558,Delayed,13.0,3500
ORD000559,Returned,,2500
ORD000560,Returned,14.0,3500
ORD000561,Delivered,11.0,3500
ORD000562,delivered,11.0,3500
ORD000563,In Transit,13.0,1500
ORD000564,delivered,3.0,1500
ORD000565,DELIVERED,12.0,1000
ORD000566,DELIVERED,1.0,3500
ORD000567,Delayed,2.0,1500
ORD000568,,5.0,1500
ORD000569,Returned,11.0,1500
ORD000570,delivered,1.0,1000
ORD000571,Delivered,14.0,0
ORD000572,Delayed,6.0,2500
ORD000573,delivered,8.0,1500
ORD000574,delivered,9.0,0
ORD000575,Delivered,9.0,2500
ORD000576,Delivered,2.0,1500
ORD000577,delivered,6.0,3500
ORD000578,In Transit,,1000
ORD000579,Delivered,3.0,1500
ORD000580,Returned,,3500
ORD000581,In Transit,12.0,2500
ORD000582,,1.0,1500
ORD000583,,5.0,1000
ORD000584,delivered,13.0,2500
ORD000585,,5.0,1000
ORD000586,Delayed,14.0,1000
ORD000587,,6.0,3500
ORD000588,Delivered,5.0,1500
ORD000589,Delivered,9.0,0
ORD000590,Delivered,11.0,3500
ORD000591,delivered,8.0,3500
ORD000592,Delayed,,2500
ORD000593,Delivered,2.0,1000
ORD000594,Delivered,,1500
ORD000595,In Transit,10.0,2500
ORD000596,In Transit,1.0,3500
ORD000597,Delivered,14.0,3500
ORD000598,In Transit,7.0,0
ORD000599,Delayed,8.0,1000
ORD000600,,7.0,2500
ORD000601,Delayed,11.0,3500
ORD000602,Delivered,,3500
ORD000603,Delayed,,1500
ORD000604,In Transit,4.0,2500
ORD000605,In Transit,1.0,1500
ORD000606,Delivered,10.0,1000
ORD000607,Delayed,2.0,2500
ORD000608,In Transit,14.0,3500
ORD000609,Returned,14.0,1500
ORD000610,In Transit,3.0,1500
ORD000611,Delivered,11.0,1000
ORD000612,,2.0,1500
ORD000613,,6.0,1500
ORD000614,delivered,10.0,0
ORD000615,In Transit,3.0,1500
ORD000616,Returned,3.0,2500
ORD000617,delivered,6.0,2500
ORD000618,,2.0,2500
ORD000619,Delivered,11.0,2500
ORD000620,Delivered,4.0,3500
ORD000621,,,1500
ORD000622,In Transit,7.0,0
ORD000623,Delivered,4.0,1000
ORD000624,Delayed,11.0,3500
ORD000625,Returned,4.0,3500
ORD000626,Delayed,9.0,1000
ORD000627,DELIVERED,5.0,0
ORD000628,Delivered,8.0,1500
ORD000629,Delayed,11.0,2500
ORD000630,Delivered,2.0,2500
ORD000631,Returned,12.0,2500
ORD000632,Delivered,11.0,3500
ORD000633,In Transit,10.0,1500
ORD000634,,9.0,1000
ORD000635,In Transit,4.0,0
ORD000636,delivered,7.0,1000
ORD000637,Delayed,10.0,3500
ORD000638,,3.0,2500
ORD000639,Delivered,11.0,2500
ORD000640,Delivered,4.0,1500
ORD000641,Returned,2.0,1000
ORD000642,DELIVERED,1.0,0
ORD000643,,13.0,3500
ORD000644,Delivered,3.0,0
ORD000645,Delivered,9.0,0
ORD000646,Delivered,13.0,2500
ORD000647,Delivered,6.0,0
ORD000648,Delivered,14.0,2500
ORD000649,Returned,13.0,2500
ORD000650,Delayed,4.0,1500
ORD000651,delivered,14.0,2500
ORD000652,Delivered,1.0,1500
ORD000653,Delayed,8.0,1000
ORD000654,,8.0,1000
ORD000655,,13.0,2500
ORD000656,Returned,11.0,1000
ORD000657,,14.0,3500
ORD000658,,12.0,0
ORD000659,In Transit,5.0,0
ORD000660,,,3500
ORD000661,delivered,13.0,0
ORD000662,In Transit,10.0,2500
ORD000663,In Transit,,1000
ORD000664,,4.0,1000
ORD000665,,4.0,0
ORD000666,In Transit,6.0,0
ORD000667,,13.0,3500
ORD000668,delivered,1.0,1000
ORD000669,In Transit,6.0,3500
ORD000670,Returned,9.0,2500
ORD000671,DELIVERED,8.0,2500
ORD000672,Delivered,2.0,1000
ORD000673,,8.0,2500
ORD000674,In Transit,10.0,0
ORD000675,Delivered,13.0,0
ORD000676,Delivered,,2500
ORD000677,Delayed,6.0,2500
ORD000678,Returned,3.0,3500
ORD000679,In Transit,9.0,3500
ORD000680,Delivered,2.0,2500
ORD000681,Delivered,8.0,0
ORD000682,Delivered,9.0,0
ORD000683,,1.0,3500
ORD000684,Delivered,13.0,1500
ORD000685,Returned,13.0,0
ORD000686,DELIVERED,5.0,1000
ORD000687,Returned,11.0,0
ORD000688,delivered,12.0,0
ORD000689,Returned,13.0,2500
ORD000690,Delayed,3.0,1500
ORD000691,Returned,5.0,3500
ORD000692,Delivered,2.0,1000
ORD000693,Returned,5.0,1000
ORD000694,DELIVERED,8.0,1500
ORD000695,delivered,1.0,1500
ORD000696,In Transit,,1500
ORD000697,Delivered,13.0,2500
ORD000698,In Transit,8.0,0
ORD000699,In Transit,4.0,0
ORD000700,DELIVERED,,3500
ORD000701,Delayed,11.0,2500
ORD000702,,1.0,0
ORD000703,delivered,2.0,0
ORD000704,Delayed,7.0,0
ORD000705,Returned,1.0,3500
ORD000706,In Transit,3.0,1500
ORD000707,In Transit,14.0,0
ORD000708,,7.0,0
ORD000709,In Transit,2.0,0
ORD000710,In Transit,14.0,0
ORD000711,Delivered,7.0,1000
ORD000712,In Transit,4.0,3500
ORD000713,Delivered,4.0,1000
ORD000714,DELIVERED,1.0,1000
ORD000715,DELIVERED,1.0,0
ORD000716,delivered,12.0,0
ORD000717,,,2500
ORD000718,DELIVERED,10.0,1500
ORD000719,Delivered,1.0,3500
ORD000720,Returned,1.0,0
ORD000721,delivered,5.0,0
ORD000722,Delayed,4.0,0
ORD000723,Delivered,12.0,1000
ORD000724,Delivered,4.0,2500
ORD000725,,13.0,0
ORD000726,Delayed,3.0,0
ORD000727,Delivered,7.0,2500
ORD000728,DELIVERED,1.0,0
ORD000729,In Transit,8.0,1000
ORD000730,delivered,14.0,2500
ORD000731,Delayed,11.0,1500
ORD000732,Delivered,8.0,2500
ORD000733,Delivered,11.0,3500
ORD000734,Delayed,1.0,0
ORD000735,Returned,14.0,3500
ORD000736,In Transit,1.0,1500
ORD000737,delivered,2.0,2500
ORD000738,Delayed,13.0,2500
ORD000739,Delivered,10.0,3500
ORD000740,DELIVERED,9.0,3500
ORD000741,Delivered,1.0,2500
ORD000742,Returned,7.0,0
ORD000743,Delivered,9.0,0
ORD000744,Delayed,12.0,1000
ORD000745,,4.0,0
ORD000746,,6.0,2500
ORD000747,Delayed,4.0,1500
ORD000748,In Transit,1.0,1500
ORD000749,delivered,8.0,3500
ORD000750,In Transit,,3500
ORD000751,Delayed,10.0,0
ORD000752,delivered,,3500
ORD000753,,7.0,1500
ORD000754,,9.0,0
ORD000755,DELIVERED,1.0,1500
ORD000756,Returned,,3500
ORD000757,In Transit,11.0,1000
ORD000758,Returned,11.0,0
ORD000759,Delayed,10.0,1500
ORD000760,DELIVERED,,0
ORD000761,In Transit,2.0,0
ORD000762,In Transit,10.0,1000
ORD000763,,10.0,1500
ORD000764,Delayed,13.0,3500
ORD000765,In Transit,6.0,0
ORD000766,,2.0,1000
ORD000767,Delivered,9.0,0
ORD000768,,2.0,0
ORD000769,DELIVERED,12.0,1000
ORD000770,Delivered,8.0,1500
ORD000771,,11.0,1000
ORD000772,,13.0,2500
ORD000773,Delivered,13.0,1000
ORD000774,Returned,7.0,3500
ORD000775,In Transit,13.0,0
ORD000776,Delayed,7.0,0
ORD000777,Delivered,9.0,2500
ORD000778,Delivered,4.0,3500
ORD000779,Delayed,5.0,0
ORD000780,In Transit,4.0,1500
ORD000781,delivered,1.0,3500
ORD000782,In Transit,14.0,1000
ORD000783,In Transit,10.0,0
ORD000784,Delivered,12.0,1500
ORD000785,Delayed,4.0,1000
ORD000786,,4.0,2500
ORD000787,DELIVERED,5.0,1500
ORD000788,Delivered,14.0,0
ORD000789,Returned,6.0,1000
ORD000790,Delivered,5.0,0
ORD000791,,2.0,1000
ORD000792,Delivered,1.0,1500
ORD000793,Delayed,6.0,2500
ORD000794,Delivered,7.0,3500
ORD000795,delivered,3.0,1000
ORD000796,,7.0,3500
ORD000797,In Transit,,0
ORD000798,delivered,6.0,0
ORD000799,delivered,6.0,1000
ORD000800,Delivered,13.0,1000
ORD000801,delivered,11.0,2500
ORD000802,Delayed,14.0,2500
ORD000803,delivered,13.0,3500
ORD000804,In Transit,3.0,1500
ORD000805,Delayed,2.0,1000
ORD000806,In Transit,7.0,2500
ORD000807,,13.0,3500
ORD000808,In Transit,8.0,0
ORD000809,Returned,10.0,2500
ORD000810,delivered,8.0,1500
ORD000811,Returned,14.0,0
ORD000812,Delayed,3.0,2500
ORD000813,In Transit,6.0,1500
ORD000814,DELIVERED,11.0,0
ORD000815,In Transit,13.0,3500
ORD000816,Delivered,1.0,3500
ORD000817,Delayed,,1500
ORD000818,,8.0,2500
ORD000819,In Transit,11.0,1000
ORD000820,,7.0,3500
ORD000821,In Transit,,1500
ORD000822,In Transit,9.0,3500
ORD000823,Delivered,8.0,1000
ORD000824,Delivered,7.0,0
ORD000825,,14.0,2500
ORD000826,In Transit,3.0,1500
ORD000827,delivered,7.0,2500
ORD000828,Delivered,5.0,1500
ORD000829,In Transit,,3500
ORD000830,In Transit,,1500
ORD000831,Delayed,1.0,3500
ORD000832,In Transit,14.0,3500
ORD000833,Delivered,9.0,2500
ORD000834,In Transit,13.0,3500
ORD000835,Delayed,14.0,3500
ORD000836,Returned,,0
ORD000837,DELIVERED,4.0,1500
ORD000838,In Transit,12.0,0
ORD000839,Delayed,8.0,0
ORD000840,Delivered,6.0,1000
ORD000841,,6.0,2500
ORD000842,Delivered,14.0,1000
ORD000843,In Transit,,3500
ORD000844,Delivered,,3500
ORD000845,DELIVERED,12.0,1500
ORD000846,DELIVERED,4.0,1000
ORD000847,In Transit,14.0,1000
ORD000848,,10.0,1000
ORD000849,Delivered,2.0,2500
ORD000850,Delivered,3.0,1500
ORD000851,DELIVERED,13.0,0
ORD000852,Delayed,5.0,2500
ORD000853,Returned,11.0,0
ORD000854,Delayed,4.0,0
ORD000855,Delivered,5.0,1500
ORD000856,Delivered,6.0,1000
ORD000857,Delivered,9.0,3500
ORD000858,delivered,14.0,2500
ORD000859,,11.0,3500
ORD000860,Delivered,7.0,1500
ORD000861,Delivered,12.0,1500
ORD000862,Delayed,14.0,2500
ORD000863,Delayed,14.0,1000
ORD000864,,2.0,2500
ORD000865,delivered,13.0,1000
ORD000866,Delivered,13.0,2500
ORD000867,DELIVERED,11.0,2500
ORD000868,Delayed,,1500
ORD000869,In Transit,4.0,1000
ORD000870,Delivered,8.0,2500
ORD000871,Delivered,8.0,1000
ORD000872,DELIVERED,13.0,3500
ORD000873,Returned,9.0,3500
ORD000874,Delivered,,1000
ORD000875,Returned,10.0,0
ORD000876,,5.0,1000
ORD000877,In Transit,6.0,3500
ORD000878,delivered,12.0,3500
ORD000879,In Transit,5.0,2500
ORD000880,Delayed,,1000
ORD000881,Delivered,10.0,2500
ORD000882,Delivered,7.0,3500
ORD000883,Delivered,2.0,1000
ORD000884,In Transit,14.0,3500
ORD000885,delivered,6.0,2500
ORD000886,In Transit,,1000
ORD000887,,1.0,3500
ORD000888,delivered,3.0,2500
ORD000889,Delivered,2.0,2500
ORD000890,Returned,11.0,3500
ORD000891,Delivered,13.0,0
ORD000892,DELIVERED,14.0,1500
ORD000893,delivered,10.0,1500
ORD000894,Delivered,3.0,1000
ORD000895,,5.0,1000
ORD000896,Delivered,11.0,1000
ORD000897,Delivered,10.0,2500
ORD000898,DELIVERED,12.0,2500
ORD000899,Delivered,1.0,3500
ORD000900,delivered,11.0,3500
ORD000901,delivered,2.0,0
ORD000902,Delayed,,0
ORD000903,In Transit,13.0,1500
ORD000904,In Transit,13.0,1500
ORD000905,Delayed,10.0,3500
ORD000906,,13.0,1500
ORD000907,Delivered,3.0,3500
ORD000908,Delayed,5.0,0
ORD000909,DELIVERED,5.0,1500
ORD000910,delivered,2.0,3500
ORD000911,Delivered,5.0,1000
ORD000912,Returned,10.0,3500
ORD000913,delivered,1.0,3500
ORD000914,Delivered,10.0,1500
ORD000915,,4.0,3500
ORD000916,delivered,4.0,0
ORD000917,delivered,1.0,1000
ORD000918,In Transit,2.0,0
ORD000919,,11.0,3500
ORD000920,In Transit,12.0,2500
ORD000921,Returned,,2500
ORD000922,Returned,12.0,3500
ORD000923,,10.0,2500
ORD000924,In Transit,2.0,1500
ORD000925,,12.0,1500
ORD000926,Delivered,5.0,1500
ORD000927,,1.0,0
ORD000928,In Transit,1.0,1500
ORD000929,Delivered,,1500
ORD000930,In Transit,9.0,1500
ORD000931,Delivered,7.0,0
ORD000932,Delivered,7.0,2500
ORD000933,In Transit,13.0,0
ORD000934,Returned,6.0,2500
ORD000935,In Transit,12.0,2500
ORD000936,Delivered,5.0,3500
ORD000937,Delivered,12.0,1000
ORD000938,In Transit,2.0,3500
ORD000939,Returned,8.0,1000
ORD000940,Delayed,1.0,3500
ORD000941,In Transit,4.0,2500
ORD000942,Delivered,10.0,2500
ORD000943,Delivered,2.0,0
ORD000944,Delivered,6.0,1000
ORD000945,Delivered,12.0,1000
ORD000946,In Transit,5.0,3500
ORD000947,Delayed,6.0,1000
ORD000948,Returned,8.0,0
ORD000949,,3.0,3500
ORD000950,DELIVERED,5.0,2500
ORD000951,,,1500
ORD000952,,4.0,1500
ORD000953,In Transit,11.0,1000
ORD000954,Delayed,1.0,2500
ORD000955,Delayed,14.0,1500
ORD000956,Delayed,1.0,1000
ORD000957,Delivered,14.0,2500
ORD000958,DELIVERED,10.0,1000
ORD000959,,9.0,0
ORD000960,,7.0,2500
ORD000961,In Transit,5.0,1500
ORD000962,Delivered,,1500
ORD000963,,4.0,1000
ORD000964,Delayed,3.0,0
ORD000965,DELIVERED,12.0,3500
ORD000966,Returned,4.0,1500
ORD000967,delivered,13.0,3500
ORD000968,,,0
ORD000969,Delivered,5.0,0
ORD000970,DELIVERED,7.0,1000
ORD000971,delivered,10.0,1000
ORD000972,In Transit,3.0,1000
ORD000973,Delayed,4.0,3500
ORD000974,Delivered,2.0,1500
ORD000975,Delivered,1.0,2500
ORD000976,In Transit,4.0,1000
ORD000977,Returned,4.0,2500
ORD000978,delivered,11.0,1500
ORD000979,In Transit,4.0,2500
ORD000980,In Transit,4.0,1500
ORD000981,Delivered,11.0,1500
ORD000982,,9.0,1500
ORD000983,,11.0,3500
ORD000984,Returned,12.0,3500
ORD000985,Delivered,14.0,3500
ORD000986,Returned,9.0,0
ORD000987,Delivered,13.0,3500
ORD000988,In Transit,3.0,1500
ORD000989,Delayed,7.0,2500
ORD000990,Delayed,3.0,1500
ORD000991,,8.0,3500
ORD000992,Delayed,10.0,1500
ORD000993,Delivered,13.0,3500
ORD000994,In Transit,11.0,1000
ORD000995,DELIVERED,,2500
ORD000996,In Transit,3.0,1000
ORD000997,Returned,2.0,3500
ORD000998,Delivered,12.0,1000
ORD000999,Delivered,14.0,1500
ORD001000,Delivered,13.0,0
ORD001001,Delivered,,0
ORD001002,delivered,1.0,1500
ORD001003,In Transit,4.0,1500
ORD001004,In Transit,10.0,3500
ORD001005,In Transit,4.0,3500
ORD001006,delivered,4.0,1500
ORD001007,Delayed,12.0,2500
ORD001008,Delivered,4.0,2500
ORD001009,DELIVERED,2.0,0
ORD001010,Returned,5.0,0
ORD001011,delivered,11.0,0
ORD001012,,14.0,3500
ORD001013,In Transit,1.0,2500
ORD001014,delivered,7.0,2500
ORD001015,In Transit,,2500
ORD001016,DELIVERED,,2500
ORD001017,Delivered,4.0,0
ORD001018,DELIVERED,,1500
ORD001019,,8.0,3500
ORD001020,Delivered,2.0,3500
ORD001021,In Transit,14.0,1500
ORD001022,Delivered,6.0,0
ORD001023,In Transit,2.0,2500
ORD001024,,3.0,3500
ORD001025,In Transit,13.0,3500
ORD001026,In Transit,8.0,1000
ORD001027,Delivered,,3500
ORD001028,In Transit,3.0,1000
ORD001029,Delayed,12.0,2500
ORD001030,In Transit,2.0,1500
ORD001031,Delivered,7.0,3500
ORD001032,Delivered,9.0,3500
ORD001033,In Transit,9.0,2500
ORD001034,,,2500
ORD001035,Delivered,4.0,1000
ORD001036,Returned,2.0,0
ORD001037,Delivered,6.0,2500
ORD001038,In Transit,5.0,0
ORD001039,Delayed,1.0,1500
ORD001040,Delivered,6.0,2500
ORD001041,delivered,4.0,1500
ORD001042,In Transit,12.0,3500
ORD001043,delivered,,1000
ORD001044,Delayed,,2500
ORD001045,In Transit,3.0,0
ORD001046,Delivered,4.0,2500
ORD001047,Returned,13.0,1000
ORD001048,DELIVERED,9.0,1500
ORD001049,In Transit,12.0,1000
ORD001050,Delivered,3.0,2500
ORD001051,delivered,1.0,2500
ORD001052,Delayed,8.0,1000
ORD001053,delivered,7.0,0
ORD001054,Returned,13.0,3500
ORD001055,Delayed,14.0,1500
ORD001056,In Transit,8.0,0
ORD001057,Delivered,13.0,0
ORD001058,In Transit,11.0,2500
ORD001059,Delivered,8.0,3500
ORD001060,Delayed,14.0,1500
ORD001061,Delivered,12.0,1000
ORD001062,DELIVERED,14.0,0
ORD001063,Delivered,8.0,2500
ORD001064,Delayed,12.0,2500
ORD001065,,9.0,1500
ORD001066,Returned,2.0,1500
ORD001067,,10.0,1000
ORD001068,In Transit,14.0,3500
ORD001069,Returned,6.0,2500
ORD001070,,1.0,1500
ORD001071,,1.0,1000
ORD001072,Delivered,8.0,0
ORD001073,DELIVERED,12.0,2500
ORD001074,,6.0,3500
ORD001075,In Transit,1.0,2500
ORD001076,delivered,7.0,1500
ORD001077,DELIVERED,4.0,1500
ORD001078,Delivered,4.0,3500
ORD001079,Delivered,12.0,1000
ORD001080,,,1000
ORD001081,DELIVERED,5.0,1500
ORD001082,In Transit,,2500
ORD001083,In Transit,12.0,0
ORD001084,delivered,5.0,2500
ORD001085,,8.0,1000
ORD001086,Delayed,2.0,3500
ORD001087,,2.0,1500
ORD001088,Returned,3.0,1000
ORD001089,,7.0,1000
ORD001090,,11.0,3500
ORD001091,,7.0,1500
ORD001092,Delivered,13.0,2500
ORD001093,,2.0,2500
ORD001094,In Transit,11.0,1500
ORD001095,delivered,10.0,1000
ORD001096,Delivered,13.0,1500
ORD001097,Delivered,12.0,0
ORD001098,Delivered,8.0,3500
ORD001099,Returned,10.0,0
ORD001100,Delayed,5.0,3500
ORD001101,delivered,,3500
ORD001102,Delivered,14.0,1000
ORD001103,Delivered,,3500
ORD001104,Delivered,4.0,1000
ORD001105,Returned,,1500
ORD001106,In Transit,4.0,1500
ORD001107,In Transit,11.0,1000
ORD001108,In Transit,,0
ORD001109,Delayed,14.0,2500
ORD001110,In Transit,7.0,1000
ORD001111,delivered,2.0,2500
ORD001112,Delayed,10.0,1500
ORD001113,Delivered,9.0,2500
ORD001114,In Transit,12.0,1000
ORD001115,Returned,1.0,3500
ORD001116,delivered,12.0,0
ORD001117,In Transit,13.0,1000
ORD001118,Delivered,8.0,1500
ORD001119,Delivered,8.0,3500
ORD001120,Returned,8.0,2500
ORD001121,Delivered,7.0,1000
ORD001122,,5.0,2500
ORD001123,Delivered,7.0,2500
ORD001124,delivered,,3500
ORD001125,delivered,,1000
ORD001126,DELIVERED,8.0,1000
ORD001127,delivered,10.0,3500
ORD001128,In Transit,5.0,0
ORD001129,Delivered,4.0,3500
ORD001130,Delivered,,0
ORD001131,,,1500
ORD001132,Delivered,1.0,1500
ORD001133,Returned,2.0,0
ORD001134,In Transit,8.0,1500
ORD001135,Delayed,10.0,1500
ORD001136,,1.0,2500
ORD001137,Delivered,12.0,1000
ORD001138,,,1000
ORD001139,Delayed,,1000
ORD001140,,2.0,1500
ORD001141,In Transit,7.0,0
ORD001142,DELIVERED,13.0,1500
ORD001143,,13.0,1500
ORD001144,In Transit,13.0,1000
ORD001145,Delivered,1.0,1500
ORD001146,Delayed,1.0,1500
ORD001147,delivered,11.0,2500
ORD001148,delivered,5.0,3500
ORD001149,Delivered,1.0,3500
ORD001150,Delivered,,3500
ORD001151,delivered,14.0,1000
ORD001152,,1.0,1000
ORD001153,Delivered,11.0,2500
ORD001154,In Transit,7.0,3500
ORD001155,,8.0,0
ORD001156,delivered,7.0,2500
ORD001157,In Transit,10.0,3500
ORD001158,Delivered,14.0,1000
ORD001159,Returned,8.0,1500
ORD001160,Delivered,8.0,1000
ORD001161,,5.0,0
ORD001162,,3.0,0
ORD001163,In Transit,,2500
ORD001164,Delayed,,0
ORD001165,Returned,6.0,0
ORD001166,DELIVERED,8.0,2500
ORD001167,In Transit,12.0,0
ORD001168,delivered,1.0,2500
ORD001169,delivered,12.0,3500
ORD001170,Delayed,5.0,1000
ORD001171,,8.0,1000
ORD001172,DELIVERED,6.0,0
ORD001173,In Transit,1.0,0
ORD001174,,9.0,1500
ORD001175,Delivered,2.0,2500
ORD001176,,5.0,3500
ORD001177,Delivered,10.0,0
ORD001178,Returned,10.0,3500
ORD001179,delivered,4.0,2500
ORD001180,Returned,5.0,0
ORD001181,,,1500
ORD001182,Delivered,8.0,0
ORD001183,delivered,1.0,2500
ORD001184,DELIVERED,4.0,1000
ORD001185,In Transit,4.0,1000
ORD001186,Delivered,8.0,2500
ORD001187,Delayed,12.0,0
ORD001188,Delivered,5.0,2500
ORD001189,In Transit,9.0,3500
ORD001190,Delivered,5.0,2500
ORD001191,,6.0,1500
ORD001192,In Transit,1.0,2500
ORD001193,In Transit,11.0,1000
ORD001194,Delayed,8.0,0
ORD001195,Delivered,8.0,0
ORD001196,delivered,14.0,0
ORD001197,In Transit,1.0,1500
ORD001198,DELIVERED,10.0,2500
ORD001199,Delivered,10.0,0
ORD001200,DELIVERED,8.0,1500
ORD001201,delivered,,3500
ORD001202,Returned,4.0,1500
ORD001203,In Transit,8.0,2500
ORD001204,delivered,3.0,0
ORD001205,DELIVERED,,2500
ORD001206,Returned,1.0,1000
ORD001207,Delivered,3.0,0
ORD001208,Delivered,8.0,1500
ORD001209,Delayed,,2500
ORD001210,delivered,9.0,0
ORD001211,,13.0,1500
ORD001212,Delivered,6.0,1000
ORD001213,delivered,4.0,2500
ORD001214,In Transit,6.0,1500
ORD001215,,,1000
ORD001216,Delayed,14.0,1000
ORD001217,Returned,5.0,2500
ORD001218,DELIVERED,5.0,3500
ORD001219,delivered,3.0,1000
ORD001220,Delayed,9.0,0
ORD001221,In Transit,7.0,2500
ORD001222,Delivered,2.0,1500
ORD001223,,11.0,0
ORD001224,,11.0,1500
ORD001225,Delivered,2.0,1500
ORD001226,Delivered,6.0,0
ORD001227,Delivered,7.0,3500
ORD001228,Delayed,12.0,0
ORD001229,In Transit,2.0,0
ORD001230,Delivered,8.0,1500
ORD001231,In Transit,3.0,2500
ORD001232,Returned,9.0,0
ORD001233,Returned,3.0,1500
ORD001234,Delivered,7.0,3500
ORD001235,In Transit,2.0,3500
ORD001236,delivered,5.0,1500
ORD001237,,5.0,2500
ORD001238,Delivered,5.0,1500
ORD001239,In Transit,1.0,1500
ORD001240,Delayed,12.0,1000
ORD001241,delivered,4.0,3500
ORD001242,DELIVERED,4.0,1500
ORD001243,Delivered,3.0,3500
ORD001244,Delayed,2.0,0
ORD001245,DELIVERED,4.0,1000
ORD001246,Delivered,4.0,3500
ORD001247,Delayed,2.0,1500
ORD001248,Returned,9.0,0
ORD001249,delivered,10.0,2500
ORD001250,In Transit,12.0,1000
ORD001251,delivered,8.0,0
ORD001252,Delayed,3.0,3500
ORD001253,In Transit,4.0,2500
ORD001254,Delivered,13.0,3500
ORD001255,,6.0,1000
ORD001256,DELIVERED,14.0,1500
ORD001257,,14.0,1000
ORD001258,Delayed,14.0,1500
ORD001259,In Transit,,2500
ORD001260,,12.0,3500
ORD001261,delivered,8.0,2500
ORD001262,Delivered,9.0,1000
ORD001263,Delivered,10.0,1000
ORD001264,delivered,3.0,1000
ORD001265,In Transit,3.0,2500
ORD001266,Delayed,8.0,2500
ORD001267,DELIVERED,11.0,2500
ORD001268,,9.0,3500
ORD001269,In Transit,7.0,3500
ORD001270,,11.0,0
ORD001271,,8.0,1000
ORD001272,,9.0,1000
ORD001273,In Transit,,1000
ORD001274,DELIVERED,11.0,2500
ORD001275,Returned,,1000
ORD001276,delivered,8.0,2500
ORD001277,,,3500
ORD001278,delivered,5.0,2500
ORD001279,DELIVERED,13.0,0
ORD001280,,13.0,2500
ORD001281,Delivered,13.0,1500
ORD001282,delivered,7.0,2500
ORD001283,Delivered,5.0,0
ORD001284,Delivered,14.0,2500
ORD001285,delivered,,1500
ORD001286,Returned,10.0,0
ORD001287,,9.0,2500
ORD001288,Returned,14.0,1000
ORD001289,Delayed,4.0,1500
ORD001290,Delivered,9.0,3500
ORD001291,DELIVERED,8.0,1000
ORD001292,Returned,2.0,3500
ORD001293,,4.0,1000
ORD001294,,2.0,1000
ORD001295,In Transit,,1000
ORD001296,Delivered,3.0,2500
ORD001297,Returned,8.0,3500
ORD001298,Returned,13.0,0
ORD001299,DELIVERED,8.0,3500
ORD001300,Delivered,5.0,0
ORD001301,Returned,5.0,0
ORD001302,Returned,12.0,1000
ORD001303,Delayed,,0
ORD001304,delivered,8.0,1000
ORD001305,In Transit,14.0,2500
ORD001306,Delivered,11.0,1500
ORD001307,In Transit,1.0,1000
ORD001308,delivered,13.0,1000
ORD001309,Delivered,5.0,1500
ORD001310,In Transit,4.0,1000
ORD001311,DELIVERED,11.0,2500
ORD001312,Returned,1.0,1000
ORD001313,Returned,13.0,1000
ORD001314,,,2500
ORD001315,In Transit,2.0,3500
ORD001316,Returned,10.0,1000
ORD001317,,7.0,1000
ORD001318,Returned,4.0,0
ORD001319,Delivered,11.0,3500
ORD001320,In Transit,9.0,1000
ORD001321,In Transit,8.0,1500
ORD001322,delivered,13.0,1000
ORD001323,Delivered,8.0,3500
ORD001324,Returned,2.0,2500
ORD001325,Delivered,,2500
ORD001326,Delivered,14.0,2500
ORD001327,In Transit,2.0,3500
ORD001328,Delivered,13.0,2500
ORD001329,,3.0,0
ORD001330,Delivered,2.0,1000
ORD001331,In Transit,14.0,3500
ORD001332,Delayed,14.0,3500
ORD001333,DELIVERED,3.0,0
ORD001334,DELIVERED,13.0,1000
ORD001335,Returned,6.0,0
ORD001336,Returned,13.0,2500
ORD001337,,,3500
ORD001338,Returned,5.0,1500
ORD001339,In Transit,7.0,2500
ORD001340,DELIVERED,3.0,3500
ORD001341,DELIVERED,12.0,3500
ORD001342,,10.0,1000
ORD001343,Returned,12.0,1000
ORD001344,Delivered,9.0,1500
ORD001345,Returned,10.0,1500
ORD001346,Delayed,9.0,1000
ORD001347,delivered,7.0,0
ORD001348,delivered,,2500
ORD001349,Returned,6.0,2500
ORD001350,Returned,4.0,3500
ORD001351,,1.0,1500
ORD001352,delivered,8.0,0
ORD001353,In Transit,9.0,2500
ORD001354,delivered,4.0,3500
ORD001355,In Transit,4.0,0
ORD001356,delivered,12.0,1000
ORD001357,Delivered,2.0,2500
ORD001358,Delayed,,0
ORD001359,Returned,3.0,3500
ORD001360,In Transit,7.0,1000
ORD001361,DELIVERED,7.0,1000
ORD001362,Delivered,4.0,0
ORD001363,DELIVERED,2.0,1500
ORD001364,Delivered,6.0,0
ORD001365,Returned,12.0,3500
ORD001366,DELIVERED,12.0,1500
ORD001367,,10.0,3500
ORD001368,Returned,1.0,2500
ORD001369,DELIVERED,7.0,2500
ORD001370,In Transit,6.0,2500
ORD001371,,10.0,3500
ORD001372,In Transit,11.0,1500
ORD001373,delivered,2.0,1000
ORD001374,In Transit,9.0,0
ORD001375,In Transit,8.0,1500
ORD001376,Returned,,2500
ORD001377,Delivered,,0
ORD001378,,,1500
ORD001379,,3.0,1000
ORD001380,,2.0,0
ORD001381,Delivered,6.0,0
ORD001382,delivered,12.0,0
ORD001383,In Transit,5.0,1500
ORD001384,,5.0,0
ORD001385,In Transit,,2500
ORD001386,In Transit,4.0,3500
ORD001387,In Transit,7.0,2500
ORD001388,Returned,,3500
ORD001389,,8.0,3500
ORD001390,Delivered,,1500
ORD001391,delivered,10.0,0
ORD001392,Delivered,7.0,3500
ORD001393,,6.0,1000
ORD001394,In Transit,11.0,1500
ORD001395,Delivered,5.0,2500
ORD001396,Returned,7.0,3500
ORD001397,,,2500
ORD001398,Delivered,7.0,3500
ORD001399,Returned,10.0,1000
ORD001400,,12.0,3500
ORD001401,Delayed,5.0,0
ORD001402,delivered,2.0,1000
ORD001403,In Transit,7.0,2500
ORD001404,Delivered,9.0,3500
ORD001405,In Transit,1.0,0
ORD001406,Delivered,10.0,0
ORD001407,Delivered,1.0,2500
ORD001408,DELIVERED,4.0,1500
ORD001409,Delayed,2.0,0
ORD001410,Delayed,14.0,1500
ORD001411,In Transit,3.0,2500
ORD001412,,1.0,0
ORD001413,Delivered,3.0,1500
ORD001414,delivered,4.0,0
ORD001415,delivered,4.0,3500
ORD001416,Delivered,8.0,2500
ORD001417,Returned,10.0,0
ORD001418,delivered,13.0,3500
ORD001419,In Transit,12.0,0
ORD001420,Delivered,5.0,0
ORD001421,DELIVERED,7.0,2500
ORD001422,In Transit,4.0,0
ORD001423,Delivered,2.0,1000
ORD001424,Delivered,3.0,1500
ORD001425,delivered,1.0,0
ORD001426,,6.0,0
ORD001427,,1.0,1500
ORD001428,Delayed,,2500
ORD001429,DELIVERED,3.0,3500
ORD001430,Returned,2.0,0
ORD001431,In Transit,9.0,2500
ORD001432,Delayed,,1500
ORD001433,Delivered,9.0,1500
ORD001434,,12.0,1000
ORD001435,Delivered,8.0,2500
ORD001436,Returned,,3500
ORD001437,,14.0,1500
ORD001438,delivered,12.0,1500
ORD001439,Delayed,4.0,3500
ORD001440,Delivered,2.0,3500
ORD001441,Returned,12.0,1000
ORD001442,Delivered,,2500
ORD001443,Delivered,11.0,1500
ORD001444,DELIVERED,5.0,2500
ORD001445,Returned,13.0,0
ORD001446,DELIVERED,13.0,1000
ORD001447,delivered,,0
ORD001448,In Transit,4.0,2500
ORD001449,Delivered,3.0,0
ORD001450,In Transit,8.0,3500
ORD001451,,6.0,2500
ORD001452,,4.0,0
ORD001453,,9.0,1500
ORD001454,Delayed,3.0,3500
ORD001455,delivered,1.0,1500
ORD001456,Returned,9.0,2500
ORD001457,Delayed,5.0,3500
ORD001458,,10.0,3500
ORD001459,Returned,4.0,1000
ORD001460,,,3500
ORD001461,,6.0,1500
ORD001462,Delayed,4.0,2500
ORD001463,DELIVERED,,1000
ORD001464,Delivered,,1500
ORD001465,,8.0,3500
ORD001466,,6.0,0
ORD001467,delivered,12.0,2500
ORD001468,Delivered,13.0,1000
ORD001469,DELIVERED,9.0,1000
ORD001470,Delivered,10.0,1000
ORD001471,In Transit,,3500
ORD001472,Delayed,5.0,1000
ORD001473,Delivered,2.0,0
ORD001474,Returned,13.0,3500
ORD001475,In Transit,,3500
ORD001476,Delayed,,1000
ORD001477,In Transit,6.0,3500
ORD001478,delivered,11.0,1000
ORD001479,delivered,9.0,0
ORD001480,delivered,,1500
ORD001481,,6.0,0
ORD001482,Delayed,9.0,1000
ORD001483,In Transit,,2500
ORD001484,Delivered,4.0,2500
ORD001485,delivered,8.0,2500
ORD001486,,4.0,1500
ORD001487,,12.0,1000
ORD001488,In Transit,2.0,0
ORD001489,delivered,10.0,1000
ORD001490,Delayed,,3500
ORD001491,In Transit,10.0,2500
ORD001492,DELIVERED,6.0,1000
ORD001493,In Transit,13.0,1500
ORD001494,In Transit,14.0,1000
ORD001495,,,1500
ORD001496,In Transit,3.0,0
ORD001497,In Transit,13.0,3500
ORD001498,In Transit,7.0,0
ORD001499,In Transit,11.0,0
ORD001500,In Transit,12.0,1500
ORD001501,DELIVERED,13.0,3500
ORD001502,Delivered,14.0,1500
ORD001503,Delivered,6.0,3500
ORD001504,In Transit,2.0,1500
ORD001505,In Transit,12.0,3500
ORD001506,,,2500
ORD001507,In Transit,9.0,1000
ORD001508,Delivered,12.0,0
ORD001509,DELIVERED,3.0,1000
ORD001510,In Transit,5.0,1000
ORD001511,Delayed,13.0,3500
ORD001512,Delivered,2.0,1000
ORD001513,Returned,1.0,1500
ORD001514,Delayed,13.0,1000
ORD001515,delivered,9.0,3500
ORD001516,DELIVERED,,2500
ORD001517,In Transit,9.0,3500
ORD001518,Returned,2.0,3500
ORD001519,DELIVERED,12.0,1000
ORD001520,In Transit,,0
ORD001521,Returned,11.0,2500
ORD001522,In Transit,4.0,1500
ORD001523,,7.0,2500
ORD001524,delivered,3.0,2500
ORD001525,In Transit,5.0,1000
ORD001526,,1.0,1000
ORD001527,Delivered,2.0,3500
ORD001528,,13.0,1000
ORD001529,,14.0,3500
ORD001530,,9.0,2500
ORD001531,,,3500
ORD001532,In Transit,11.0,0
ORD001533,DELIVERED,12.0,1000
ORD001534,In Transit,13.0,1500
ORD001535,Delivered,,1500
ORD001536,,11.0,0
ORD001537,Delayed,10.0,2500
ORD001538,Delivered,7.0,2500
ORD001539,Delivered,2.0,1500
ORD001540,In Transit,12.0,1000
ORD001541,,5.0,1500
ORD001542,Delayed,10.0,0
ORD001543,In Transit,12.0,3500
ORD001544,Delayed,8.0,1000
ORD001545,DELIVERED,4.0,1000
ORD001546,,11.0,1500
ORD001547,,12.0,2500
ORD001548,,2.0,0
ORD001549,Delivered,12.0,1500
ORD001550,Delayed,13.0,1500
ORD001551,Delayed,,1000
ORD001552,,4.0,2500
ORD001553,Returned,12.0,2500
ORD001554,In Transit,11.0,3500
ORD001555,In Transit,8.0,0
ORD001556,Delayed,4.0,1000
ORD001557,,11.0,0
ORD001558,Delivered,4.0,2500
ORD001559,Delayed,14.0,2500
ORD001560,In Transit,12.0,1500
ORD001561,Returned,5.0,3500
ORD001562,Delayed,2.0,1000
ORD001563,Delivered,,0
ORD001564,In Transit,3.0,0
ORD001565,delivered,5.0,1500
ORD001566,In Transit,,3500
ORD001567,In Transit,11.0,3500
ORD001568,Returned,8.0,0
ORD001569,Delivered,2.0,1500
ORD001570,Delayed,12.0,1000
ORD001571,Returned,4.0,2500
ORD001572,Delivered,13.0,0
ORD001573,Returned,11.0,3500
ORD001574,In Transit,10.0,1000
ORD001575,Returned,13.0,1500
ORD001576,,10.0,1000
ORD001577,Delivered,,1000
ORD001578,Returned,5.0,1500
ORD001579,Delivered,13.0,2500
ORD001580,,5.0,0
ORD001581,,14.0,1000
ORD001582,In Transit,10.0,1500
ORD001583,In Transit,14.0,1500
ORD001584,,13.0,0
ORD001585,delivered,8.0,1000
ORD001586,Delayed,1.0,0
ORD001587,delivered,6.0,1000
ORD001588,,11.0,3500
ORD001589,Returned,9.0,3500
ORD001590,Delayed,14.0,1500
ORD001591,,2.0,3500
ORD001592,In Transit,4.0,2500
ORD001593,In Transit,7.0,1000
ORD001594,delivered,14.0,1000
ORD001595,Returned,9.0,3500
ORD001596,delivered,,1000
ORD001597,Delayed,5.0,0
ORD001598,DELIVERED,6.0,1500
ORD001599,delivered,8.0,3500
ORD001600,Delivered,14.0,0
ORD001601,,8.0,0
ORD001602,DELIVERED,10.0,2500
ORD001603,In Transit,12.0,3500
ORD001604,Returned,1.0,0
ORD001605,In Transit,7.0,1500
ORD001606,Returned,9.0,1500
ORD001607,Delivered,,3500
ORD001608,delivered,14.0,2500
ORD001609,DELIVERED,2.0,2500
ORD001610,Delivered,,3500
ORD001611,Delayed,12.0,0
ORD001612,,14.0,2500
ORD001613,delivered,8.0,1000
ORD001614,Delayed,14.0,2500
ORD001615,,1.0,1500
ORD001616,In Transit,6.0,1500
ORD001617,,9.0,3500
ORD001618,delivered,7.0,1000
ORD001619,DELIVERED,13.0,3500
ORD001620,Delayed,12.0,1000
ORD001621,Delivered,3.0,1500
ORD001622,delivered,13.0,1500
ORD001623,delivered,5.0,3500
ORD001624,,4.0,0
ORD001625,Delivered,4.0,3500
ORD001626,In Transit,,1500
ORD001627,Delivered,1.0,0
ORD001628,Delivered,12.0,1500
ORD001629,Returned,12.0,0
ORD001630,,1.0,1500
ORD001631,,6.0,3500
ORD001632,In Transit,5.0,1500
ORD001633,DELIVERED,,1500
ORD001634,,4.0,2500
ORD001635,DELIVERED,14.0,0
ORD001636,Delivered,11.0,1500
ORD001637,DELIVERED,13.0,3500
ORD001638,In Transit,3.0,2500
ORD001639,Delivered,2.0,2500
ORD001640,,9.0,3500
ORD001641,Delayed,14.0,1000
ORD001642,Delivered,4.0,2500
ORD001643,delivered,1.0,0
ORD001644,In Transit,4.0,1000
ORD001645,In Transit,2.0,2500
ORD001646,delivered,2.0,1000
ORD001647,In Transit,10.0,0
ORD001648,Delayed,7.0,0
ORD001649,In Transit,,3500
ORD001650,Delivered,11.0,3500
ORD001651,DELIVERED,1.0,2500
ORD001652,Delayed,11.0,1000
ORD001653,,9.0,1500
ORD001654,Delivered,12.0,0
ORD001655,In Transit,13.0,1000
ORD001656,,13.0,3500
ORD001657,DELIVERED,7.0,1500
ORD001658,delivered,10.0,3500
ORD001659,In Transit,12.0,3500
ORD001660,In Transit,2.0,3500
ORD001661,Delivered,12.0,3500
ORD001662,,7.0,1500
ORD001663,delivered,13.0,0
ORD001664,Returned,12.0,0
ORD001665,Delivered,14.0,1500
ORD001666,Returned,8.0,3500
ORD001667,DELIVERED,8.0,3500
ORD001668,,3.0,0
ORD001669,Delayed,5.0,1000
ORD001670,Delayed,13.0,1000
ORD001671,DELIVERED,14.0,1500
ORD001672,In Transit,11.0,3500
ORD001673,Returned,4.0,3500
ORD001674,Delivered,8.0,2500
ORD001675,Delayed,14.0,2500
ORD001676,,8.0,2500
ORD001677,In Transit,4.0,3500
ORD001678,Delivered,2.0,1500
ORD001679,In Transit,8.0,2500
ORD001680,Returned,2.0,2500
ORD001681,In Transit,9.0,0
ORD001682,In Transit,7.0,2500
ORD001683,Returned,11.0,0
ORD001684,Delivered,12.0,1500
ORD001685,Delivered,9.0,1500
ORD001686,Delivered,14.0,1500
ORD001687,In Transit,3.0,0
ORD001688,Delivered,6.0,3500
ORD001689,Returned,8.0,2500
ORD001690,In Transit,5.0,2500
ORD001691,delivered,1.0,1000
ORD001692,In Transit,,2500
ORD001693,Delivered,14.0,0
ORD001694,Delivered,8.0,1000
ORD001695,Delayed,8.0,1000
ORD001696,DELIVERED,13.0,1000
ORD001697,In Transit,12.0,1000
ORD001698,,1.0,2500
ORD001699,Delivered,8.0,3500
ORD001700,In Transit,9.0,0
ORD001701,,10.0,1000
ORD001702,Delayed,,3500
ORD001703,,4.0,1500
ORD001704,Delivered,4.0,2500
ORD001705,In Transit,5.0,2500
ORD001706,DELIVERED,6.0,0
ORD001707,,6.0,3500
ORD001708,,1.0,1000
ORD001709,In Transit,12.0,1000
ORD001710,Returned,2.0,0
ORD001711,Delivered,11.0,0
ORD001712,In Transit,6.0,1000
ORD001713,,,3500
ORD001714,Delivered,11.0,3500
ORD001715,,12.0,0
ORD001716,DELIVERED,3.0,1500
ORD001717,Delivered,1.0,2500
ORD001718,DELIVERED,10.0,0
ORD001719,delivered,2.0,0
ORD001720,Delivered,9.0,0
ORD001721,Delayed,8.0,2500
ORD001722,Delivered,10.0,2500
ORD001723,Delivered,2.0,2500
ORD001724,Delivered,4.0,1000
ORD001725,DELIVERED,,0
ORD001726,In Transit,4.0,1000
ORD001727,DELIVERED,3.0,1500
ORD001728,In Transit,3.0,3500
ORD001729,Delayed,5.0,2500
ORD001730,Delivered,,2500
ORD001731,Delivered,7.0,0
ORD001732,In Transit,11.0,1500
ORD001733,Delivered,7.0,1500
ORD001734,DELIVERED,6.0,1500
ORD001735,,1.0,1000
ORD001736,Returned,12.0,1000
ORD001737,delivered,7.0,1000
ORD001738,,2.0,1000
ORD001739,Delivered,6.0,0
ORD001740,DELIVERED,14.0,1500
ORD001741,DELIVERED,6.0,0
ORD001742,Delivered,2.0,0
ORD001743,In Transit,14.0,1500
ORD001744,In Transit,,2500
ORD001745,In Transit,6.0,1500
ORD001746,,7.0,0
ORD001747,In Transit,12.0,0
ORD001748,,9.0,1000
ORD001749,Delivered,9.0,2500
ORD001750,delivered,1.0,1500
ORD001751,Delayed,,3500
ORD001752,Delivered,11.0,1000
ORD001753,DELIVERED,13.0,3500
ORD001754,delivered,,3500
ORD001755,Returned,9.0,1500
ORD001756,delivered,14.0,2500
ORD001757,In Transit,1.0,0
ORD001758,Delayed,4.0,3500
ORD001759,Delivered,,1500
ORD001760,In Transit,8.0,3500
ORD001761,,5.0,1500
ORD001762,Delivered,3.0,2500
ORD001763,delivered,4.0,1000
ORD001764,In Transit,11.0,3500
ORD001765,,7.0,0
ORD001766,Delivered,11.0,1500
ORD001767,In Transit,2.0,0
ORD001768,delivered,13.0,1000
ORD001769,,,3500
ORD001770,DELIVERED,2.0,2500
ORD001771,delivered,8.0,1000
ORD001772,In Transit,7.0,1500
ORD001773,Returned,,3500
ORD001774,In Transit,5.0,2500
ORD001775,Delivered,,1000
ORD001776,In Transit,2.0,0
ORD001777,Delivered,6.0,3500
ORD001778,In Transit,11.0,1500
ORD001779,,13.0,1500
ORD001780,Delivered,14.0,1500
ORD001781,In Transit,6.0,0
ORD001782,Delivered,8.0,1000
ORD001783,In Transit,2.0,1000
ORD001784,delivered,,1500
ORD001785,Delivered,7.0,1000
ORD001786,delivered,3.0,3500
ORD001787,,13.0,0
ORD001788,Delayed,,3500
ORD001789,In Transit,14.0,3500
ORD001790,Delayed,12.0,2500
ORD001791,Delivered,11.0,1500
ORD001792,In Transit,5.0,1500
ORD001793,In Transit,9.0,2500
ORD001794,In Transit,,3500
ORD001795,delivered,3.0,0
ORD001796,In Transit,2.0,1000
ORD001797,,11.0,0
ORD001798,Delivered,11.0,0
ORD001799,DELIVERED,1.0,0
ORD001800,Delivered,10.0,1000
ORD001801,,9.0,1000
ORD001802,Returned,2.0,0
ORD001803,In Transit,9.0,2500
ORD001804,Delivered,1.0,1000
ORD001805,Delivered,13.0,1000
ORD001806,DELIVERED,13.0,1000
ORD001807,Delayed,3.0,2500
ORD001808,Delivered,2.0,1000
ORD001809,Returned,11.0,0
ORD001810,Delivered,2.0,1000
ORD001811,Delivered,14.0,1000
ORD001812,,,0
ORD001813,delivered,10.0,1500
ORD001814,,13.0,1000
ORD001815,Delivered,11.0,3500
ORD001816,,14.0,1000
ORD001817,Delivered,8.0,0
ORD001818,Delayed,12.0,2500
ORD001819,Returned,12.0,0
ORD001820,In Transit,1.0,1500
ORD001821,,1.0,1500
ORD001822,delivered,7.0,3500
ORD001823,delivered,,2500
ORD001824,,,0
ORD001825,Returned,2.0,2500
ORD001826,Delivered,4.0,3500
ORD001827,Delivered,7.0,3500
ORD001828,Returned,3.0,2500
ORD001829,Returned,2.0,1500
ORD001830,Delayed,7.0,1500
ORD001831,,4.0,0
ORD001832,delivered,13.0,1000
ORD001833,In Transit,12.0,3500
ORD001834,,4.0,1500
ORD001835,In Transit,8.0,1500
ORD001836,delivered,12.0,0
ORD001837,DELIVERED,6.0,0
ORD001838,In Transit,6.0,1000
ORD001839,In Transit,9.0,0
ORD001840,,5.0,0
ORD001841,In Transit,14.0,3500
ORD001842,In Transit,1.0,0
ORD001843,In Transit,1.0,1000
ORD001844,,1.0,1000
ORD001845,Delivered,4.0,1000
ORD001846,,1.0,3500
ORD001847,In Transit,1.0,1000
ORD001848,,,0
ORD001849,In Transit,13.0,2500
ORD001850,Delivered,9.0,1000
ORD001851,,2.0,1000
ORD001852,In Transit,4.0,0
ORD001853,,11.0,0
ORD001854,delivered,2.0,1500
ORD001855,Delayed,9.0,3500
ORD001856,Delayed,6.0,1500
ORD001857,,5.0,2500
ORD001858,Delivered,6.0,1500
ORD001859,In Transit,5.0,0
ORD001860,,7.0,0
ORD001861,Delivered,11.0,2500
ORD001862,Returned,3.0,0
ORD001863,DELIVERED,1.0,1000
ORD001864,Delivered,11.0,1500
ORD001865,Delivered,11.0,3500
ORD001866,,5.0,3500
ORD001867,,13.0,1500
ORD001868,In Transit,5.0,2500
ORD001869,In Transit,14.0,0
ORD001870,delivered,8.0,3500
ORD001871,Returned,8.0,1500
ORD001872,DELIVERED,12.0,1500
ORD001873,Delayed,14.0,3500
ORD001874,DELIVERED,7.0,1000
ORD001875,In Transit,8.0,2500
ORD001876,delivered,1.0,0
ORD001877,Delivered,7.0,3500
ORD001878,,7.0,1000
ORD001879,Delivered,4.0,2500
ORD001880,Delayed,7.0,1500
ORD001881,Delivered,11.0,3500
ORD001882,Delivered,6.0,2500
ORD001883,Delivered,10.0,2500
ORD001884,In Transit,1.0,1500
ORD001885,Delivered,12.0,1000
ORD001886,DELIVERED,5.0,0
ORD001887,DELIVERED,6.0,1000
ORD001888,Delayed,11.0,3500
ORD001889,Delivered,7.0,1000
ORD001890,Delivered,9.0,3500
ORD001891,Delayed,8.0,2500
ORD001892,In Transit,13.0,2500
ORD001893,Delayed,6.0,1500
ORD001894,,11.0,2500
ORD001895,Returned,,2500
ORD001896,delivered,3.0,3500
ORD001897,Delivered,4.0,3500
ORD001898,In Transit,14.0,3500
ORD001899,Delivered,6.0,1500
ORD001900,delivered,10.0,3500
ORD001901,,,2500
ORD001902,,12.0,1500
ORD001903,In Transit,7.0,1500
ORD001904,delivered,3.0,1500
ORD001905,,8.0,1000
ORD001906,Returned,5.0,0
ORD001907,Delivered,7.0,1500
ORD001908,delivered,11.0,0
ORD001909,DELIVERED,9.0,2500
ORD001910,Returned,8.0,0
ORD001911,,14.0,3500
ORD001912,,3.0,2500
ORD001913,Returned,4.0,2500
ORD001914,delivered,10.0,1500
ORD001915,DELIVERED,3.0,2500
ORD001916,Returned,,1000
ORD001917,Delivered,,2500
ORD001918,In Transit,6.0,1500
ORD001919,In Transit,7.0,3500
ORD001920,Delivered,8.0,3500
ORD001921,Delivered,7.0,3500
ORD001922,delivered,5.0,2500
ORD001923,,1.0,1500
ORD001924,Returned,5.0,2500
ORD001925,Returned,1.0,1000
ORD001926,,3.0,2500
ORD001927,Delivered,6.0,1500
ORD001928,Delayed,5.0,0
ORD001929,Delivered,3.0,3500
ORD001930,Delivered,7.0,1000
ORD001931,Delivered,4.0,1000
ORD001932,In Transit,14.0,3500
ORD001933,DELIVERED,3.0,1500
ORD001934,In Transit,4.0,1500
ORD001935,Delivered,5.0,3500
ORD001936,In Transit,5.0,1000
ORD001937,Delivered,3.0,3500
ORD001938,Delivered,10.0,3500
ORD001939,Delivered,12.0,1000
ORD001940,Delivered,1.0,1000
ORD001941,Delayed,4.0,3500
ORD001942,Returned,9.0,1500
ORD001943,,,3500
ORD001944,Delivered,2.0,1000
ORD001945,Delivered,10.0,0
ORD001946,delivered,12.0,2500
ORD001947,Delivered,8.0,0
ORD001948,delivered,14.0,1000
ORD001949,,1.0,1500
ORD001950,,1.0,0
ORD001951,Delivered,1.0,0
ORD001952,In Transit,14.0,1500
ORD001953,Delivered,7.0,3500
ORD001954,Returned,4.0,2500
ORD001955,Returned,6.0,0
ORD001956,,7.0,1000
ORD001957,delivered,11.0,0
ORD001958,delivered,9.0,3500
ORD001959,Delivered,5.0,3500
ORD001960,Delivered,9.0,0
ORD001961,DELIVERED,8.0,3500
ORD001962,In Transit,14.0,3500
ORD001963,DELIVERED,1.0,1500
ORD001964,Delayed,5.0,1500
ORD001965,DELIVERED,12.0,0
ORD001966,DELIVERED,,1500
ORD001967,,9.0,1500
ORD001968,Delayed,,0
ORD001969,Returned,,2500
ORD001970,Delivered,3.0,3500
ORD001971,Delivered,6.0,1500
ORD001972,delivered,4.0,1000
ORD001973,In Transit,3.0,1000
ORD001974,In Transit,9.0,1000
ORD001975,In Transit,1.0,1500
ORD001976,delivered,2.0,2500
ORD001977,In Transit,5.0,1000
ORD001978,Delayed,12.0,0
ORD001979,Delivered,11.0,1500
ORD001980,Delayed,1.0,1500
ORD001981,Returned,13.0,3500
ORD001982,Delivered,8.0,3500
ORD001983,Delivered,8.0,3500
ORD001984,In Transit,6.0,1000
ORD001985,Delayed,9.0,1000
ORD001986,Delayed,5.0,1000
ORD001987,Delivered,14.0,1500
ORD001988,In Transit,14.0,1500
ORD001989,,9.0,2500
ORD001990,delivered,12.0,2500
ORD001991,Delivered,10.0,1500
ORD001992,Delivered,3.0,2500
ORD001993,Delayed,9.0,3500
ORD001994,,5.0,3500
ORD001995,Returned,10.0,1500
ORD001996,In Transit,11.0,3500
ORD001997,Delivered,13.0,2500
ORD001998,,6.0,0
ORD001999,In Transit,2.0,1000
ORD002000,,5.0,1500
ORD002001,Delivered,14.0,2500
ORD002002,delivered,12.0,1000
ORD002003,Delivered,11.0,0
ORD002004,Returned,11.0,1500
ORD002005,In Transit,8.0,1000
ORD002006,In Transit,8.0,0
ORD002007,In Transit,3.0,2500
ORD002008,,12.0,3500
ORD002009,Returned,10.0,0
ORD002010,,12.0,0
ORD002011,DELIVERED,,1000
ORD002012,,1.0,2500
ORD002013,Delivered,14.0,2500
ORD002014,,3.0,2500
ORD002015,DELIVERED,11.0,0
ORD002016,Delivered,1.0,2500
ORD002017,Returned,9.0,3500
ORD002018,Delivered,3.0,0
ORD002019,DELIVERED,11.0,1500
ORD002020,delivered,14.0,2500
ORD002021,In Transit,8.0,2500
ORD002022,Delayed,13.0,3500
ORD002023,,3.0,1500
ORD002024,Returned,2.0,2500
ORD002025,Delivered,6.0,3500
ORD002026,delivered,1.0,3500
ORD002027,,,3500
ORD002028,Delayed,11.0,2500
ORD002029,delivered,14.0,2500
ORD002030,,8.0,1000
ORD002031,In Transit,13.0,0
ORD002032,,3.0,1000
ORD002033,DELIVERED,2.0,3500
ORD002034,Returned,14.0,1500
ORD002035,Delivered,7.0,2500
ORD002036,DELIVERED,11.0,1000
ORD002037,In Transit,1.0,1500
ORD002038,In Transit,13.0,1500
ORD002039,In Transit,10.0,1500
ORD002040,In Transit,5.0,1000
ORD002041,delivered,3.0,1000
ORD002042,Returned,14.0,3500
ORD002043,Delivered,7.0,1500
ORD002044,,12.0,2500
ORD002045,Delayed,7.0,2500
ORD002046,,2.0,1500
ORD002047,DELIVERED,11.0,1500
ORD002048,In Transit,3.0,0
ORD002049,In Transit,1.0,1000
ORD002050,In Transit,12.0,3500
ORD002051,Delivered,13.0,1000
ORD002052,In Transit,8.0,0
ORD002053,In Transit,11.0,1000
ORD002054,delivered,,0
ORD002055,Delivered,9.0,0
ORD002056,Delayed,,1500
ORD002057,delivered,1.0,2500
ORD002058,Delivered,4.0,3500
ORD002059,Delivered,6.0,1000
ORD002060,Returned,13.0,2500
ORD002061,Delivered,7.0,0
ORD002062,Delivered,12.0,2500
ORD002063,Returned,4.0,0
ORD002064,delivered,12.0,1000
ORD002065,,1.0,1000
ORD002066,delivered,13.0,1500
ORD002067,In Transit,,1000
ORD002068,Delivered,8.0,0
ORD002069,Returned,1.0,1000
ORD002070,Returned,13.0,1500
ORD002071,delivered,12.0,2500
ORD002072,delivered,3.0,0
ORD002073,delivered,8.0,1500
ORD002074,In Transit,10.0,3500
ORD002075,Delivered,14.0,1500
ORD002076,Delivered,4.0,1000
ORD002077,Delivered,2.0,3500
ORD002078,Delivered,12.0,2500
ORD002079,delivered,10.0,3500
ORD002080,delivered,7.0,1000
ORD002081,,7.0,3500
ORD002082,In Transit,,3500
ORD002083,Delivered,11.0,1000
ORD002084,DELIVERED,7.0,3500
ORD002085,In Transit,10.0,3500
ORD002086,In Transit,7.0,1500
ORD002087,Delivered,14.0,1000
ORD002088,Delivered,8.0,1500
ORD002089,Delivered,7.0,2500
ORD002090,delivered,3.0,3500
ORD002091,,9.0,1500
ORD002092,In Transit,7.0,1000
ORD002093,Delivered,9.0,1000
ORD002094,Delivered,8.0,0
ORD002095,delivered,14.0,3500
ORD002096,DELIVERED,3.0,1500
ORD002097,,2.0,3500
ORD002098,Returned,11.0,0
ORD002099,Delivered,4.0,1500
ORD002100,delivered,5.0,1500
ORD002101,In Transit,5.0,2500
ORD002102,delivered,1.0,1500
ORD002103,In Transit,7.0,1500
ORD002104,,14.0,1000
ORD002105,Delayed,14.0,1500
ORD002106,Delayed,9.0,3500
ORD002107,In Transit,14.0,0
ORD002108,In Transit,,2500
ORD002109,In Transit,13.0,1000
ORD002110,In Transit,3.0,1500
ORD002111,DELIVERED,10.0,0
ORD002112,In Transit,7.0,0
ORD002113,Delayed,1.0,0
ORD002114,delivered,8.0,1000
ORD002115,Returned,6.0,3500
ORD002116,Returned,3.0,2500
ORD002117,Delivered,2.0,1500
ORD002118,In Transit,5.0,1000
ORD002119,Delayed,2.0,2500
ORD002120,In Transit,10.0,0
ORD002121,Delivered,12.0,1500
ORD002122,,12.0,1500
ORD002123,Delayed,7.0,1000
ORD002124,Delivered,,1500
ORD002125,In Transit,1.0,1500
ORD002126,In Transit,11.0,2500
ORD002127,Delivered,1.0,2500
ORD002128,Delayed,14.0,1500
ORD002129,DELIVERED,1.0,2500
ORD002130,Delivered,2.0,2500
ORD002131,Delayed,,1500
ORD002132,Returned,8.0,1500
ORD002133,Delivered,3.0,0
ORD002134,In Transit,10.0,1500
ORD002135,Delivered,1.0,1500
ORD002136,delivered,13.0,2500
ORD002137,Delivered,12.0,1500
ORD002138,Delivered,2.0,1000
ORD002139,In Transit,2.0,1000
ORD002140,delivered,5.0,1000
ORD002141,Delayed,13.0,1500
ORD002142,Delivered,2.0,1500
ORD002143,Delivered,6.0,2500
ORD002144,delivered,2.0,1000
ORD002145,Delivered,6.0,0
ORD002146,delivered,7.0,0
ORD002147,,12.0,0
ORD002148,Returned,2.0,1500
ORD002149,delivered,14.0,0
ORD002150,Delayed,4.0,1000
ORD002151,Delayed,11.0,2500
ORD002152,,9.0,2500
ORD002153,,3.0,2500
ORD002154,Delivered,8.0,1500
ORD002155,,14.0,0
ORD002156,Delayed,10.0,2500
ORD002157,delivered,2.0,2500
ORD002158,,14.0,0
ORD002159,delivered,4.0,1500
ORD002160,Returned,1.0,1500
ORD002161,Delayed,3.0,3500
ORD002162,,2.0,1000
ORD002163,Delivered,3.0,3500
ORD002164,In Transit,12.0,1500
ORD002165,Returned,,3500
ORD002166,Returned,1.0,0
ORD002167,Delivered,3.0,1500
ORD002168,DELIVERED,9.0,2500
ORD002169,delivered,12.0,1500
ORD002170,Delayed,6.0,1500
ORD002171,,12.0,1500
ORD002172,In Transit,13.0,3500
ORD002173,Delivered,14.0,3500
ORD002174,delivered,1.0,1000
ORD002175,DELIVERED,11.0,1500
ORD002176,delivered,6.0,0
ORD002177,,4.0,2500
ORD002178,Delivered,6.0,1500
ORD002179,In Transit,4.0,1500
ORD002180,,1.0,1000
ORD002181,Returned,1.0,2500
ORD002182,delivered,8.0,0
ORD002183,delivered,11.0,1000
ORD002184,Delivered,3.0,0
ORD002185,Delivered,10.0,1500
ORD002186,In Transit,11.0,1500
ORD002187,Delivered,14.0,0
ORD002188,Delivered,3.0,0
ORD002189,DELIVERED,,2500
ORD002190,Delayed,8.0,1000
ORD002191,Delivered,8.0,1000
ORD002192,In Transit,12.0,0
ORD002193,Returned,11.0,1000
ORD002194,Delivered,10.0,2500
ORD002195,Delayed,13.0,2500
ORD002196,Delivered,10.0,3500
ORD002197,Delivered,11.0,1500
ORD002198,In Transit,3.0,0
ORD002199,DELIVERED,9.0,1000
ORD002200,Delivered,5.0,3500
ORD002201,Delivered,7.0,3500
ORD002202,Returned,2.0,1500
ORD002203,DELIVERED,8.0,2500
ORD002204,Returned,12.0,0
ORD002205,In Transit,1.0,0
ORD002206,delivered,11.0,0
ORD002207,Delivered,10.0,1000
ORD002208,Delivered,6.0,2500
ORD002209,Delivered,13.0,3500
ORD002210,Delayed,6.0,0
ORD002211,Delivered,4.0,2500
ORD002212,DELIVERED,,1000
ORD002213,Delivered,10.0,3500
ORD002214,delivered,10.0,1500
ORD002215,Delayed,11.0,1500
ORD002216,,11.0,1000
ORD002217,Delayed,7.0,0
ORD002218,Delayed,1.0,2500
ORD002219,Delivered,8.0,1000
ORD002220,delivered,3.0,0
ORD002221,Delivered,6.0,3500
ORD002222,In Transit,6.0,3500
ORD002223,Delivered,8.0,3500
ORD002224,delivered,11.0,2500
ORD002225,Delayed,13.0,2500
ORD002226,,6.0,1000
ORD002227,In Transit,1.0,1000
ORD002228,,7.0,1000
ORD002229,delivered,14.0,1000
ORD002230,In Transit,8.0,1500
ORD002231,,10.0,1000
ORD002232,In Transit,7.0,2500
ORD002233,Returned,2.0,1000
ORD002234,Delivered,1.0,1500
ORD002235,Returned,2.0,0
ORD002236,,9.0,0
ORD002237,In Transit,4.0,2500
ORD002238,,11.0,0
ORD002239,DELIVERED,7.0,1500
ORD002240,delivered,4.0,2500
ORD002241,delivered,,1500
ORD002242,delivered,13.0,3500
ORD002243,delivered,2.0,1000
ORD002244,Delayed,7.0,0
ORD002245,Delivered,10.0,0
ORD002246,,9.0,0
ORD002247,In Transit,7.0,1500
ORD002248,Delivered,4.0,1000
ORD002249,Delivered,13.0,3500
ORD002250,,7.0,3500
ORD002251,Returned,11.0,3500
ORD002252,,6.0,2500
ORD002253,Delivered,7.0,2500
ORD002254,In Transit,14.0,0
ORD002255,Delivered,1.0,1500
ORD002256,Delivered,5.0,2500
ORD002257,Delayed,6.0,2500
ORD002258,,3.0,3500
ORD002259,Delivered,7.0,1500
ORD002260,,5.0,1500
ORD002261,DELIVERED,3.0,0
ORD002262,DELIVERED,3.0,3500
ORD002263,delivered,11.0,1000
ORD002264,Delivered,,1000
ORD002265,DELIVERED,8.0,0
ORD002266,Delivered,6.0,0
ORD002267,Delayed,4.0,1500
ORD002268,Delivered,10.0,0
ORD002269,DELIVERED,6.0,0
ORD002270,In Transit,1.0,1000
ORD002271,Delivered,3.0,1000
ORD002272,Returned,6.0,1000
ORD002273,DELIVERED,13.0,1000
ORD002274,Delivered,2.0,0
ORD002275,delivered,7.0,2500
ORD002276,Returned,3.0,1000
ORD002277,Delayed,5.0,1500
ORD002278,In Transit,6.0,2500
ORD002279,delivered,14.0,3500
ORD002280,Delivered,5.0,0
ORD002281,Delivered,,2500
ORD002282,In Transit,,1500
ORD002283,Returned,12.0,0
ORD002284,Returned,12.0,2500
ORD002285,Returned,,2500
ORD002286,,10.0,2500
ORD002287,Delivered,3.0,2500
ORD002288,delivered,4.0,1500
ORD002289,Delivered,8.0,1000
ORD002290,In Transit,10.0,3500
ORD002291,Returned,,1500
ORD002292,Delayed,,3500
ORD002293,,1.0,1500
ORD002294,Delivered,5.0,2500
ORD002295,,5.0,2500
ORD002296,In Transit,4.0,1000
ORD002297,In Transit,12.0,1500
ORD002298,In Transit,6.0,2500
ORD002299,Returned,14.0,1500
ORD002300,In Transit,10.0,3500
ORD002301,Returned,7.0,3500
ORD002302,delivered,13.0,1500
ORD002303,,13.0,3500
ORD002304,delivered,9.0,0
ORD002305,Delivered,3.0,2500
ORD002306,Returned,12.0,2500
ORD002307,Returned,7.0,1500
ORD002308,Delivered,5.0,1000
ORD002309,,6.0,2500
ORD002310,delivered,4.0,2500
ORD002311,Delayed,,1000
ORD002312,Delivered,12.0,2500
ORD002313,In Transit,5.0,1000
ORD002314,delivered,7.0,3500
ORD002315,delivered,11.0,1500
ORD002316,Delivered,1.0,2500
ORD002317,Delayed,4.0,3500
ORD002318,Delivered,1.0,0
ORD002319,Delivered,11.0,2500
ORD002320,Delivered,3.0,1500
ORD002321,Delivered,5.0,2500
ORD002322,Delayed,6.0,3500
ORD002323,Delayed,,1500
ORD002324,delivered,14.0,1000
ORD002325,Returned,,3500
ORD002326,delivered,10.0,0
ORD002327,,1.0,1500
ORD002328,DELIVERED,11.0,0
ORD002329,delivered,9.0,0
ORD002330,Delivered,12.0,1500
ORD002331,,,2500
ORD002332,,13.0,1500
ORD002333,Delayed,2.0,1500
ORD002334,Delivered,5.0,0
ORD002335,Delayed,7.0,1000
ORD002336,delivered,6.0,2500
ORD002337,delivered,11.0,1500
ORD002338,Returned,10.0,1500
ORD002339,In Transit,11.0,3500
ORD002340,Delivered,5.0,2500
ORD002341,,9.0,0
ORD002342,Delivered,12.0,1000
ORD002343,In Transit,4.0,2500
ORD002344,,3.0,1000
ORD002345,Delayed,13.0,2500
ORD002346,,3.0,1500
ORD002347,Delayed,3.0,1000
ORD002348,Delayed,6.0,1000
ORD002349,In Transit,10.0,1000
ORD002350,Returned,14.0,2500
ORD002351,Returned,,2500
ORD002352,Delayed,13.0,0
ORD002353,Delivered,2.0,0
ORD002354,Delayed,11.0,3500
ORD002355,,3.0,2500
ORD002356,,2.0,0
ORD002357,Delayed,14.0,1000
ORD002358,Delivered,4.0,0
ORD002359,delivered,7.0,1000
ORD002360,Delivered,9.0,3500
ORD002361,Delivered,13.0,1000
ORD002362,Delayed,9.0,0
ORD002363,delivered,5.0,1500
ORD002364,Returned,9.0,3500
ORD002365,DELIVERED,2.0,3500
ORD002366,Delivered,7.0,2500
ORD002367,DELIVERED,6.0,2500
ORD002368,In Transit,13.0,1000
ORD002369,Delayed,3.0,1000
ORD002370,Returned,10.0,1000
ORD002371,,6.0,1500
ORD002372,Delivered,1.0,1500
ORD002373,Returned,12.0,1500
ORD002374,DELIVERED,6.0,1500
ORD002375,,12.0,2500
ORD002376,Delayed,13.0,1000
ORD002377,In Transit,7.0,1500
ORD002378,Delayed,10.0,1000
ORD002379,,9.0,2500
ORD002380,Delayed,13.0,2500
ORD002381,Delivered,14.0,1500
ORD002382,,,0
ORD002383,Returned,8.0,2500
ORD002384,Delivered,12.0,3500
ORD002385,delivered,3.0,1500
ORD002386,delivered,4.0,1500
ORD002387,DELIVERED,13.0,1500
ORD002388,Delivered,14.0,1000
ORD002389,Delivered,2.0,0
ORD002390,Delivered,1.0,1500
ORD002391,,11.0,0
ORD002392,,6.0,0
ORD002393,delivered,11.0,3500
ORD002394,Returned,14.0,2500
ORD002395,DELIVERED,9.0,2500
ORD002396,Delivered,4.0,0
ORD002397,In Transit,4.0,0
ORD002398,DELIVERED,8.0,1000
ORD002399,delivered,6.0,3500
ORD002400,In Transit,3.0,3500
ORD002401,Delayed,2.0,3500
ORD002402,In Transit,8.0,1500
ORD002403,Delivered,11.0,2500
ORD002404,Delayed,8.0,1000
ORD002405,Returned,11.0,2500
ORD002406,Delayed,13.0,3500
ORD002407,Returned,8.0,1500
ORD002408,In Transit,3.0,1000
ORD002409,In Transit,8.0,3500
ORD002410,,4.0,1000
ORD002411,DELIVERED,10.0,1500
ORD002412,DELIVERED,13.0,2500
ORD002413,,,1000
ORD002414,delivered,10.0,0
ORD002415,Delivered,7.0,0
ORD002416,In Transit,1.0,0
ORD002417,Delivered,13.0,1500
ORD002418,Delayed,14.0,0
ORD002419,Returned,2.0,1500
ORD002420,Returned,14.0,0
ORD002421,Delivered,9.0,3500
ORD002422,Delivered,11.0,3500
ORD002423,In Transit,5.0,1500
ORD002424,Delayed,2.0,0
ORD002425,delivered,14.0,3500
ORD002426,Returned,13.0,3500
ORD002427,Delayed,6.0,0
ORD002428,DELIVERED,12.0,0
ORD002429,In Transit,13.0,1000
ORD002430,Delivered,11.0,1500
ORD002431,Delivered,3.0,0
ORD002432,In Transit,7.0,3500
ORD002433,,7.0,2500
ORD002434,Delivered,5.0,2500
ORD002435,In Transit,13.0,1500
ORD002436,In Transit,2.0,1500
ORD002437,,,2500
ORD002438,Delayed,3.0,1500
ORD002439,Delayed,6.0,1500
ORD002440,delivered,3.0,3500
ORD002441,Returned,13.0,0
ORD002442,In Transit,9.0,1500
ORD002443,,6.0,1000
ORD002444,Delayed,2.0,1500
ORD002445,In Transit,3.0,2500
ORD002446,Delivered,1.0,1000
ORD002447,Delivered,8.0,2500
ORD002448,,8.0,2500
ORD002449,In Transit,4.0,2500
ORD002450,,8.0,1500
ORD002451,Delivered,10.0,0
ORD002452,Delivered,13.0,1500
ORD002453,Returned,2.0,1000
ORD002454,Returned,5.0,1000
ORD002455,In Transit,6.0,1000
ORD002456,delivered,8.0,3500
ORD002457,delivered,14.0,2500
ORD002458,,4.0,1500
ORD002459,Delivered,7.0,3500
ORD002460,Delayed,2.0,1000
ORD002461,Delivered,,2500
ORD002462,Returned,9.0,2500
ORD002463,Delayed,10.0,0
ORD002464,In Transit,3.0,0
ORD002465,,7.0,2500
ORD002466,delivered,12.0,3500
ORD002467,,,3500
ORD002468,Delivered,9.0,1000
ORD002469,DELIVERED,,0
ORD002470,Delayed,,2500
ORD002471,Delayed,5.0,1000
ORD002472,Delayed,7.0,2500
ORD002473,DELIVERED,,2500
ORD002474,Delivered,11.0,1500
ORD002475,In Transit,13.0,1000
ORD002476,Delivered,5.0,0
ORD002477,Delivered,10.0,3500
ORD002478,Delivered,3.0,1000
ORD002479,,10.0,1000
ORD002480,In Transit,11.0,1000
ORD002481,In Transit,13.0,1500
ORD002482,Delayed,11.0,2500
ORD002483,,11.0,1000
ORD002484,Delivered,5.0,1000
ORD002485,Delivered,1.0,0
ORD002486,In Transit,4.0,1000
ORD002487,delivered,11.0,1500
ORD002488,delivered,7.0,3500
ORD002489,Delivered,8.0,1500
ORD002490,,6.0,1000
ORD002491,,,1000
ORD002492,Delivered,5.0,3500
ORD002493,Returned,6.0,3500
ORD002494,Returned,2.0,2500
ORD002495,DELIVERED,10.0,0
ORD002496,Delayed,7.0,1500
ORD002497,DELIVERED,6.0,0
ORD002498,DELIVERED,1.0,0
ORD002499,delivered,,1000
ORD002500,delivered,8.0,3500
ORD002501,,13.0,1000
ORD002502,,4.0,1000
ORD002503,Delayed,4.0,2500
ORD002504,Delayed,6.0,2500
ORD002505,Delivered,9.0,2500
ORD002506,Returned,11.0,3500
ORD002507,Returned,4.0,1500
ORD002508,delivered,13.0,1000
ORD002509,,2.0,1000
ORD002510,Delivered,6.0,1000
ORD002511,delivered,6.0,1000
ORD002512,Delivered,2.0,1500
ORD002513,In Transit,,3500
ORD002514,In Transit,6.0,1000
ORD002515,Delivered,8.0,2500
ORD002516,Returned,6.0,1500
ORD002517,,5.0,2500
ORD002518,Delivered,5.0,2500
ORD002519,In Transit,13.0,1500
ORD002520,Returned,,1000
ORD002521,In Transit,4.0,1500
ORD002522,In Transit,7.0,1000
ORD002523,Delayed,6.0,0
ORD002524,DELIVERED,2.0,3500
ORD002525,In Transit,9.0,1000
ORD002526,Returned,2.0,2500
ORD002527,Delayed,8.0,1000
ORD002528,delivered,9.0,3500
ORD002529,DELIVERED,11.0,0
ORD002530,Returned,8.0,2500
ORD002531,Delayed,9.0,1000
ORD002532,In Transit,12.0,1500
ORD002533,DELIVERED,1.0,1500
ORD002534,Returned,10.0,1500
ORD002535,DELIVERED,12.0,2500
ORD002536,Delivered,3.0,0
ORD002537,,,0
ORD002538,Delivered,4.0,3500
ORD002539,In Transit,7.0,1500
ORD002540,Delivered,1.0,1000
ORD002541,delivered,14.0,1500
ORD002542,Returned,11.0,3500
ORD002543,,14.0,2500
ORD002544,Delayed,1.0,3500
ORD002545,Delivered,9.0,3500
ORD002546,Returned,3.0,1000
ORD002547,Delivered,13.0,1000
ORD002548,In Transit,,0
ORD002549,Delayed,7.0,1000
ORD002550,Returned,6.0,1000
ORD002551,delivered,8.0,0
ORD002552,DELIVERED,7.0,3500
ORD002553,Delayed,10.0,1000
ORD002554,Delivered,3.0,3500
ORD002555,Delivered,9.0,2500
ORD002556,delivered,4.0,2500
ORD002557,Delivered,7.0,3500
ORD002558,Returned,10.0,1000
ORD002559,In Transit,7.0,1500
ORD002560,DELIVERED,3.0,1000
ORD002561,Delivered,,1500
ORD002562,,2.0,3500
ORD002563,Delivered,12.0,1500
ORD002564,Delivered,13.0,2500
ORD002565,Delivered,11.0,2500
ORD002566,Delivered,7.0,3500
ORD002567,In Transit,6.0,1000
ORD002568,Returned,5.0,3500
ORD002569,In Transit,8.0,2500
ORD002570,delivered,1.0,1000
ORD002571,Returned,10.0,3500
ORD002572,Returned,1.0,0
ORD002573,,,2500
ORD002574,DELIVERED,14.0,1000
ORD002575,In Transit,13.0,3500
ORD002576,In Transit,10.0,3500
ORD002577,,14.0,0
ORD002578,Delivered,6.0,2500
ORD002579,In Transit,7.0,3500
ORD002580,delivered,7.0,1000
ORD002581,Delayed,12.0,1000
ORD002582,,12.0,3500
ORD002583,In Transit,11.0,3500
ORD002584,,7.0,2500
ORD002585,,,1500
ORD002586,delivered,4.0,3500
ORD002587,,5.0,1500
ORD002588,Delayed,4.0,2500
ORD002589,DELIVERED,,0
ORD002590,In Transit,5.0,2500
ORD002591,delivered,10.0,2500
ORD002592,DELIVERED,11.0,1500
ORD002593,delivered,4.0,1500
ORD002594,Returned,10.0,1000
ORD002595,delivered,12.0,2500
ORD002596,In Transit,,2500
ORD002597,In Transit,14.0,1000
ORD002598,,4.0,1000
ORD002599,delivered,5.0,1500
ORD002600,In Transit,6.0,1000
ORD002601,Delayed,14.0,1000
ORD002602,,,0
ORD002603,Delivered,,1000
ORD002604,Delivered,3.0,0
ORD002605,Returned,,1500
ORD002606,Returned,3.0,0
ORD002607,delivered,1.0,1500
ORD002608,,3.0,1500
ORD002609,,2.0,1000
ORD002610,Delivered,12.0,3500
ORD002611,,6.0,3500
ORD002612,Delivered,12.0,3500
ORD002613,Returned,7.0,1000
ORD002614,Returned,12.0,1500
ORD002615,Delivered,14.0,1500
ORD002616,Delivered,4.0,1500
ORD002617,Delayed,11.0,1000
ORD002618,delivered,4.0,0
ORD002619,Delivered,11.0,1500
ORD002620,Delayed,11.0,1500
ORD002621,In Transit,10.0,0
ORD002622,DELIVERED,9.0,1000
ORD002623,,10.0,3500
ORD002624,In Transit,5.0,2500
ORD002625,In Transit,6.0,3500
ORD002626,Delivered,3.0,0
ORD002627,,13.0,3500
ORD002628,delivered,14.0,3500
ORD002629,Delivered,5.0,1000
ORD002630,Delivered,6.0,1000
ORD002631,DELIVERED,5.0,2500
ORD002632,,2.0,1500
ORD002633,Delayed,1.0,1500
ORD002634,Delivered,7.0,3500
ORD002635,In Transit,6.0,3500
ORD002636,,11.0,0
ORD002637,Delayed,2.0,1000
ORD002638,DELIVERED,4.0,2500
ORD002639,Delayed,2.0,0
ORD002640,Delayed,11.0,1000
ORD002641,In Transit,7.0,1500
ORD002642,Delivered,14.0,2500
ORD002643,Delivered,5.0,1500
ORD002644,delivered,9.0,2500
ORD002645,Delivered,5.0,0
ORD002646,In Transit,3.0,1500
ORD002647,delivered,3.0,1500
ORD002648,,8.0,3500
ORD002649,Delayed,3.0,2500
ORD002650,Returned,8.0,2500
ORD002651,delivered,2.0,0
ORD002652,DELIVERED,13.0,2500
ORD002653,delivered,,2500
ORD002654,,3.0,3500
ORD002655,,5.0,2500
ORD002656,In Transit,4.0,3500
ORD002657,Delayed,6.0,3500
ORD002658,In Transit,6.0,3500
ORD002659,Delivered,7.0,1000
ORD002660,delivered,7.0,1500
ORD002661,delivered,2.0,3500
ORD002662,Delivered,5.0,2500
ORD002663,delivered,13.0,1500
ORD002664,In Transit,4.0,1500
ORD002665,In Transit,9.0,3500
ORD002666,In Transit,1.0,0
ORD002667,Delivered,13.0,3500
ORD002668,Delayed,4.0,2500
ORD002669,Delivered,2.0,3500
ORD002670,Delivered,,1500
ORD002671,In Transit,1.0,1500
ORD002672,DELIVERED,4.0,3500
ORD002673,,8.0,0
ORD002674,Delivered,7.0,1500
ORD002675,delivered,14.0,2500
ORD002676,Delivered,2.0,1000
ORD002677,Delivered,9.0,2500
ORD002678,Delivered,3.0,1500
ORD002679,Delivered,11.0,1500
ORD002680,In Transit,3.0,1000
ORD002681,,11.0,3500
ORD002682,Delayed,7.0,0
ORD002683,Delayed,13.0,0
ORD002684,Delivered,,1000
ORD002685,Delayed,10.0,1000
ORD002686,Delivered,3.0,0
ORD002687,In Transit,,1500
ORD002688,In Transit,5.0,1500
ORD002689,In Transit,4.0,1500
ORD002690,,10.0,1000
ORD002691,Delivered,4.0,1000
ORD002692,Delivered,5.0,3500
ORD002693,Delayed,5.0,0
ORD002694,delivered,7.0,1500
ORD002695,,14.0,1500
ORD002696,delivered,,2500
ORD002697,Delayed,5.0,0
ORD002698,delivered,3.0,1500
ORD002699,Delivered,5.0,1500
ORD002700,DELIVERED,13.0,1000
ORD002701,In Transit,13.0,1000
ORD002702,DELIVERED,,3500
ORD002703,Returned,4.0,1000
ORD002704,Delivered,6.0,2500
ORD002705,In Transit,3.0,2500
ORD002706,,3.0,3500
ORD002707,Returned,5.0,1000
ORD002708,In Transit,9.0,1500
ORD002709,Returned,3.0,1000
ORD002710,delivered,9.0,2500
ORD002711,Delayed,11.0,2500
ORD002712,delivered,14.0,1500
ORD002713,delivered,7.0,0
ORD002714,In Transit,11.0,1000
ORD002715,,14.0,1500
ORD002716,,8.0,3500
ORD002717,Delivered,3.0,3500
ORD002718,In Transit,12.0,1000
ORD002719,delivered,3.0,1000
ORD002720,In Transit,7.0,1000
ORD002721,delivered,3.0,1000
ORD002722,DELIVERED,13.0,2500
ORD002723,,,2500
ORD002724,In Transit,6.0,3500
ORD002725,In Transit,5.0,3500
ORD002726,Delivered,5.0,3500
ORD002727,delivered,12.0,1500
ORD002728,Delivered,10.0,0
ORD002729,In Transit,2.0,0
ORD002730,Delayed,12.0,2500
ORD002731,Delayed,3.0,2500
ORD002732,Returned,14.0,0
ORD002733,In Transit,4.0,1500
ORD002734,,1.0,1000
ORD002735,Returned,2.0,3500
ORD002736,Returned,14.0,3500
ORD002737,DELIVERED,4.0,1000
ORD002738,Returned,8.0,3500
ORD002739,Delivered,,2500
ORD002740,,4.0,0
ORD002741,,5.0,3500
ORD002742,Returned,11.0,1500
ORD002743,In Transit,3.0,3500
ORD002744,delivered,4.0,2500
ORD002745,delivered,3.0,1500
ORD002746,,,1000
ORD002747,Delivered,8.0,1500
ORD002748,DELIVERED,5.0,1500
ORD002749,Delivered,3.0,2500
ORD002750,DELIVERED,11.0,2500
ORD002751,In Transit,13.0,3500
ORD002752,,9.0,1000
ORD002753,Delayed,8.0,1500
ORD002754,Delayed,10.0,1500
ORD002755,Delivered,12.0,1500
ORD002756,In Transit,14.0,0
ORD002757,In Transit,13.0,0
ORD002758,Delivered,9.0,2500
ORD002759,In Transit,,0
ORD002760,Delivered,1.0,2500
ORD002761,Delayed,7.0,2500
ORD002762,In Transit,,2500
ORD002763,Delivered,9.0,0
ORD002764,Delayed,,1000
ORD002765,Delivered,1.0,0
ORD002766,delivered,9.0,3500
ORD002767,In Transit,2.0,3500
ORD002768,Delayed,6.0,1500
ORD002769,,1.0,1500
ORD002770,Delivered,1.0,3500
ORD002771,Delivered,7.0,1500
ORD002772,Delivered,3.0,2500
ORD002773,In Transit,,3500
ORD002774,Delayed,5.0,0
ORD002775,DELIVERED,7.0,1000
ORD002776,Delayed,12.0,1000
ORD002777,Delivered,12.0,0
ORD002778,Delivered,8.0,3500
ORD002779,Delayed,5.0,2500
ORD002780,Delayed,2.0,0
ORD002781,DELIVERED,10.0,1500
ORD002782,Delivered,8.0,1500
ORD002783,Delayed,6.0,0
ORD002784,Returned,5.0,2500
ORD002785,Returned,12.0,0
ORD002786,Delayed,2.0,1000
ORD002787,Delivered,7.0,0
ORD002788,Delayed,1.0,1500
ORD002789,,9.0,3500
ORD002790,Returned,6.0,0
ORD002791,delivered,8.0,2500
ORD002792,delivered,9.0,2500
ORD002793,DELIVERED,,3500
ORD002794,DELIVERED,13.0,3500
ORD002795,Returned,12.0,0
ORD002796,,3.0,1000
ORD002797,Delayed,10.0,1500
ORD002798,Delayed,6.0,3500
ORD002799,Delivered,5.0,0
ORD002800,delivered,2.0,0
ORD002801,Returned,3.0,1500
ORD002802,,8.0,1000
ORD002803,Returned,13.0,2500
ORD002804,Delayed,4.0,3500
ORD002805,Delivered,6.0,3500
ORD002806,Delivered,3.0,1500
ORD002807,Delivered,6.0,0
ORD002808,Delivered,10.0,1000
ORD002809,Delivered,14.0,0
ORD002810,Delivered,2.0,0
ORD002811,,2.0,1500
ORD002812,delivered,8.0,0
ORD002813,Delayed,1.0,3500
ORD002814,Delayed,11.0,3500
ORD002815,Delivered,8.0,1000
ORD002816,Delayed,9.0,2500
ORD002817,Delivered,8.0,1000
ORD002818,DELIVERED,14.0,1500
ORD002819,Returned,7.0,1500
ORD002820,In Transit,4.0,0
ORD002821,Returned,6.0,2500
ORD002822,delivered,12.0,0
ORD002823,In Transit,8.0,3500
ORD002824,delivered,13.0,3500
ORD002825,Delayed,6.0,3500
ORD002826,DELIVERED,10.0,1500
ORD002827,delivered,2.0,3500
ORD002828,In Transit,6.0,0
ORD002829,Delayed,10.0,2500
ORD002830,Delivered,10.0,0
ORD002831,Delivered,8.0,1500
ORD002832,In Transit,5.0,1500
ORD002833,Delayed,2.0,1000
ORD002834,,7.0,0
ORD002835,In Transit,14.0,0
ORD002836,Delivered,3.0,1500
ORD002837,Returned,5.0,1500
ORD002838,Delivered,12.0,2500
ORD002839,Delivered,8.0,3500
ORD002840,In Transit,8.0,1000
ORD002841,Delayed,13.0,0
ORD002842,In Transit,7.0,2500
ORD002843,Delivered,1.0,1000
ORD002844,Returned,3.0,0
ORD002845,delivered,2.0,1500
ORD002846,Returned,1.0,0
ORD002847,Delayed,12.0,1500
ORD002848,delivered,7.0,1000
ORD002849,Delivered,12.0,3500
ORD002850,In Transit,14.0,3500
ORD002851,,13.0,3500
ORD002852,,8.0,3500
ORD002853,Delivered,3.0,1000
ORD002854,Delayed,11.0,2500
ORD002855,,3.0,3500
ORD002856,Delivered,1.0,3500
ORD002857,delivered,13.0,0
ORD002858,Delivered,11.0,1000
ORD002859,delivered,12.0,3500
ORD002860,,10.0,3500
ORD002861,,14.0,3500
ORD002862,In Transit,,0
ORD002863,In Transit,7.0,0
ORD002864,delivered,6.0,0
ORD002865,delivered,6.0,1500
ORD002866,Delivered,10.0,3500
ORD002867,delivered,10.0,1500
ORD002868,,14.0,1000
ORD002869,DELIVERED,3.0,1000
ORD002870,Delivered,12.0,1500
ORD002871,Delivered,8.0,0
ORD002872,Delivered,2.0,1000
ORD002873,DELIVERED,13.0,3500
ORD002874,Delivered,2.0,3500
ORD002875,Delayed,14.0,1500
ORD002876,Delayed,1.0,2500
ORD002877,Returned,6.0,1000
ORD002878,Delivered,1.0,1000
ORD002879,In Transit,5.0,3500
ORD002880,In Transit,14.0,2500
ORD002881,Delivered,3.0,1000
ORD002882,In Transit,12.0,0
ORD002883,In Transit,4.0,1000
ORD002884,Returned,13.0,1500
ORD002885,delivered,13.0,2500
ORD002886,,5.0,0
ORD002887,Returned,3.0,0
ORD002888,In Transit,6.0,1500
ORD002889,delivered,9.0,1500
ORD002890,,,3500
ORD002891,,3.0,1500
ORD002892,,5.0,3500
ORD002893,Delivered,9.0,2500
ORD002894,DELIVERED,8.0,2500
ORD002895,Delivered,,3500
ORD002896,Delivered,8.0,1500
ORD002897,In Transit,4.0,1000
ORD002898,,3.0,2500
ORD002899,DELIVERED,14.0,1500
ORD002900,Returned,13.0,2500
ORD002901,Returned,5.0,0
ORD002902,DELIVERED,5.0,1500
ORD002903,,10.0,1500
ORD002904,DELIVERED,8.0,3500
ORD002905,DELIVERED,9.0,3500
ORD002906,delivered,8.0,2500
ORD002907,In Transit,,2500
ORD002908,Delivered,10.0,0
ORD002909,delivered,11.0,1500
ORD002910,,14.0,1500
ORD002911,In Transit,7.0,1000
ORD002912,,9.0,2500
ORD002913,Delayed,2.0,3500
ORD002914,Delivered,7.0,0
ORD002915,DELIVERED,8.0,0
ORD002916,Returned,3.0,1500
ORD002917,Delivered,,2500
ORD002918,Delayed,2.0,1500
ORD002919,,1.0,0
ORD002920,,11.0,2500
ORD002921,In Transit,13.0,1500
ORD002922,,8.0,2500
ORD002923,,11.0,1000
ORD002924,,,2500
ORD002925,Delivered,1.0,1500
ORD002926,Delayed,10.0,3500
ORD002927,Delivered,2.0,2500
ORD002928,,14.0,0
ORD002929,DELIVERED,11.0,2500
ORD002930,Delayed,12.0,1500
ORD002931,Delivered,2.0,2500
ORD002932,In Transit,14.0,0
ORD002933,,9.0,0
ORD002934,delivered,2.0,3500
ORD002935,Delayed,9.0,1000
ORD002936,Delivered,12.0,1500
ORD002937,Delayed,3.0,3500
ORD002938,Delivered,2.0,3500
ORD002939,Delayed,1.0,2500
ORD002940,In Transit,3.0,3500
ORD002941,In Transit,8.0,0
ORD002942,,13.0,3500
ORD002943,,2.0,1500
ORD002944,Delivered,12.0,0
ORD002945,Delivered,8.0,2500
ORD002946,In Transit,1.0,1000
ORD002947,delivered,,2500
ORD002948,delivered,,1500
ORD002949,delivered,13.0,0
ORD002950,,2.0,1500
ORD002951,Delayed,14.0,3500
ORD002952,In Transit,7.0,1500
ORD002953,,3.0,2500
ORD002954,Delayed,3.0,0
ORD002955,,2.0,2500
ORD002956,Delayed,10.0,0
ORD002957,Delivered,1.0,3500
ORD002958,Returned,7.0,1000
ORD002959,In Transit,10.0,2500
ORD002960,,8.0,0
ORD002961,Returned,,0
ORD002962,DELIVERED,9.0,2500
ORD002963,Delayed,8.0,1000
ORD002964,Delivered,8.0,3500
ORD002965,delivered,7.0,3500
ORD002966,,8.0,0
ORD002967,Delivered,5.0,2500
ORD002968,In Transit,3.0,2500
ORD002969,In Transit,10.0,1000
ORD002970,Delayed,7.0,2500
ORD002971,Delivered,5.0,3500
ORD002972,Delayed,2.0,2500
ORD002973,DELIVERED,11.0,3500
ORD002974,In Transit,7.0,0
ORD002975,DELIVERED,6.0,3500
ORD002976,delivered,9.0,1000
ORD002977,In Transit,5.0,1000
ORD002978,Delayed,,1000
ORD002979,Delivered,4.0,1000
ORD002980,Delivered,2.0,1500
ORD002981,,14.0,0
ORD002982,delivered,13.0,2500
ORD002983,Delayed,7.0,1000
ORD002984,In Transit,13.0,1000
ORD002985,In Transit,12.0,0
ORD002986,DELIVERED,1.0,2500
ORD002987,Returned,14.0,3500
ORD002988,,13.0,1500
ORD002989,Delayed,3.0,1000
ORD002990,Delayed,8.0,1000
ORD002991,DELIVERED,2.0,3500
ORD002992,,10.0,3500
ORD002993,Delivered,2.0,3500
ORD002994,Delivered,10.0,1000
ORD002995,Delivered,2.0,1000
ORD002996,In Transit,13.0,0
ORD002997,Returned,8.0,1000
ORD002998,Delivered,3.0,1000
ORD002999,In Transit,10.0,0
ORD003000,DELIVERED,2.0,2500
ORD003001,In Transit,10.0,0
ORD003002,Delivered,9.0,2500
ORD003003,Delivered,2.0,1000
ORD003004,Delayed,12.0,2500
ORD003005,Delivered,14.0,3500
ORD003006,Delivered,14.0,1500
ORD003007,delivered,11.0,1000
ORD003008,,1.0,0
ORD003009,delivered,14.0,3500
ORD003010,Delivered,13.0,0
ORD003011,Returned,9.0,2500
ORD003012,delivered,,3500
ORD003013,Delivered,12.0,0
ORD003014,,8.0,3500
ORD003015,Returned,9.0,1000
ORD003016,Returned,14.0,1000
ORD003017,,,2500
ORD003018,,10.0,1500
ORD003019,delivered,8.0,3500
ORD003020,,3.0,1000
ORD003021,Delivered,13.0,1500
ORD003022,delivered,11.0,1000
ORD003023,In Transit,5.0,1000
ORD003024,Returned,7.0,2500
ORD003025,In Transit,6.0,2500
ORD003026,,14.0,3500
ORD003027,DELIVERED,7.0,3500
ORD003028,Delivered,9.0,2500
ORD003029,Delivered,2.0,0
ORD003030,Delayed,11.0,1500
ORD003031,Delayed,12.0,1000
ORD003032,Returned,,1500
ORD003033,delivered,3.0,3500
ORD003034,delivered,2.0,1000
ORD003035,delivered,7.0,0
ORD003036,Delivered,5.0,1500
ORD003037,,2.0,1500
ORD003038,In Transit,9.0,3500
ORD003039,,1.0,1500
ORD003040,,8.0,3500
ORD003041,,8.0,3500
ORD003042,Delivered,7.0,2500
ORD003043,delivered,6.0,2500
ORD003044,delivered,10.0,1500
ORD003045,Delivered,12.0,1500
ORD003046,DELIVERED,2.0,2500
ORD003047,Delayed,12.0,0
ORD003048,Delivered,1.0,1500
ORD003049,Delivered,1.0,1500
ORD003050,Delayed,,1500
ORD003051,delivered,5.0,0
ORD003052,delivered,11.0,1500
ORD003053,,,0
ORD003054,DELIVERED,5.0,0
ORD003055,DELIVERED,2.0,1000
ORD003056,Delayed,2.0,1500
ORD003057,Delivered,14.0,1000
ORD003058,DELIVERED,,1000
ORD003059,,8.0,0
ORD003060,delivered,3.0,3500
ORD003061,Delayed,12.0,0
ORD003062,Returned,7.0,0
ORD003063,delivered,5.0,0
ORD003064,Delivered,1.0,2500
ORD003065,Delivered,7.0,1500
ORD003066,Delivered,5.0,1000
ORD003067,Delivered,12.0,1000
ORD003068,In Transit,,3500
ORD003069,In Transit,4.0,1000
ORD003070,Delivered,9.0,2500
ORD003071,Returned,7.0,0
ORD003072,delivered,9.0,1500
ORD003073,Delivered,10.0,1000
ORD003074,In Transit,12.0,1000
ORD003075,Delivered,,1000
ORD003076,Delivered,6.0,0
ORD003077,Delayed,1.0,1500
ORD003078,Returned,,3500
ORD003079,Returned,4.0,3500
ORD003080,DELIVERED,5.0,1500
ORD003081,Delivered,14.0,1500
ORD003082,Delivered,12.0,2500
ORD003083,DELIVERED,3.0,1500
ORD003084,delivered,,1000
ORD003085,Delayed,8.0,0
ORD003086,Delayed,10.0,2500
ORD003087,delivered,,1500
ORD003088,delivered,14.0,1500
ORD003089,,9.0,1000
ORD003090,In Transit,,3500
ORD003091,DELIVERED,10.0,1500
ORD003092,DELIVERED,14.0,1000
ORD003093,Returned,3.0,2500
ORD003094,Returned,14.0,2500
ORD003095,Delivered,12.0,0
ORD003096,Delivered,10.0,3500
ORD003097,Delayed,12.0,1000
ORD003098,delivered,14.0,1000
ORD003099,In Transit,7.0,2500
ORD003100,Delivered,1.0,1500
ORD003101,,6.0,1000
ORD003102,Delivered,8.0,1500
ORD003103,Delivered,10.0,1000
ORD003104,Delivered,4.0,2500
ORD003105,DELIVERED,2.0,1000
ORD003106,Returned,,2500
ORD003107,In Transit,2.0,1500
ORD003108,Delivered,14.0,1000
ORD003109,delivered,9.0,3500
ORD003110,Delayed,1.0,1000
ORD003111,delivered,13.0,1000
ORD003112,Delivered,14.0,2500
ORD003113,Delayed,2.0,0
ORD003114,Delivered,2.0,1000
ORD003115,,9.0,3500
ORD003116,In Transit,,0
ORD003117,In Transit,5.0,2500
ORD003118,DELIVERED,9.0,0
ORD003119,Delayed,10.0,0
ORD003120,delivered,13.0,1500
ORD003121,In Transit,12.0,1500
ORD003122,In Transit,,0
ORD003123,In Transit,13.0,1500
ORD003124,In Transit,10.0,0
ORD003125,In Transit,1.0,1000
ORD003126,Delivered,2.0,1500
ORD003127,Delivered,7.0,2500
ORD003128,Delayed,3.0,2500
ORD003129,In Transit,2.0,0
ORD003130,Delivered,,3500
ORD003131,delivered,7.0,1000
ORD003132,Delayed,3.0,2500
ORD003133,Delivered,14.0,1500
ORD003134,,8.0,0
ORD003135,Delivered,7.0,3500
ORD003136,delivered,4.0,1000
ORD003137,Delivered,6.0,3500
ORD003138,Delayed,3.0,1500
ORD003139,Delayed,7.0,3500
ORD003140,In Transit,4.0,2500
ORD003141,In Transit,13.0,2500
ORD003142,In Transit,2.0,2500
ORD003143,Delivered,3.0,2500
ORD003144,,5.0,2500
ORD003145,Delivered,3.0,3500
ORD003146,Returned,1.0,3500
ORD003147,In Transit,9.0,1000
ORD003148,Delivered,8.0,0
ORD003149,Delivered,,3500
ORD003150,Returned,12.0,1500
ORD003151,Delivered,11.0,2500
ORD003152,Returned,1.0,1500
ORD003153,delivered,11.0,1500
ORD003154,delivered,12.0,1500
ORD003155,In Transit,5.0,1000
ORD003156,In Transit,6.0,3500
ORD003157,In Transit,8.0,2500
ORD003158,In Transit,5.0,2500
ORD003159,Delivered,7.0,1500
ORD003160,DELIVERED,4.0,3500
ORD003161,,5.0,1500
ORD003162,In Transit,13.0,0
ORD003163,In Transit,4.0,2500
ORD003164,delivered,12.0,2500
ORD003165,Delivered,8.0,0
ORD003166,Delivered,,3500
ORD003167,,11.0,3500
ORD003168,Delivered,6.0,1500
ORD003169,,11.0,1500
ORD003170,delivered,2.0,3500
ORD003171,Delayed,6.0,2500
ORD003172,Returned,14.0,3500
ORD003173,,6.0,2500
ORD003174,In Transit,6.0,1500
ORD003175,In Transit,12.0,2500
ORD003176,,12.0,3500
ORD003177,Returned,13.0,2500
ORD003178,,1.0,0
ORD003179,Delivered,11.0,2500
ORD003180,DELIVERED,,0
ORD003181,Returned,11.0,3500
ORD003182,,9.0,0
ORD003183,Returned,11.0,1000
ORD003184,Delivered,14.0,3500
ORD003185,Delayed,,1000
ORD003186,,1.0,0
ORD003187,,14.0,3500
ORD003188,In Transit,3.0,1000
ORD003189,,14.0,3500
ORD003190,In Transit,,1500
ORD003191,delivered,7.0,3500
ORD003192,Delayed,12.0,1000
ORD003193,Delivered,10.0,1500
ORD003194,Returned,3.0,1000
ORD003195,delivered,2.0,1000
ORD003196,Returned,2.0,3500
ORD003197,,1.0,1500
ORD003198,Returned,3.0,0
ORD003199,In Transit,,2500
ORD003200,,14.0,0
ORD003201,Delayed,13.0,1000
ORD003202,In Transit,,3500
ORD003203,,9.0,3500
ORD003204,,10.0,0
ORD003205,Delivered,13.0,1000
ORD003206,Delivered,6.0,1000
ORD003207,Delivered,13.0,0
ORD003208,Returned,5.0,2500
ORD003209,delivered,6.0,0
ORD003210,In Transit,,1500
ORD003211,delivered,5.0,1000
ORD003212,Delivered,13.0,1500
ORD003213,,7.0,1500
ORD003214,Returned,4.0,3500
ORD003215,Delayed,12.0,3500
ORD003216,delivered,3.0,2500
ORD003217,DELIVERED,8.0,1500
ORD003218,DELIVERED,,1000
ORD003219,,12.0,3500
ORD003220,In Transit,5.0,1000
ORD003221,Delayed,4.0,1500
ORD003222,Delivered,3.0,0
ORD003223,In Transit,3.0,3500
ORD003224,In Transit,12.0,0
ORD003225,Delayed,12.0,1000
ORD003226,Returned,7.0,2500
ORD003227,Delayed,7.0,0
ORD003228,Returned,5.0,2500
ORD003229,delivered,8.0,3500
ORD003230,Delayed,9.0,1000
ORD003231,Delayed,10.0,0
ORD003232,Delivered,2.0,1500
ORD003233,Delayed,7.0,2500
ORD003234,,4.0,0
ORD003235,,13.0,1500
ORD003236,,5.0,1500
ORD003237,Delivered,12.0,3500
ORD003238,,8.0,1500
ORD003239,Returned,4.0,0
ORD003240,Delivered,14.0,3500
ORD003241,Delivered,9.0,2500
ORD003242,Delayed,14.0,0
ORD003243,delivered,,1500
ORD003244,Delivered,8.0,3500
ORD003245,Delivered,1.0,2500
ORD003246,Returned,10.0,2500
ORD003247,Delayed,13.0,2500
ORD003248,Delivered,11.0,3500
ORD003249,In Transit,8.0,1500
ORD003250,delivered,8.0,2500
ORD003251,In Transit,8.0,1000
ORD003252,,6.0,0
ORD003253,,6.0,1000
ORD003254,Delivered,4.0,1000
ORD003255,delivered,11.0,1500
ORD003256,,7.0,1500
ORD003257,Delayed,10.0,0
ORD003258,In Transit,3.0,3500
ORD003259,DELIVERED,4.0,0
ORD003260,In Transit,14.0,2500
ORD003261,delivered,5.0,0
ORD003262,Delivered,14.0,3500
ORD003263,DELIVERED,1.0,2500
ORD003264,In Transit,10.0,1000
ORD003265,Delivered,10.0,1000
ORD003266,In Transit,10.0,1000
ORD003267,Delayed,9.0,3500
ORD003268,Delivered,10.0,2500
ORD003269,Delivered,5.0,3500
ORD003270,Delivered,11.0,1500
ORD003271,In Transit,5.0,0
ORD003272,Returned,9.0,3500
ORD003273,,,0
ORD003274,delivered,,1500
ORD003275,,10.0,3500
ORD003276,Delivered,,1000
ORD003277,Delayed,3.0,2500
ORD003278,Delivered,7.0,0
ORD003279,DELIVERED,6.0,3500
ORD003280,Returned,5.0,0
ORD003281,In Transit,4.0,2500
ORD003282,,,1500
ORD003283,delivered,6.0,2500
ORD003284,Delivered,12.0,1500
ORD003285,,2.0,0
ORD003286,Returned,3.0,2500
ORD003287,Delivered,4.0,2500
ORD003288,In Transit,13.0,3500
ORD003289,Returned,3.0,3500
ORD003290,,5.0,1000
ORD003291,Delivered,3.0,0
ORD003292,In Transit,,1500
ORD003293,Delayed,7.0,0
ORD003294,In Transit,6.0,3500
ORD003295,Delivered,5.0,1500
ORD003296,Delivered,11.0,2500
ORD003297,In Transit,3.0,1500
ORD003298,DELIVERED,3.0,1500
ORD003299,,3.0,3500
ORD003300,Delivered,13.0,2500
ORD003301,In Transit,11.0,2500
ORD003302,In Transit,10.0,2500
ORD003303,Delivered,14.0,1000
ORD003304,DELIVERED,7.0,2500
ORD003305,,13.0,1000
ORD003306,,4.0,2500
ORD003307,Delayed,2.0,1000
ORD003308,Delivered,10.0,1000
ORD003309,Returned,11.0,1500
ORD003310,,1.0,1500
ORD003311,delivered,9.0,3500
ORD003312,Delayed,7.0,1000
ORD003313,Delayed,2.0,1000
ORD003314,delivered,12.0,1500
ORD003315,,1.0,0
ORD003316,Delayed,14.0,1500
ORD003317,,1.0,1000
ORD003318,delivered,13.0,1000
ORD003319,Delivered,5.0,0
ORD003320,Delivered,12.0,1500
ORD003321,delivered,9.0,0
ORD003322,In Transit,2.0,1000
ORD003323,,11.0,2500
ORD003324,Delivered,3.0,1000
ORD003325,Delivered,11.0,0
ORD003326,Delivered,,1500
ORD003327,Delivered,5.0,0
ORD003328,In Transit,6.0,2500
ORD003329,Delivered,4.0,0
ORD003330,Delayed,6.0,3500
ORD003331,In Transit,,1000
ORD003332,Returned,10.0,2500
ORD003333,delivered,1.0,2500
ORD003334,,10.0,1000
ORD003335,Delivered,4.0,0
ORD003336,Delivered,9.0,0
ORD003337,,12.0,3500
ORD003338,Delivered,1.0,1500
ORD003339,In Transit,9.0,0
ORD003340,,6.0,2500
ORD003341,Delivered,11.0,1500
ORD003342,Delayed,,0
ORD003343,Delivered,12.0,1500
ORD003344,,2.0,1500
ORD003345,Delivered,5.0,1000
ORD003346,,9.0,0
ORD003347,Returned,3.0,1500
ORD003348,Delayed,13.0,2500
ORD003349,Delivered,2.0,1000
ORD003350,DELIVERED,7.0,1500
ORD003351,In Transit,13.0,2500
ORD003352,Delivered,,3500
ORD003353,delivered,9.0,3500
ORD003354,Delayed,13.0,2500
ORD003355,Returned,13.0,3500
ORD003356,Delivered,4.0,2500
ORD003357,In Transit,9.0,2500
ORD003358,In Transit,,1000
ORD003359,Delivered,9.0,1000
ORD003360,Delivered,11.0,1000
ORD003361,Delivered,,3500
ORD003362,,4.0,2500
ORD003363,Delivered,1.0,1500
ORD003364,In Transit,,3500
ORD003365,Returned,8.0,1500
ORD003366,Returned,5.0,0
ORD003367,Delayed,,1000
ORD003368,Returned,12.0,0
ORD003369,In Transit,3.0,0
ORD003370,DELIVERED,1.0,0
ORD003371,DELIVERED,12.0,3500
ORD003372,delivered,3.0,2500
ORD003373,In Transit,10.0,0
ORD003374,Delayed,4.0,1500
ORD003375,,1.0,2500
ORD003376,Delayed,10.0,2500
ORD003377,In Transit,4.0,2500
ORD003378,Delivered,12.0,1500
ORD003379,Returned,11.0,3500
ORD003380,Delivered,11.0,3500
ORD003381,Delivered,2.0,3500
ORD003382,In Transit,9.0,2500
ORD003383,delivered,,1500
ORD003384,Delivered,1.0,3500
ORD003385,Delivered,12.0,1000
ORD003386,Delayed,7.0,3500
ORD003387,,9.0,0
ORD003388,Returned,3.0,3500
ORD003389,DELIVERED,6.0,3500
ORD003390,Delivered,6.0,0
ORD003391,Delayed,12.0,2500
ORD003392,,10.0,2500
ORD003393,In Transit,9.0,3500
ORD003394,,6.0,0
ORD003395,Delayed,13.0,1500
ORD003396,In Transit,11.0,3500
ORD003397,,6.0,1000
ORD003398,Delivered,1.0,0
ORD003399,In Transit,9.0,0
ORD003400,In Transit,11.0,2500
ORD003401,Delivered,13.0,1000
ORD003402,,3.0,0
ORD003403,delivered,9.0,0
ORD003404,DELIVERED,12.0,0
ORD003405,Delivered,12.0,3500
ORD003406,In Transit,10.0,1000
ORD003407,,3.0,0
ORD003408,Delivered,5.0,0
ORD003409,delivered,3.0,1500
ORD003410,,10.0,3500
ORD003411,Returned,3.0,2500
ORD003412,Delayed,5.0,0
ORD003413,Delivered,,1000
ORD003414,In Transit,13.0,3500
ORD003415,Delivered,9.0,2500
ORD003416,Returned,7.0,1000
ORD003417,In Transit,13.0,0
ORD003418,In Transit,14.0,1500
ORD003419,In Transit,9.0,1000
ORD003420,,2.0,1000
ORD003421,,7.0,1500
ORD003422,Returned,4.0,2500
ORD003423,,8.0,2500
ORD003424,Delivered,12.0,3500
ORD003425,Delayed,4.0,1000
ORD003426,Returned,12.0,0
ORD003427,Delayed,8.0,1500
ORD003428,Delivered,11.0,1500
ORD003429,,9.0,1500
ORD003430,,1.0,0
ORD003431,Delayed,2.0,0
ORD003432,Delivered,11.0,2500
ORD003433,Delayed,1.0,2500
ORD003434,In Transit,13.0,2500
ORD003435,DELIVERED,8.0,3500
ORD003436,Returned,14.0,0
ORD003437,delivered,2.0,1000
ORD003438,DELIVERED,1.0,3500
ORD003439,Delivered,5.0,1000
ORD003440,Delivered,9.0,1000
ORD003441,Delivered,9.0,2500
ORD003442,In Transit,5.0,1000
ORD003443,,12.0,1500
ORD003444,,,1500
ORD003445,DELIVERED,12.0,0
ORD003446,delivered,14.0,3500
ORD003447,Delivered,10.0,0
ORD003448,Returned,3.0,2500
ORD003449,Delivered,2.0,0
ORD003450,,4.0,2500
ORD003451,In Transit,4.0,1000
ORD003452,,5.0,1500
ORD003453,Delayed,6.0,1500
ORD003454,In Transit,3.0,1000
ORD003455,In Transit,2.0,3500
ORD003456,delivered,13.0,0
ORD003457,Delivered,8.0,1500
ORD003458,In Transit,3.0,1500
ORD003459,Delayed,1.0,0
ORD003460,Delivered,8.0,1000
ORD003461,Delivered,6.0,3500
ORD003462,Returned,12.0,0
ORD003463,,14.0,0
ORD003464,In Transit,5.0,3500
ORD003465,Delivered,4.0,0
ORD003466,In Transit,14.0,1000
ORD003467,In Transit,4.0,1500
ORD003468,DELIVERED,10.0,1000
ORD003469,Delayed,8.0,1000
ORD003470,Delivered,7.0,2500
ORD003471,delivered,14.0,3500
ORD003472,In Transit,6.0,2500
ORD003473,In Transit,10.0,1000
ORD003474,Returned,10.0,3500
ORD003475,DELIVERED,8.0,2500
ORD003476,Delivered,4.0,1000
ORD003477,Delayed,8.0,1000
ORD003478,In Transit,,1500
ORD003479,Delayed,5.0,3500
ORD003480,,,1500
ORD003481,Delivered,2.0,0
ORD003482,DELIVERED,6.0,1500
ORD003483,delivered,1.0,3500
ORD003484,DELIVERED,11.0,2500
ORD003485,,6.0,1500
ORD003486,In Transit,6.0,1500
ORD003487,Delayed,2.0,3500
ORD003488,Delayed,5.0,0
ORD003489,Returned,7.0,2500
ORD003490,DELIVERED,2.0,1000
ORD003491,Delayed,10.0,1500
ORD003492,Returned,7.0,1500
ORD003493,Delivered,9.0,0
ORD003494,In Transit,,1000
ORD003495,In Transit,10.0,1000
ORD003496,In Transit,11.0,1500
ORD003497,Delivered,2.0,3500
ORD003498,Delivered,4.0,3500
ORD003499,In Transit,12.0,2500
ORD003500,Returned,5.0,1500
ORD003501,In Transit,,2500
ORD003502,In Transit,9.0,1000
ORD003503,,14.0,1000
ORD003504,Delayed,14.0,1500
ORD003505,Returned,3.0,1500
ORD003506,In Transit,9.0,1000
ORD003507,,11.0,2500
ORD003508,Delivered,3.0,2500
ORD003509,DELIVERED,7.0,2500
ORD003510,Delivered,10.0,3500
ORD003511,Delivered,3.0,1500
ORD003512,In Transit,13.0,1500
ORD003513,delivered,3.0,0
ORD003514,Returned,4.0,1000
ORD003515,DELIVERED,8.0,1500
ORD003516,Delivered,,3500
ORD003517,,12.0,0
ORD003518,Delayed,5.0,1500
ORD003519,Returned,1.0,1500
ORD003520,Returned,8.0,3500
ORD003521,Delivered,6.0,1500
ORD003522,Delivered,6.0,0
ORD003523,delivered,1.0,1000
ORD003524,Returned,2.0,1000
ORD003525,In Transit,4.0,3500
ORD003526,DELIVERED,5.0,3500
ORD003527,Delayed,1.0,3500
ORD003528,Delivered,11.0,1000
ORD003529,Delayed,4.0,1000
ORD003530,delivered,13.0,1000
ORD003531,Delivered,5.0,1000
ORD003532,delivered,10.0,0
ORD003533,Delivered,11.0,1500
ORD003534,Delivered,6.0,1000
ORD003535,Returned,12.0,1500
ORD003536,Delayed,,1500
ORD003537,In Transit,4.0,2500
ORD003538,Delayed,2.0,1000
ORD003539,Delayed,4.0,0
ORD003540,delivered,2.0,1000
ORD003541,delivered,10.0,3500
ORD003542,,5.0,1500
ORD003543,Delivered,9.0,2500
ORD003544,In Transit,2.0,1000
ORD003545,In Transit,12.0,1000
ORD003546,Delivered,,3500
ORD003547,Delivered,13.0,2500
ORD003548,,,1000
ORD003549,DELIVERED,7.0,1000
ORD003550,Delayed,6.0,1500
ORD003551,delivered,8.0,2500
ORD003552,Delivered,10.0,3500
ORD003553,In Transit,14.0,2500
ORD003554,Delayed,14.0,0
ORD003555,Delivered,1.0,1000
ORD003556,Delivered,,0
ORD003557,DELIVERED,5.0,1500
ORD003558,delivered,9.0,0
ORD003559,delivered,1.0,1500
ORD003560,delivered,13.0,1000
ORD003561,delivered,13.0,2500
ORD003562,Delivered,13.0,1000
ORD003563,,13.0,0
ORD003564,Delayed,6.0,1000
ORD003565,delivered,5.0,1000
ORD003566,Delivered,7.0,3500
ORD003567,delivered,6.0,1500
ORD003568,In Transit,10.0,0
ORD003569,In Transit,1.0,1500
ORD003570,delivered,10.0,1500
ORD003571,Delayed,12.0,1500
ORD003572,Delayed,8.0,3500
ORD003573,delivered,2.0,3500
ORD003574,Returned,11.0,3500
ORD003575,Delivered,12.0,3500
ORD003576,Delayed,9.0,2500
ORD003577,In Transit,12.0,1000
ORD003578,In Transit,6.0,3500
ORD003579,,9.0,0
ORD003580,Delivered,12.0,1500
ORD003581,Delivered,6.0,1500
ORD003582,,4.0,2500
ORD003583,DELIVERED,10.0,1500
ORD003584,Delivered,3.0,1000
ORD003585,,5.0,2500
ORD003586,delivered,2.0,1500
ORD003587,Returned,,0
ORD003588,Returned,8.0,1500
ORD003589,delivered,5.0,1500
ORD003590,DELIVERED,11.0,3500
ORD003591,Returned,10.0,1000
ORD003592,In Transit,,1000
ORD003593,In Transit,9.0,1000
ORD003594,In Transit,2.0,2500
ORD003595,,13.0,0
ORD003596,Delivered,,2500
ORD003597,delivered,10.0,1500
ORD003598,In Transit,,3500
ORD003599,delivered,3.0,3500
ORD003600,Delivered,12.0,1000
ORD003601,Delayed,1.0,0
ORD003602,In Transit,,1500
ORD003603,Delivered,3.0,1500
ORD003604,DELIVERED,6.0,0
ORD003605,delivered,5.0,0
ORD003606,Delayed,5.0,0
ORD003607,In Transit,5.0,3500
ORD003608,delivered,7.0,2500
ORD003609,Delivered,10.0,2500
ORD003610,delivered,11.0,2500
ORD003611,DELIVERED,1.0,0
ORD003612,Returned,11.0,0
ORD003613,Delayed,14.0,1000
ORD003614,DELIVERED,12.0,3500
ORD003615,DELIVERED,8.0,1000
ORD003616,Delivered,8.0,2500
ORD003617,Delivered,,1500
ORD003618,,11.0,3500
ORD003619,In Transit,6.0,1000
ORD003620,Returned,4.0,3500
ORD003621,Delivered,14.0,0
ORD003622,Delivered,1.0,0
ORD003623,In Transit,1.0,1000
ORD003624,Returned,4.0,1500
ORD003625,Delivered,10.0,1500
ORD003626,Returned,2.0,1500
ORD003627,In Transit,8.0,2500
ORD003628,Delivered,10.0,0
ORD003629,Returned,7.0,2500
ORD003630,,11.0,0
ORD003631,DELIVERED,8.0,2500
ORD003632,Delivered,3.0,1000
ORD003633,In Transit,,3500
ORD003634,Delivered,5.0,2500
ORD003635,,12.0,0
ORD003636,,4.0,3500
ORD003637,,8.0,1500
ORD003638,DELIVERED,10.0,1000
ORD003639,Delayed,9.0,1000
ORD003640,Delivered,6.0,1000
ORD003641,,11.0,1000
ORD003642,Delayed,6.0,2500
ORD003643,In Transit,11.0,1000
ORD003644,,2.0,1500
ORD003645,delivered,10.0,3500
ORD003646,Delayed,1.0,1500
ORD003647,In Transit,12.0,1500
ORD003648,In Transit,5.0,1000
ORD003649,In Transit,14.0,0
ORD003650,Delayed,2.0,2500
ORD003651,,5.0,1500
ORD003652,DELIVERED,4.0,0
ORD003653,DELIVERED,11.0,1500
ORD003654,,2.0,1500
ORD003655,Delayed,3.0,1000
ORD003656,DELIVERED,9.0,2500
ORD003657,In Transit,7.0,2500
ORD003658,Delayed,2.0,1000
ORD003659,DELIVERED,2.0,0
ORD003660,delivered,13.0,3500
ORD003661,In Transit,,0
ORD003662,Delivered,10.0,1000
ORD003663,Delivered,6.0,3500
ORD003664,,6.0,2500
ORD003665,DELIVERED,11.0,3500
ORD003666,Delivered,1.0,0
ORD003667,delivered,10.0,2500
ORD003668,delivered,3.0,1500
ORD003669,Delivered,1.0,2500
ORD003670,Delivered,8.0,2500
ORD003671,Delivered,8.0,1500
ORD003672,,1.0,1000
ORD003673,Delayed,9.0,0
ORD003674,Returned,11.0,0
ORD003675,,1.0,2500
ORD003676,,8.0,3500
ORD003677,DELIVERED,10.0,1000
ORD003678,,8.0,3500
ORD003679,Delayed,6.0,1000
ORD003680,In Transit,9.0,3500
ORD003681,Delayed,12.0,1500
ORD003682,Delivered,13.0,1500
ORD003683,Delayed,14.0,1500
ORD003684,,3.0,0
ORD003685,Delayed,6.0,1500
ORD003686,delivered,4.0,1000
ORD003687,Delivered,,1500
ORD003688,DELIVERED,12.0,0
ORD003689,,14.0,2500
ORD003690,,3.0,2500
ORD003691,Delivered,5.0,1000
ORD003692,Delivered,1.0,1000
ORD003693,,10.0,2500
ORD003694,In Transit,8.0,1500
ORD003695,delivered,10.0,1500
ORD003696,,12.0,2500
ORD003697,Returned,13.0,3500
ORD003698,Delivered,8.0,3500
ORD003699,,11.0,1500
ORD003700,,14.0,0
ORD003701,Delivered,5.0,1000
ORD003702,,1.0,1500
ORD003703,In Transit,4.0,1000
ORD003704,In Transit,5.0,0
ORD003705,Delivered,7.0,1500
ORD003706,Delayed,5.0,0
ORD003707,Delayed,11.0,1000
ORD003708,,9.0,0
ORD003709,Delivered,14.0,1000
ORD003710,,3.0,1500
ORD003711,In Transit,9.0,3500
ORD003712,Delivered,11.0,2500
ORD003713,Delayed,7.0,1000
ORD003714,,4.0,1000
ORD003715,,11.0,2500
ORD003716,In Transit,9.0,3500
ORD003717,Delivered,9.0,1500
ORD003718,Delivered,10.0,3500
ORD003719,,4.0,1500
ORD003720,delivered,1.0,0
ORD003721,Delivered,4.0,2500
ORD003722,Delayed,4.0,2500
ORD003723,delivered,14.0,0
ORD003724,Delivered,11.0,1000
ORD003725,Delayed,6.0,1500
ORD003726,In Transit,13.0,1000
ORD003727,Delivered,9.0,0
ORD003728,In Transit,,2500
ORD003729,,8.0,1500
ORD003730,delivered,9.0,1000
ORD003731,In Transit,2.0,0
ORD003732,Delayed,11.0,1500
ORD003733,In Transit,13.0,1000
ORD003734,In Transit,1.0,0
ORD003735,In Transit,11.0,0
ORD003736,Delayed,8.0,1500
ORD003737,Returned,,0
ORD003738,,,1500
ORD003739,Delivered,6.0,1500
ORD003740,,7.0,3500
ORD003741,,5.0,2500
ORD003742,Delivered,12.0,1000
ORD003743,Delayed,14.0,1000
ORD003744,Returned,13.0,0
ORD003745,Returned,11.0,1000
ORD003746,Returned,2.0,3500
ORD003747,Delivered,,0
ORD003748,delivered,14.0,0
ORD003749,Delayed,11.0,2500
ORD003750,In Transit,7.0,1500
ORD003751,DELIVERED,6.0,3500
ORD003752,Delayed,6.0,1000
ORD003753,Delivered,,2500
ORD003754,In Transit,10.0,1500
ORD003755,DELIVERED,13.0,2500
ORD003756,,12.0,2500
ORD003757,Delivered,5.0,0
ORD003758,Delayed,,1500
ORD003759,Returned,5.0,3500
ORD003760,Returned,6.0,2500
ORD003761,,14.0,1000
ORD003762,,12.0,1500
ORD003763,Delivered,13.0,3500
ORD003764,DELIVERED,14.0,0
ORD003765,,4.0,1000
ORD003766,,13.0,1500
ORD003767,Delivered,11.0,0
ORD003768,,3.0,1000
ORD003769,Delivered,13.0,1500
ORD003770,delivered,11.0,2500
ORD003771,In Transit,13.0,3500
ORD003772,Delivered,12.0,1500
ORD003773,Delivered,10.0,1500
ORD003774,,9.0,2500
ORD003775,Delivered,10.0,1000
ORD003776,Delivered,13.0,0
ORD003777,,5.0,3500
ORD003778,delivered,12.0,1500
ORD003779,In Transit,14.0,0
ORD003780,Delivered,5.0,3500
ORD003781,DELIVERED,8.0,0
ORD003782,DELIVERED,3.0,1000
ORD003783,Returned,3.0,2500
ORD003784,Returned,14.0,3500
ORD003785,In Transit,9.0,2500
ORD003786,,7.0,0
ORD003787,In Transit,13.0,2500
ORD003788,Delayed,,0
ORD003789,Delivered,6.0,2500
ORD003790,delivered,5.0,2500
ORD003791,,,0
ORD003792,,12.0,2500
ORD003793,Delivered,14.0,1000
ORD003794,,10.0,3500
ORD003795,,14.0,1500
ORD003796,Delivered,4.0,1500
ORD003797,Delivered,2.0,3500
ORD003798,Delayed,10.0,1500
ORD003799,,12.0,1500
ORD003800,,13.0,3500
ORD003801,Delivered,2.0,1000
ORD003802,Delivered,12.0,1000
ORD003803,In Transit,2.0,2500
ORD003804,Delivered,,1000
ORD003805,Delayed,,0
ORD003806,Delivered,12.0,1500
ORD003807,delivered,1.0,2500
ORD003808,,8.0,0
ORD003809,Delivered,7.0,2500
ORD003810,Returned,3.0,3500
ORD003811,In Transit,9.0,0
ORD003812,Delayed,12.0,3500
ORD003813,In Transit,5.0,1500
ORD003814,Delayed,6.0,1000
ORD003815,,2.0,0
ORD003816,In Transit,11.0,3500
ORD003817,Delayed,,3500
ORD003818,Delivered,3.0,1500
ORD003819,Delivered,12.0,3500
ORD003820,,7.0,1500
ORD003821,delivered,9.0,1500
ORD003822,,10.0,1500
ORD003823,In Transit,3.0,1500
ORD003824,In Transit,12.0,0
ORD003825,Delivered,5.0,1000
ORD003826,,2.0,1500
ORD003827,delivered,8.0,0
ORD003828,Delivered,8.0,1500
ORD003829,Delivered,13.0,3500
ORD003830,In Transit,5.0,1500
ORD003831,In Transit,14.0,2500
ORD003832,Returned,4.0,1500
ORD003833,Delayed,6.0,1000
ORD003834,Delayed,13.0,1000
ORD003835,Delivered,10.0,3500
ORD003836,Delayed,2.0,1500
ORD003837,In Transit,9.0,3500
ORD003838,Delivered,13.0,3500
ORD003839,DELIVERED,4.0,1500
ORD003840,Delivered,12.0,1500
ORD003841,Returned,7.0,2500
ORD003842,,3.0,0
ORD003843,Delivered,14.0,2500
ORD003844,Delivered,2.0,2500
ORD003845,delivered,,2500
ORD003846,Returned,2.0,0
ORD003847,DELIVERED,4.0,3500
ORD003848,Returned,5.0,3500
ORD003849,Delivered,1.0,0
ORD003850,Delayed,11.0,1500
ORD003851,Returned,4.0,1000
ORD003852,Returned,1.0,3500
ORD003853,Delivered,14.0,3500
ORD003854,DELIVERED,5.0,3500
ORD003855,In Transit,,2500
ORD003856,DELIVERED,7.0,3500
ORD003857,Returned,4.0,2500
ORD003858,Returned,11.0,2500
ORD003859,,4.0,3500
ORD003860,Delivered,10.0,1000
ORD003861,Delayed,2.0,0
ORD003862,Delivered,5.0,3500
ORD003863,Returned,1.0,1500
ORD003864,,,3500
ORD003865,In Transit,13.0,0
ORD003866,delivered,6.0,1500
ORD003867,Delivered,11.0,2500
ORD003868,Delivered,2.0,1500
ORD003869,DELIVERED,13.0,1500
ORD003870,,11.0,3500
ORD003871,In Transit,14.0,0
ORD003872,In Transit,9.0,1000
ORD003873,Returned,,1000
ORD003874,Returned,11.0,0
ORD003875,Delivered,9.0,1500
ORD003876,In Transit,14.0,1500
ORD003877,Delivered,9.0,2500
ORD003878,DELIVERED,8.0,3500
ORD003879,delivered,5.0,1500
ORD003880,Delivered,7.0,2500
ORD003881,Returned,,1500
ORD003882,In Transit,14.0,2500
ORD003883,,13.0,1000
ORD003884,,,3500
ORD003885,DELIVERED,12.0,1500
ORD003886,delivered,7.0,3500
ORD003887,In Transit,2.0,1500
ORD003888,Delivered,4.0,0
ORD003889,Delayed,14.0,1000
ORD003890,In Transit,4.0,2500
ORD003891,,12.0,3500
ORD003892,,9.0,0
ORD003893,Delivered,11.0,1500
ORD003894,delivered,4.0,2500
ORD003895,Delivered,11.0,1500
ORD003896,In Transit,9.0,1000
ORD003897,Delivered,13.0,0
ORD003898,Delayed,8.0,0
ORD003899,Delivered,5.0,0
ORD003900,Delivered,4.0,3500
ORD003901,In Transit,6.0,3500
ORD003902,Delayed,4.0,0
ORD003903,In Transit,8.0,0
ORD003904,DELIVERED,3.0,1000
ORD003905,In Transit,14.0,1000
ORD003906,,1.0,1000
ORD003907,In Transit,8.0,1500
ORD003908,Delivered,8.0,2500
ORD003909,Delivered,5.0,1500
ORD003910,DELIVERED,5.0,2500
ORD003911,Delayed,11.0,2500
ORD003912,In Transit,3.0,2500
ORD003913,In Transit,10.0,2500
ORD003914,,8.0,1000
ORD003915,In Transit,5.0,0
ORD003916,DELIVERED,12.0,0
ORD003917,DELIVERED,,0
ORD003918,Delayed,8.0,0
ORD003919,In Transit,8.0,1500
ORD003920,Delayed,3.0,0
ORD003921,In Transit,4.0,1000
ORD003922,Returned,14.0,2500
ORD003923,Delivered,1.0,0
ORD003924,Delivered,2.0,1000
ORD003925,Delivered,6.0,1000
ORD003926,In Transit,14.0,1000
ORD003927,Delivered,9.0,3500
ORD003928,Delivered,10.0,0
ORD003929,In Transit,1.0,1500
ORD003930,Delivered,11.0,3500
ORD003931,,14.0,2500
ORD003932,Delayed,7.0,1500
ORD003933,delivered,10.0,0
ORD003934,Delivered,14.0,1500
ORD003935,DELIVERED,4.0,2500
ORD003936,Delayed,,1500
ORD003937,,,1500
ORD003938,DELIVERED,1.0,3500
ORD003939,Returned,13.0,3500
ORD003940,,8.0,1500
ORD003941,In Transit,,1000
ORD003942,,3.0,3500
ORD003943,In Transit,13.0,2500
ORD003944,delivered,7.0,1000
ORD003945,In Transit,4.0,3500
ORD003946,Returned,4.0,3500
ORD003947,In Transit,7.0,2500
ORD003948,Delayed,14.0,0
ORD003949,Delivered,10.0,3500
ORD003950,In Transit,3.0,2500
ORD003951,Returned,6.0,0
ORD003952,Delivered,5.0,2500
ORD003953,delivered,12.0,0
ORD003954,Delivered,8.0,0
ORD003955,In Transit,3.0,2500
ORD003956,In Transit,12.0,1000
ORD003957,Delivered,10.0,0
ORD003958,Delayed,10.0,3500
ORD003959,Delayed,9.0,1000
ORD003960,Delayed,10.0,2500
ORD003961,Returned,9.0,1000
ORD003962,delivered,12.0,3500
ORD003963,Delivered,14.0,3500
ORD003964,Returned,11.0,1500
ORD003965,delivered,1.0,3500
ORD003966,Delayed,8.0,2500
ORD003967,,11.0,0
ORD003968,,6.0,1500
ORD003969,In Transit,11.0,0
ORD003970,In Transit,7.0,0
ORD003971,,2.0,2500
ORD003972,,11.0,1000
ORD003973,delivered,7.0,3500
ORD003974,,14.0,0
ORD003975,Delayed,13.0,1500
ORD003976,DELIVERED,7.0,1500
ORD003977,Delayed,7.0,1500
ORD003978,Delivered,8.0,1000
ORD003979,delivered,1.0,3500
ORD003980,DELIVERED,7.0,2500
ORD003981,Delivered,14.0,1500
ORD003982,Returned,10.0,2500
ORD003983,,4.0,3500
ORD003984,DELIVERED,2.0,0
ORD003985,In Transit,4.0,1500
ORD003986,DELIVERED,6.0,1500
ORD003987,Delivered,1.0,0
ORD003988,delivered,2.0,3500
ORD003989,DELIVERED,9.0,0
ORD003990,Delivered,1.0,3500
ORD003991,Delivered,5.0,2500
ORD003992,In Transit,1.0,1500
ORD003993,Delayed,1.0,0
ORD003994,In Transit,9.0,2500
ORD003995,Delivered,12.0,0
ORD003996,Delayed,14.0,3500
ORD003997,Delivered,,0
ORD003998,Delayed,13.0,3500
ORD003999,delivered,13.0,0
ORD004000,Delivered,3.0,2500
ORD004001,In Transit,,3500
ORD004002,Delivered,12.0,2500
ORD004003,Delayed,4.0,0
ORD004004,Delivered,12.0,1000
ORD004005,Returned,9.0,1000
ORD004006,,5.0,1000
ORD004007,Delivered,13.0,3500
ORD004008,In Transit,1.0,0
ORD004009,delivered,3.0,2500
ORD004010,Delayed,10.0,3500
ORD004011,Delivered,8.0,2500
ORD004012,Delivered,13.0,2500
ORD004013,In Transit,7.0,3500
ORD004014,Delayed,1.0,1000
ORD004015,Returned,4.0,2500
ORD004016,Returned,1.0,1000
ORD004017,,12.0,3500
ORD004018,,4.0,3500
ORD004019,Delivered,9.0,1000
ORD004020,delivered,5.0,3500
ORD004021,Returned,5.0,1500
ORD004022,In Transit,9.0,1000
ORD004023,Delivered,4.0,1500
ORD004024,delivered,12.0,2500
ORD004025,,10.0,0
ORD004026,In Transit,13.0,1500
ORD004027,,12.0,1000
ORD004028,DELIVERED,2.0,3500
ORD004029,Delayed,12.0,1000
ORD004030,In Transit,13.0,2500
ORD004031,,6.0,1000
ORD004032,Delivered,1.0,2500
ORD004033,Delivered,7.0,3500
ORD004034,DELIVERED,11.0,3500
ORD004035,Delivered,8.0,0
ORD004036,delivered,11.0,3500
ORD004037,,10.0,1500
ORD004038,Delayed,1.0,1000
ORD004039,DELIVERED,3.0,1000
ORD004040,delivered,9.0,2500
ORD004041,,6.0,2500
ORD004042,Delayed,6.0,0
ORD004043,Delayed,9.0,1000
ORD004044,Delivered,3.0,3500
ORD004045,delivered,14.0,0
ORD004046,Delivered,13.0,1500
ORD004047,Delivered,13.0,0
ORD004048,delivered,12.0,0
ORD004049,Delayed,9.0,1500
ORD004050,,4.0,3500
ORD004051,In Transit,1.0,3500
ORD004052,DELIVERED,8.0,3500
ORD004053,delivered,13.0,0
ORD004054,delivered,9.0,2500
ORD004055,delivered,10.0,0
ORD004056,Delayed,3.0,1500
ORD004057,Delivered,13.0,0
ORD004058,Delivered,2.0,3500
ORD004059,Delivered,3.0,3500
ORD004060,,3.0,1500
ORD004061,Returned,6.0,3500
ORD004062,delivered,12.0,1500
ORD004063,DELIVERED,8.0,0
ORD004064,In Transit,5.0,1000
ORD004065,,13.0,2500
ORD004066,Delayed,5.0,1500
ORD004067,,2.0,3500
ORD004068,DELIVERED,3.0,1500
ORD004069,,9.0,1500
ORD004070,Delivered,8.0,1000
ORD004071,Delayed,13.0,2500
ORD004072,,5.0,1000
ORD004073,Delivered,6.0,0
ORD004074,In Transit,6.0,1500
ORD004075,Returned,2.0,1500
ORD004076,Delivered,5.0,0
ORD004077,In Transit,10.0,1500
ORD004078,delivered,1.0,2500
ORD004079,In Transit,9.0,2500
ORD004080,DELIVERED,13.0,1000
ORD004081,Returned,1.0,1500
ORD004082,,11.0,0
ORD004083,In Transit,7.0,2500
ORD004084,In Transit,11.0,3500
ORD004085,delivered,9.0,0
ORD004086,delivered,2.0,0
ORD004087,Delivered,8.0,1000
ORD004088,Delivered,1.0,3500
ORD004089,In Transit,7.0,0
ORD004090,Delivered,8.0,1000
ORD004091,In Transit,5.0,2500
ORD004092,In Transit,9.0,0
ORD004093,,13.0,0
ORD004094,delivered,1.0,1000
ORD004095,Delivered,4.0,2500
ORD004096,delivered,6.0,1500
ORD004097,delivered,13.0,1000
ORD004098,Delivered,7.0,1000
ORD004099,DELIVERED,12.0,0
ORD004100,Returned,,1500
ORD004101,Returned,8.0,1000
ORD004102,Delayed,,2500
ORD004103,In Transit,2.0,1000
ORD004104,,5.0,0
ORD004105,,2.0,1000
ORD004106,,10.0,1500
ORD004107,Delivered,12.0,3500
ORD004108,Delayed,3.0,1500
ORD004109,Delivered,4.0,1000
ORD004110,delivered,4.0,2500
ORD004111,,3.0,3500
ORD004112,Delivered,14.0,2500
ORD004113,DELIVERED,12.0,1500
ORD004114,DELIVERED,6.0,2500
ORD004115,Delayed,14.0,0
ORD004116,Returned,5.0,1000
ORD004117,Delayed,7.0,2500
ORD004118,In Transit,7.0,1500
ORD004119,,14.0,1500
ORD004120,Delivered,4.0,2500
ORD004121,In Transit,8.0,1000
ORD004122,delivered,8.0,1500
ORD004123,Returned,1.0,1000
ORD004124,,5.0,2500
ORD004125,DELIVERED,10.0,3500
ORD004126,In Transit,14.0,1000
ORD004127,In Transit,4.0,1500
ORD004128,DELIVERED,,3500
ORD004129,delivered,8.0,0
ORD004130,Returned,11.0,1500
ORD004131,Returned,3.0,1500
ORD004132,,12.0,3500
ORD004133,Returned,1.0,2500
ORD004134,delivered,2.0,0
ORD004135,Delivered,8.0,2500
ORD004136,delivered,13.0,1500
ORD004137,Delayed,8.0,1000
ORD004138,Returned,12.0,1000
ORD004139,Delivered,,3500
ORD004140,,1.0,2500
ORD004141,Delivered,11.0,1500
ORD004142,In Transit,6.0,1500
ORD004143,Delayed,2.0,2500
ORD004144,In Transit,6.0,3500
ORD004145,,6.0,3500
ORD004146,Delivered,,3500
ORD004147,In Transit,13.0,1500
ORD004148,delivered,11.0,0
ORD004149,In Transit,7.0,1000
ORD004150,Returned,,3500
ORD004151,Delayed,5.0,3500
ORD004152,In Transit,7.0,2500
ORD004153,Returned,1.0,0
ORD004154,Returned,2.0,1500
ORD004155,,6.0,3500
ORD004156,delivered,1.0,3500
ORD004157,,6.0,1500
ORD004158,Delayed,2.0,1000
ORD004159,Returned,6.0,1500
ORD004160,DELIVERED,10.0,0
ORD004161,Returned,1.0,2500
ORD004162,,12.0,2500
ORD004163,,9.0,0
ORD004164,delivered,,1000
ORD004165,Delivered,11.0,3500
ORD004166,Delayed,14.0,2500
ORD004167,,12.0,0
ORD004168,In Transit,12.0,0
ORD004169,Returned,8.0,1000
ORD004170,Delayed,,1000
ORD004171,In Transit,3.0,2500
ORD004172,delivered,1.0,1000
ORD004173,,1.0,2500
ORD004174,Returned,2.0,0
ORD004175,Delivered,14.0,1000
ORD004176,Delayed,7.0,2500
ORD004177,Delivered,5.0,3500
ORD004178,delivered,14.0,3500
ORD004179,Delivered,9.0,1500
ORD004180,Delivered,6.0,2500
ORD004181,DELIVERED,4.0,1000
ORD004182,Delivered,10.0,0
ORD004183,Returned,12.0,1000
ORD004184,In Transit,7.0,3500
ORD004185,In Transit,7.0,0
ORD004186,delivered,9.0,2500
ORD004187,Delivered,12.0,1500
ORD004188,In Transit,6.0,1500
ORD004189,DELIVERED,10.0,3500
ORD004190,In Transit,3.0,1500
ORD004191,Delayed,1.0,2500
ORD004192,Delivered,13.0,0
ORD004193,Delayed,13.0,1500
ORD004194,Delivered,3.0,3500
ORD004195,Returned,1.0,0
ORD004196,DELIVERED,7.0,2500
ORD004197,,8.0,1000
ORD004198,,5.0,3500
ORD004199,,,3500
ORD004200,Returned,7.0,3500
ORD004201,Delivered,10.0,1500
ORD004202,Delivered,6.0,3500
ORD004203,In Transit,3.0,2500
ORD004204,Delivered,12.0,1500
ORD004205,Delivered,4.0,1500
ORD004206,In Transit,7.0,2500
ORD004207,Delivered,9.0,2500
ORD004208,,13.0,0
ORD004209,In Transit,6.0,3500
ORD004210,Delayed,3.0,2500
ORD004211,delivered,,1000
ORD004212,,6.0,1000
ORD004213,Delivered,3.0,3500
ORD004214,Delayed,7.0,3500
ORD004215,In Transit,13.0,0
ORD004216,DELIVERED,5.0,1000
ORD004217,In Transit,11.0,3500
ORD004218,delivered,14.0,1500
ORD004219,Delivered,,2500
ORD004220,Returned,4.0,1500
ORD004221,Delivered,9.0,1500
ORD004222,Delayed,1.0,1000
ORD004223,Delivered,8.0,0
ORD004224,Delivered,4.0,1000
ORD004225,,9.0,3500
ORD004226,Returned,7.0,2500
ORD004227,Returned,13.0,2500
ORD004228,Delayed,5.0,3500
ORD004229,Returned,12.0,1000
ORD004230,delivered,4.0,1000
ORD004231,Delayed,8.0,0
ORD004232,delivered,3.0,0
ORD004233,Returned,13.0,3500
ORD004234,Delayed,,3500
ORD004235,delivered,4.0,0
ORD004236,In Transit,10.0,3500
ORD004237,Delayed,8.0,1500
ORD004238,,6.0,0
ORD004239,In Transit,3.0,1500
ORD004240,Delivered,13.0,3500
ORD004241,In Transit,11.0,1000
ORD004242,Delivered,2.0,1500
ORD004243,Delivered,9.0,0
ORD004244,,11.0,3500
ORD004245,Delivered,13.0,3500
ORD004246,DELIVERED,11.0,0
ORD004247,delivered,3.0,2500
ORD004248,Delayed,7.0,2500
ORD004249,DELIVERED,1.0,3500
ORD004250,Delivered,9.0,1000
ORD004251,Delayed,7.0,2500
ORD004252,Delayed,14.0,1500
ORD004253,In Transit,13.0,2500
ORD004254,Returned,13.0,1500
ORD004255,Delivered,6.0,0
ORD004256,In Transit,9.0,1500
ORD004257,Delivered,7.0,0
ORD004258,,2.0,2500
ORD004259,Returned,9.0,1500
ORD004260,In Transit,7.0,1500
ORD004261,,9.0,2500
ORD004262,Delivered,12.0,3500
ORD004263,Delivered,11.0,1000
ORD004264,Delivered,3.0,2500
ORD004265,Delivered,,0
ORD004266,DELIVERED,1.0,0
ORD004267,Delayed,5.0,1500
ORD004268,Delayed,7.0,0
ORD004269,Returned,4.0,1000
ORD004270,,13.0,1500
ORD004271,Delayed,9.0,0
ORD004272,Delivered,11.0,3500
ORD004273,Delayed,8.0,3500
ORD004274,Delivered,9.0,2500
ORD004275,delivered,10.0,3500
ORD004276,DELIVERED,3.0,1500
ORD004277,delivered,9.0,1000
ORD004278,Delivered,2.0,0
ORD004279,Delivered,14.0,0
ORD004280,Delivered,4.0,0
ORD004281,,8.0,2500
ORD004282,Delivered,8.0,0
ORD004283,DELIVERED,10.0,3500
ORD004284,In Transit,9.0,0
ORD004285,,3.0,3500
ORD004286,Delivered,8.0,1000
ORD004287,In Transit,6.0,0
ORD004288,,10.0,1500
ORD004289,DELIVERED,11.0,1000
ORD004290,DELIVERED,8.0,3500
ORD004291,,12.0,2500
ORD004292,Delayed,13.0,0
ORD004293,In Transit,,0
ORD004294,Delivered,6.0,2500
ORD004295,In Transit,8.0,1000
ORD004296,In Transit,11.0,1500
ORD004297,Delayed,10.0,1000
ORD004298,,4.0,3500
ORD004299,,12.0,0
ORD004300,Delivered,8.0,0
ORD004301,Delivered,6.0,2500
ORD004302,,,3500
ORD004303,In Transit,14.0,0
ORD004304,,3.0,0
ORD004305,delivered,7.0,0
ORD004306,In Transit,7.0,1500
ORD004307,Delayed,,3500
ORD004308,Delivered,11.0,1500
ORD004309,Delivered,6.0,3500
ORD004310,delivered,1.0,3500
ORD004311,,,3500
ORD004312,Delivered,12.0,1000
ORD004313,In Transit,8.0,3500
ORD004314,Delivered,13.0,0
ORD004315,Delivered,12.0,1000
ORD004316,delivered,11.0,3500
ORD004317,Returned,14.0,0
ORD004318,DELIVERED,11.0,1000
ORD004319,Returned,1.0,0
ORD004320,In Transit,14.0,1500
ORD004321,,11.0,0
ORD004322,delivered,11.0,3500
ORD004323,Delivered,4.0,0
ORD004324,DELIVERED,2.0,2500
ORD004325,,9.0,0
ORD004326,In Transit,2.0,2500
ORD004327,,10.0,1500
ORD004328,Delayed,14.0,1500
ORD004329,Returned,14.0,1500
ORD004330,,,0
ORD004331,delivered,13.0,2500
ORD004332,delivered,7.0,1500
ORD004333,Delayed,,2500
ORD004334,Delivered,10.0,1500
ORD004335,Delivered,4.0,1000
ORD004336,Returned,7.0,2500
ORD004337,delivered,13.0,1500
ORD004338,In Transit,3.0,1000
ORD004339,,1.0,3500
ORD004340,,7.0,1500
ORD004341,delivered,7.0,1500
ORD004342,Returned,1.0,1000
ORD004343,In Transit,7.0,3500
ORD004344,In Transit,4.0,1000
ORD004345,delivered,3.0,2500
ORD004346,Delivered,2.0,1500
ORD004347,Delayed,4.0,1000
ORD004348,In Transit,12.0,0
ORD004349,Delivered,2.0,3500
ORD004350,Delivered,8.0,1500
ORD004351,In Transit,10.0,1000
ORD004352,Delivered,5.0,1000
ORD004353,Delivered,6.0,1500
ORD004354,delivered,6.0,0
ORD004355,Delayed,11.0,1000
ORD004356,,1.0,0
ORD004357,Delivered,2.0,1500
ORD004358,Delivered,7.0,3500
ORD004359,Delayed,12.0,2500
ORD004360,Delayed,1.0,2500
ORD004361,,1.0,2500
ORD004362,,9.0,3500
ORD004363,In Transit,9.0,1500
ORD004364,delivered,9.0,3500
ORD004365,delivered,4.0,0
ORD004366,Delivered,6.0,1000
ORD004367,Delivered,,3500
ORD004368,Delayed,,0
ORD004369,Delivered,13.0,1000
ORD004370,,6.0,0
ORD004371,Delivered,9.0,0
ORD004372,Delayed,12.0,1500
ORD004373,Returned,6.0,2500
ORD004374,Returned,6.0,1500
ORD004375,delivered,9.0,1000
ORD004376,Delayed,14.0,0
ORD004377,In Transit,4.0,2500
ORD004378,delivered,1.0,0
ORD004379,In Transit,7.0,2500
ORD004380,,6.0,1000
ORD004381,Returned,12.0,2500
ORD004382,Delayed,10.0,2500
ORD004383,In Transit,2.0,1500
ORD004384,In Transit,10.0,2500
ORD004385,,12.0,3500
ORD004386,Delivered,13.0,3500
ORD004387,In Transit,2.0,2500
ORD004388,Delivered,2.0,1000
ORD004389,In Transit,6.0,1500
ORD004390,delivered,6.0,1500
ORD004391,Delivered,4.0,1500
ORD004392,DELIVERED,2.0,3500
ORD004393,DELIVERED,11.0,3500
ORD004394,,13.0,1500
ORD004395,Delivered,11.0,2500
ORD004396,,4.0,0
ORD004397,,10.0,0
ORD004398,delivered,9.0,3500
ORD004399,In Transit,1.0,1000
ORD004400,DELIVERED,11.0,1000
ORD004401,Delivered,6.0,1000
ORD004402,,1.0,0
ORD004403,Delivered,2.0,2500
ORD004404,Delivered,6.0,3500
ORD004405,Returned,11.0,2500
ORD004406,,2.0,1500
ORD004407,Delivered,9.0,2500
ORD004408,Delayed,2.0,0
ORD004409,delivered,4.0,1000
ORD004410,,10.0,1000
ORD004411,delivered,13.0,0
ORD004412,In Transit,3.0,1500
ORD004413,,5.0,2500
ORD004414,delivered,14.0,2500
ORD004415,In Transit,2.0,3500
ORD004416,DELIVERED,2.0,3500
ORD004417,,5.0,2500
ORD004418,Delayed,4.0,1000
ORD004419,delivered,10.0,1000
ORD004420,Delayed,,0
ORD004421,,10.0,1500
ORD004422,Delayed,2.0,2500
ORD004423,delivered,,3500
ORD004424,,14.0,1000
ORD004425,,1.0,0
ORD004426,In Transit,14.0,3500
ORD004427,Delivered,11.0,2500
ORD004428,delivered,2.0,2500
ORD004429,In Transit,2.0,1000
ORD004430,delivered,7.0,3500
ORD004431,In Transit,1.0,1000
ORD004432,In Transit,14.0,3500
ORD004433,Delayed,2.0,2500
ORD004434,Returned,13.0,0
ORD004435,DELIVERED,3.0,1500
ORD004436,In Transit,13.0,0
ORD004437,Delivered,4.0,1000
ORD004438,delivered,14.0,1000
ORD004439,,8.0,2500
ORD004440,Delayed,7.0,0
ORD004441,Returned,12.0,2500
ORD004442,Delivered,3.0,3500
ORD004443,delivered,13.0,3500
ORD004444,In Transit,7.0,0
ORD004445,delivered,9.0,3500
ORD004446,Returned,10.0,0
ORD004447,Returned,13.0,2500
ORD004448,,14.0,2500
ORD004449,In Transit,12.0,0
ORD004450,delivered,7.0,3500
ORD004451,In Transit,13.0,3500
ORD004452,,2.0,1500
ORD004453,delivered,7.0,3500
ORD004454,Delivered,5.0,2500
ORD004455,In Transit,14.0,0
ORD004456,,13.0,3500
ORD004457,DELIVERED,1.0,0
ORD004458,,6.0,2500
ORD004459,delivered,1.0,1500
ORD004460,Delivered,10.0,2500
ORD004461,In Transit,2.0,2500
ORD004462,Delivered,12.0,3500
ORD004463,,14.0,2500
ORD004464,Returned,13.0,3500
ORD004465,Delivered,6.0,1000
ORD004466,In Transit,13.0,1500
ORD004467,Delivered,6.0,3500
ORD004468,DELIVERED,11.0,3500
ORD004469,In Transit,13.0,3500
ORD004470,DELIVERED,3.0,1000
ORD004471,,13.0,0
ORD004472,Delivered,9.0,2500
ORD004473,Delivered,2.0,3500
ORD004474,Returned,5.0,1000
ORD004475,Delayed,7.0,0
ORD004476,In Transit,8.0,1000
ORD004477,Delayed,12.0,2500
ORD004478,Returned,11.0,2500
ORD004479,Delivered,3.0,0
ORD004480,Delivered,,1500
ORD004481,Returned,6.0,3500
ORD004482,In Transit,6.0,1500
ORD004483,DELIVERED,3.0,1500
ORD004484,,5.0,1500
ORD004485,Delayed,8.0,2500
ORD004486,delivered,10.0,1000
ORD004487,Returned,2.0,0
ORD004488,Delivered,12.0,1000
ORD004489,Returned,5.0,3500
ORD004490,delivered,5.0,3500
ORD004491,,2.0,1500
ORD004492,In Transit,7.0,0
ORD004493,Delayed,6.0,2500
ORD004494,In Transit,1.0,0
ORD004495,Returned,5.0,0
ORD004496,In Transit,8.0,0
ORD004497,Returned,6.0,1500
ORD004498,In Transit,14.0,2500
ORD004499,,,0
ORD004500,In Transit,1.0,2500
ORD004501,In Transit,5.0,0
ORD004502,In Transit,10.0,1000
ORD004503,Delivered,,1000
ORD004504,Returned,12.0,1500
ORD004505,delivered,3.0,3500
ORD004506,Delivered,14.0,3500
ORD004507,delivered,1.0,2500
ORD004508,Delivered,6.0,3500
ORD004509,,8.0,0
ORD004510,,1.0,2500
ORD004511,Returned,8.0,2500
ORD004512,Delayed,1.0,1000
ORD004513,DELIVERED,12.0,2500
ORD004514,In Transit,6.0,3500
ORD004515,DELIVERED,8.0,1000
ORD004516,Delivered,5.0,0
ORD004517,Returned,4.0,1000
ORD004518,Returned,5.0,1000
ORD004519,In Transit,,1500
ORD004520,Returned,6.0,2500
ORD004521,In Transit,4.0,0
ORD004522,delivered,10.0,1000
ORD004523,Delivered,1.0,2500
ORD004524,delivered,11.0,1000
ORD004525,In Transit,,1000
ORD004526,,9.0,0
ORD004527,Delivered,14.0,2500
ORD004528,,2.0,2500
ORD004529,In Transit,5.0,1500
ORD004530,delivered,12.0,2500
ORD004531,Delivered,7.0,0
ORD004532,Delivered,4.0,1500
ORD004533,In Transit,11.0,1000
ORD004534,Delivered,14.0,3500
ORD004535,Returned,12.0,2500
ORD004536,,7.0,1000
ORD004537,Delivered,9.0,3500
ORD004538,In Transit,5.0,3500
ORD004539,,,1500
ORD004540,,11.0,2500
ORD004541,,1.0,2500
ORD004542,delivered,2.0,1500
ORD004543,Delivered,7.0,3500
ORD004544,Delivered,13.0,1500
ORD004545,Returned,12.0,1000
ORD004546,delivered,1.0,3500
ORD004547,Delivered,10.0,1000
ORD004548,In Transit,9.0,3500
ORD004549,DELIVERED,7.0,3500
ORD004550,Delayed,6.0,1500
ORD004551,,,2500
ORD004552,Returned,13.0,0
ORD004553,Delivered,3.0,2500
ORD004554,delivered,1.0,0
ORD004555,Delayed,1.0,0
ORD004556,Delivered,5.0,0
ORD004557,Returned,6.0,2500
ORD004558,delivered,2.0,0
ORD004559,In Transit,2.0,1000
ORD004560,delivered,8.0,0
ORD004561,Delivered,12.0,1500
ORD004562,,1.0,3500
ORD004563,Delivered,7.0,1500
ORD004564,DELIVERED,5.0,1000
ORD004565,Returned,5.0,2500
ORD004566,delivered,9.0,1000
ORD004567,Delivered,1.0,0
ORD004568,In Transit,9.0,1000
ORD004569,Delivered,2.0,0
ORD004570,delivered,,3500
ORD004571,Returned,8.0,0
ORD004572,Returned,,0
ORD004573,In Transit,9.0,1000
ORD004574,In Transit,10.0,3500
ORD004575,Delivered,4.0,0
ORD004576,Delayed,8.0,1500
ORD004577,DELIVERED,,3500
ORD004578,In Transit,14.0,2500
ORD004579,delivered,4.0,3500
ORD004580,Delivered,2.0,1000
ORD004581,DELIVERED,14.0,1000
ORD004582,DELIVERED,5.0,0
ORD004583,,14.0,2500
ORD004584,delivered,13.0,3500
ORD004585,Delayed,3.0,2500
ORD004586,Returned,8.0,1500
ORD004587,DELIVERED,5.0,2500
ORD004588,Delivered,14.0,3500
ORD004589,,14.0,2500
ORD004590,DELIVERED,2.0,1500
ORD004591,Delivered,2.0,1500
ORD004592,In Transit,5.0,2500
ORD004593,delivered,4.0,1000
ORD004594,delivered,10.0,0
ORD004595,Delivered,13.0,3500
ORD004596,In Transit,4.0,3500
ORD004597,DELIVERED,12.0,1000
ORD004598,Delivered,2.0,0
ORD004599,In Transit,9.0,1000
ORD004600,Delivered,14.0,3500
ORD004601,Delivered,14.0,2500
ORD004602,,7.0,1000
ORD004603,Delivered,1.0,3500
ORD004604,delivered,14.0,1000
ORD004605,Returned,7.0,2500
ORD004606,Returned,,1000
ORD004607,,3.0,0
ORD004608,Delivered,3.0,1000
ORD004609,In Transit,14.0,3500
ORD004610,Delayed,4.0,2500
ORD004611,delivered,13.0,1000
ORD004612,Delayed,2.0,1500
ORD004613,,9.0,1500
ORD004614,Returned,9.0,3500
ORD004615,Delivered,2.0,3500
ORD004616,In Transit,6.0,3500
ORD004617,Delivered,13.0,1000
ORD004618,Returned,3.0,0
ORD004619,Delivered,,1000
ORD004620,,1.0,0
ORD004621,Delivered,10.0,1000
ORD004622,In Transit,10.0,0
ORD004623,Delivered,7.0,0
ORD004624,Delivered,5.0,3500
ORD004625,,11.0,1000
ORD004626,Delivered,2.0,2500
ORD004627,,2.0,1500
ORD004628,delivered,5.0,1000
ORD004629,DELIVERED,4.0,1000
ORD004630,In Transit,5.0,1000
ORD004631,In Transit,1.0,1500
ORD004632,,11.0,0
ORD004633,Delivered,12.0,2500
ORD004634,In Transit,10.0,3500
ORD004635,delivered,11.0,2500
ORD004636,,2.0,3500
ORD004637,Delayed,9.0,2500
ORD004638,Delivered,,3500
ORD004639,In Transit,5.0,3500
ORD004640,Delivered,,1500
ORD004641,Returned,2.0,2500
ORD004642,Returned,1.0,1000
ORD004643,In Transit,1.0,3500
ORD004644,,2.0,1500
ORD004645,Delivered,6.0,1000
ORD004646,delivered,10.0,1500
ORD004647,Delivered,13.0,2500
ORD004648,Delivered,11.0,1000
ORD004649,Delivered,2.0,0
ORD004650,Returned,6.0,1000
ORD004651,Delivered,13.0,0
ORD004652,In Transit,14.0,0
ORD004653,,10.0,1500
ORD004654,Delivered,13.0,3500
ORD004655,DELIVERED,,1500
ORD004656,,12.0,1500
ORD004657,Delayed,,0
ORD004658,Delivered,14.0,0
ORD004659,,6.0,1000
ORD004660,In Transit,4.0,0
ORD004661,delivered,3.0,0
ORD004662,Returned,6.0,0
ORD004663,Returned,5.0,1000
ORD004664,In Transit,2.0,3500
ORD004665,In Transit,13.0,1000
ORD004666,,,1500
ORD004667,In Transit,13.0,2500
ORD004668,Delayed,6.0,0
ORD004669,In Transit,13.0,3500
ORD004670,DELIVERED,10.0,0
ORD004671,DELIVERED,14.0,1500
ORD004672,Delivered,1.0,3500
ORD004673,delivered,12.0,3500
ORD004674,,3.0,2500
ORD004675,Delivered,,2500
ORD004676,DELIVERED,11.0,1500
ORD004677,,,0
ORD004678,In Transit,14.0,1000
ORD004679,In Transit,5.0,1000
ORD004680,Returned,14.0,1500
ORD004681,In Transit,13.0,3500
ORD004682,Delivered,8.0,1000
ORD004683,Delivered,3.0,2500
ORD004684,Returned,10.0,1000
ORD004685,Delivered,8.0,1500
ORD004686,In Transit,3.0,1500
ORD004687,Returned,8.0,1000
ORD004688,delivered,2.0,1000
ORD004689,Delivered,2.0,0
ORD004690,Delivered,4.0,2500
ORD004691,DELIVERED,13.0,0
ORD004692,Delivered,3.0,3500
ORD004693,,12.0,0
ORD004694,In Transit,2.0,3500
ORD004695,delivered,2.0,3500
ORD004696,Delayed,1.0,2500
ORD004697,Delayed,7.0,0
ORD004698,Delivered,7.0,1000
ORD004699,,3.0,1500
ORD004700,Delivered,1.0,3500
ORD004701,Delivered,,0
ORD004702,In Transit,6.0,1000
ORD004703,In Transit,12.0,1000
ORD004704,Delivered,7.0,1500
ORD004705,Delivered,1.0,3500
ORD004706,Returned,13.0,1000
ORD004707,Delayed,12.0,3500
ORD004708,,11.0,3500
ORD004709,Delivered,3.0,3500
ORD004710,,13.0,2500
ORD004711,Returned,,2500
ORD004712,Delivered,8.0,0
ORD004713,,9.0,2500
ORD004714,Delivered,5.0,0
ORD004715,DELIVERED,2.0,2500
ORD004716,Delivered,14.0,3500
ORD004717,In Transit,7.0,3500
ORD004718,delivered,10.0,3500
ORD004719,delivered,12.0,0
ORD004720,Returned,,0
ORD004721,Delivered,1.0,2500
ORD004722,,10.0,3500
ORD004723,Delivered,5.0,1000
ORD004724,Delivered,12.0,0
ORD004725,Returned,13.0,2500
ORD004726,DELIVERED,7.0,1000
ORD004727,Delivered,1.0,1000
ORD004728,Returned,3.0,3500
ORD004729,DELIVERED,14.0,2500
ORD004730,Returned,3.0,2500
ORD004731,Delayed,11.0,1000
ORD004732,DELIVERED,3.0,1000
ORD004733,Delivered,10.0,3500
ORD004734,Delivered,1.0,2500
ORD004735,delivered,13.0,2500
ORD004736,Returned,1.0,1500
ORD004737,In Transit,14.0,1500
ORD004738,DELIVERED,11.0,2500
ORD004739,Delayed,1.0,2500
ORD004740,delivered,,1000
ORD004741,,13.0,0
ORD004742,Returned,11.0,3500
ORD004743,delivered,6.0,0
ORD004744,Returned,13.0,1000
ORD004745,Delivered,14.0,3500
ORD004746,Delivered,11.0,2500
ORD004747,,6.0,1500
ORD004748,Delivered,7.0,2500
ORD004749,DELIVERED,2.0,1000
ORD004750,Delivered,6.0,2500
ORD004751,Delayed,7.0,0
ORD004752,delivered,5.0,1000
ORD004753,In Transit,9.0,1500
ORD004754,,5.0,0
ORD004755,Returned,12.0,2500
ORD004756,delivered,2.0,3500
ORD004757,In Transit,13.0,1500
ORD004758,,13.0,2500
ORD004759,Delivered,12.0,3500
ORD004760,,8.0,0
ORD004761,Delivered,4.0,1000
ORD004762,In Transit,14.0,3500
ORD004763,,2.0,0
ORD004764,Returned,6.0,1500
ORD004765,,1.0,0
ORD004766,Delayed,10.0,2500
ORD004767,In Transit,6.0,2500
ORD004768,Delayed,9.0,1500
ORD004769,Delivered,4.0,0
ORD004770,DELIVERED,12.0,2500
ORD004771,In Transit,6.0,3500
ORD004772,,8.0,1000
ORD004773,Delivered,13.0,0
ORD004774,Delivered,,1500
ORD004775,,5.0,2500
ORD004776,In Transit,11.0,3500
ORD004777,delivered,4.0,1000
ORD004778,In Transit,2.0,1000
ORD004779,In Transit,12.0,3500
ORD004780,Delivered,9.0,2500
ORD004781,Delivered,8.0,2500
ORD004782,Delivered,1.0,1000
ORD004783,,14.0,2500
ORD004784,,,0
ORD004785,Returned,11.0,2500
ORD004786,,14.0,0
ORD004787,Delivered,13.0,1500
ORD004788,Delivered,11.0,2500
ORD004789,DELIVERED,6.0,3500
ORD004790,In Transit,6.0,2500
ORD004791,Delivered,5.0,2500
ORD004792,Returned,8.0,0
ORD004793,In Transit,14.0,1000
ORD004794,Delivered,,0
ORD004795,DELIVERED,10.0,3500
ORD004796,,6.0,2500
ORD004797,Returned,14.0,0
ORD004798,delivered,2.0,1500
ORD004799,,2.0,2500
ORD004800,DELIVERED,7.0,2500
ORD004801,,11.0,0
ORD004802,Delivered,12.0,3500
ORD004803,Delivered,,0
ORD004804,,13.0,3500
ORD004805,Delivered,10.0,1000
ORD004806,Delivered,11.0,3500
ORD004807,In Transit,9.0,0
ORD004808,Returned,11.0,2500
ORD004809,,11.0,1000
ORD004810,Delivered,6.0,2500
ORD004811,Delayed,5.0,1000
ORD004812,,,1000
ORD004813,Delivered,10.0,3500
ORD004814,DELIVERED,4.0,2500
ORD004815,Delivered,9.0,2500
ORD004816,Delivered,10.0,3500
ORD004817,delivered,3.0,3500
ORD004818,Delivered,,1500
ORD004819,DELIVERED,3.0,1000
ORD004820,Delivered,14.0,2500
ORD004821,delivered,14.0,1000
ORD004822,Delivered,8.0,3500
ORD004823,Delivered,7.0,3500
ORD004824,Delivered,2.0,1000
ORD004825,In Transit,,1000
ORD004826,,2.0,2500
ORD004827,Delivered,9.0,0
ORD004828,Returned,13.0,1000
ORD004829,Delivered,3.0,3500
ORD004830,In Transit,14.0,0
ORD004831,,3.0,3500
ORD004832,delivered,1.0,1500
ORD004833,Delayed,10.0,1000
ORD004834,In Transit,14.0,1500
ORD004835,delivered,14.0,2500
ORD004836,,,2500
ORD004837,In Transit,7.0,1000
ORD004838,delivered,6.0,2500
ORD004839,,5.0,1500
ORD004840,,,3500
ORD004841,,7.0,1000
ORD004842,In Transit,11.0,1500
ORD004843,Delivered,8.0,2500
ORD004844,DELIVERED,1.0,0
ORD004845,delivered,2.0,1500
ORD004846,,3.0,3500
ORD004847,Delivered,10.0,1500
ORD004848,Delayed,14.0,3500
ORD004849,Delivered,9.0,1000
ORD004850,,7.0,2500
ORD004851,,8.0,1000
ORD004852,Delayed,6.0,3500
ORD004853,DELIVERED,4.0,3500
ORD004854,Delayed,4.0,1000
ORD004855,,14.0,1500
ORD004856,In Transit,1.0,1000
ORD004857,,3.0,0
ORD004858,In Transit,,1500
ORD004859,DELIVERED,2.0,1500
ORD004860,Delayed,1.0,2500
ORD004861,Delivered,13.0,2500
ORD004862,Delayed,5.0,2500
ORD004863,,5.0,1000
ORD004864,Delivered,6.0,1000
ORD004865,DELIVERED,11.0,0
ORD004866,Delivered,10.0,1500
ORD004867,,4.0,1500
ORD004868,Returned,12.0,1000
ORD004869,In Transit,10.0,3500
ORD004870,Delivered,5.0,1000
ORD004871,Delivered,2.0,1000
ORD004872,Delivered,12.0,0
ORD004873,Delivered,1.0,1000
ORD004874,Delivered,,3500
ORD004875,Delivered,9.0,2500
ORD004876,In Transit,12.0,0
ORD004877,Returned,11.0,2500
ORD004878,Delayed,10.0,1000
ORD004879,Delivered,3.0,3500
ORD004880,In Transit,14.0,1500
ORD004881,Delayed,7.0,0
ORD004882,Delivered,4.0,2500
ORD004883,Returned,7.0,1500
ORD004884,In Transit,10.0,0
ORD004885,delivered,5.0,2500
ORD004886,,1.0,0
ORD004887,Delivered,6.0,1000
ORD004888,Delivered,5.0,1500
ORD004889,,5.0,1000
ORD004890,DELIVERED,9.0,1500
ORD004891,Delayed,14.0,1500
ORD004892,In Transit,11.0,1000
ORD004893,Delivered,9.0,2500
ORD004894,In Transit,3.0,3500
ORD004895,DELIVERED,7.0,1000
ORD004896,In Transit,13.0,1500
ORD004897,In Transit,2.0,2500
ORD004898,In Transit,2.0,0
ORD004899,Delayed,1.0,1000
ORD004900,,4.0,2500
ORD004901,In Transit,3.0,2500
ORD004902,Returned,8.0,0
ORD004903,In Transit,6.0,1500
ORD004904,,2.0,3500
ORD004905,Delayed,5.0,2500
ORD004906,Delivered,5.0,1000
ORD004907,In Transit,2.0,1500
ORD004908,Delivered,13.0,2500
ORD004909,delivered,8.0,2500
ORD004910,Delivered,,1500
ORD004911,Delayed,6.0,1500
ORD004912,Returned,,2500
ORD004913,,1.0,1000
ORD004914,Delivered,13.0,3500
ORD004915,Delayed,5.0,2500
ORD004916,DELIVERED,14.0,3500
ORD004917,Delivered,5.0,2500
ORD004918,Delayed,4.0,3500
ORD004919,Delayed,12.0,0
ORD004920,Delivered,,2500
ORD004921,DELIVERED,3.0,0
ORD004922,Delivered,5.0,0
ORD004923,Delivered,8.0,3500
ORD004924,Delayed,10.0,1000
ORD004925,In Transit,2.0,2500
ORD004926,Delivered,5.0,2500
ORD004927,Delivered,10.0,2500
ORD004928,In Transit,1.0,1000
ORD004929,Delivered,,0
ORD004930,In Transit,5.0,1000
ORD004931,Delivered,13.0,3500
ORD004932,Delayed,10.0,2500
ORD004933,Delivered,12.0,1000
ORD004934,Delayed,11.0,0
ORD004935,Delivered,9.0,2500
ORD004936,delivered,7.0,2500
ORD004937,,4.0,2500
ORD004938,delivered,10.0,1500
ORD004939,Delayed,12.0,0
ORD004940,In Transit,,0
ORD004941,Delayed,5.0,0
ORD004942,DELIVERED,2.0,0
ORD004943,In Transit,,2500
ORD004944,Delivered,,1000
ORD004945,Delivered,3.0,1000
ORD004946,Returned,14.0,1500
ORD004947,In Transit,8.0,2500
ORD004948,Returned,14.0,1000
ORD004949,Delayed,,0
ORD004950,Delayed,7.0,2500
ORD004951,Delayed,2.0,3500
ORD004952,Delivered,12.0,1500
ORD004953,Delayed,6.0,1000
ORD004954,delivered,9.0,3500
ORD004955,DELIVERED,14.0,2500
ORD004956,Delayed,4.0,0
ORD004957,,14.0,3500
ORD004958,Delayed,1.0,2500
ORD004959,Delayed,14.0,1000
ORD004960,,4.0,2500
ORD004961,Delivered,5.0,0
ORD004962,In Transit,8.0,3500
ORD004963,Returned,10.0,2500
ORD004964,Delayed,11.0,1500
ORD004965,In Transit,1.0,1500
ORD004966,In Transit,,1000
ORD004967,delivered,5.0,3500
ORD004968,delivered,1.0,0
ORD004969,Delivered,13.0,1500
ORD004970,DELIVERED,3.0,3500
ORD004971,delivered,4.0,1500
ORD004972,Returned,9.0,1000
ORD004973,DELIVERED,5.0,1000
ORD004974,,12.0,1500
ORD004975,delivered,1.0,1000
ORD004976,delivered,9.0,1000
ORD004977,Returned,12.0,3500
ORD004978,,7.0,1500
ORD004979,Returned,8.0,0
ORD004980,,12.0,1500
ORD004981,,1.0,0
ORD004982,delivered,,3500
ORD004983,,4.0,1000
ORD004984,In Transit,12.0,3500
ORD004985,Returned,12.0,0
ORD004986,Delivered,,0
ORD004987,Delivered,2.0,1000
ORD004988,In Transit,8.0,2500
ORD004989,Returned,8.0,1000
ORD004990,,,0
ORD004991,delivered,4.0,0
ORD004992,delivered,11.0,1500
ORD004993,Delayed,7.0,1500
ORD004994,,14.0,1000
ORD004995,,9.0,1000
ORD004996,Delivered,,2500
ORD004997,In Transit,,0
ORD004998,In Transit,4.0,3500
ORD004999,Delivered,13.0,1000
ORD005000,In Transit,11.0,3500
