order_id,customer_id,product_id,order_date,order_status,quantity,order_revenue
ORD000001,CUST00001,PRD0017,2024-01-29,cancelled,5,40000.0
ORD000002,CUST00002,PRD0004,2024-10-23,Completed,2,76000.0
ORD000003,CUST00003,PRD0002,2026-06-22,,5,375000.0
ORD000004,CUST00004,PRD0020,2025-12-08,Returned,5,375000.0
ORD000005,CUST00005,PRD0021,2026-06-14,Completed,5,14000.0
ORD000006,CUST00006,PRD0018,2026-05-30,Cancelled,4,255000.0
ORD000007,CUST00007,PRD0015,2026-04-05,Pending,4,54000.0
ORD000008,CUST00008,PRD0028,2024-12-06,Completed,2,192000.0
ORD000009,CUST00009,PRD0003,2024-10-22,Completed,1,15000.0
ORD000010,CUST00010,PRD0010,2025-01-05,Completed,3,28500.0
ORD000011,CUST00011,PRD0009,2024-03-10,Completed,2,10000.0
ORD000012,CUST00012,PRD0007,2026-01-19,completed,1,38000.0
ORD000013,CUST00013,PRD0009,2025-11-10,completed,4,432000.0
ORD000014,CUST00014,PRD0011,2024-11-10,cancelled,3,71250.0
ORD000015,CUST00015,PRD0026,2026-03-31,pending,5,160000.0
ORD000016,CUST00016,PRD0023,2026-02-25,Completed,5,540000.0
ORD000017,CUST00017,PRD0004,2025-12-09,,3,9450.0
ORD000018,CUST00018,PRD0027,2024-10-03,Completed,3,63750.0
ORD000019,CUST00019,PRD0023,2024-04-19,Completed,4,17000.0
ORD000020,CUST00020,PRD0024,2024-08-07,Cancelled,2,20000.0
ORD000021,CUST00021,PRD0010,2024-03-13,cancelled,2,9000.0
ORD000022,CUST00022,PRD0030,2025-09-26,Completed,2,80000.0
ORD000023,CUST00023,PRD0017,2024-05-20,completed,5,47500.0
ORD000024,CUST00024,PRD0010,2025-11-21,pending,5,42500.0
ORD000025,CUST00025,PRD0017,2024-03-13,Completed,1,22500.0
ORD000026,CUST00026,PRD0021,2025-01-06,,1,6750.0
ORD000027,CUST00027,PRD0025,2026-06-11,,5,112500.0
ORD000028,CUST00028,PRD0027,2024-11-10,Completed,1,3325.0
ORD000029,CUST00029,PRD0025,2026-01-04,Completed,5,45000.0
ORD000030,CUST00030,PRD0002,2025-11-13,pending,1,25000.0
ORD000031,CUST00031,PRD0001,2025-09-18,Cancelled,4,80000.0
ORD000032,CUST00032,PRD0018,2026-08-14,cancelled,1,6000.0
ORD000033,CUST00033,PRD0029,2025-07-04,Completed,2,13500.0
ORD000034,CUST00034,PRD0013,2024-07-22,pending,4,57000.0
ORD000035,CUST00035,PRD0020,2024-02-01,cancelled,5,318750.0
ORD000036,CUST00036,PRD0003,2024-02-23,completed,3,40500.0
ORD000037,CUST00037,PRD0003,2024-08-07,Returned,3,38250.0
ORD000038,CUST00038,PRD0001,2026-05-30,Returned,4,40000.0
ORD000039,CUST00039,PRD0013,2025-06-23,completed,4,152000.0
ORD000040,CUST00040,PRD0012,2026-06-26,Cancelled,3,202500.0
ORD000041,CUST00041,PRD0014,2025-12-30,Completed,5,375000.0
ORD000042,CUST00042,PRD0004,2026-05-24,Cancelled,3,9975.0
ORD000043,CUST00043,PRD0013,2024-02-06,Completed,5,510000.0
ORD000044,CUST00044,PRD0019,2026-05-21,Pending,3,202500.0
ORD000045,CUST00045,PRD0028,2025-12-05,pending,3,24000.0
ORD000046,CUST00046,PRD0005,2025-08-04,,3,102000.0
ORD000047,CUST00047,PRD0014,2024-05-31,cancelled,3,18000.0
ORD000048,CUST00048,PRD0025,2024-03-08,Cancelled,4,384000.0
ORD000049,CUST00049,PRD0014,2026-02-15,,1,25000.0
ORD000050,CUST00050,PRD0008,2024-02-16,Completed,4,48000.0
ORD000051,CUST00051,PRD0006,2026-05-03,,1,7125.0
ORD000052,CUST00052,PRD0002,2026-07-08,Cancelled,3,10500.0
ORD000053,CUST00053,PRD0020,2024-04-10,cancelled,5,125000.0
ORD000054,CUST00054,PRD0009,2024-04-10,COMPLETED,5,480000.0
ORD000055,CUST00055,PRD0016,2024-10-20,Returned,2,7000.0
ORD000056,CUST00056,PRD0003,2025-10-12,cancelled,1,34000.0
ORD000057,CUST00057,PRD0015,2024-09-24,COMPLETED,1,20000.0
ORD000058,CUST00058,PRD0007,2024-10-14,Pending,5,30000.0
ORD000059,CUST00059,PRD0019,2025-03-19,pending,5,170000.0
ORD000060,CUST00060,PRD0011,2026-06-02,Pending,1,8000.0
ORD000061,CUST00061,PRD0024,2024-02-27,COMPLETED,4,100000.0
ORD000062,CUST00062,PRD0018,2024-05-03,,5,300000.0
ORD000063,CUST00063,PRD0020,2025-12-11,cancelled,3,28500.0
ORD000064,CUST00064,PRD0027,2025-02-28,Pending,1,114000.0
ORD000065,CUST00065,PRD0024,2024-03-22,Completed,2,80000.0
ORD000066,CUST00066,PRD0001,2024-05-15,completed,2,8000.0
ORD000067,CUST00067,PRD0012,2026-06-26,Completed,4,384000.0
ORD000068,CUST00068,PRD0004,2025-04-08,Cancelled,3,306000.0
ORD000069,CUST00069,PRD0017,2026-01-29,pending,4,32000.0
ORD000070,CUST00070,PRD0009,2025-06-05,cancelled,3,102000.0
ORD000071,CUST00071,PRD0014,2024-05-30,Completed,2,6650.0
ORD000072,CUST00072,PRD0016,2026-08-08,Cancelled,2,64000.0
ORD000073,CUST00073,PRD0002,2026-02-08,Completed,1,8500.0
ORD000074,CUST00074,PRD0015,2025-07-13,Completed,3,40500.0
ORD000075,CUST00075,PRD0009,2024-02-09,pending,1,102000.0
ORD000076,CUST00076,PRD0011,2025-06-16,,1,22500.0
ORD000077,CUST00077,PRD0023,2025-03-03,Completed,1,2800.0
ORD000078,CUST00078,PRD0028,2026-06-01,cancelled,3,19125.0
ORD000079,CUST00079,PRD0013,2026-07-14,completed,4,24000.0
ORD000080,CUST00080,PRD0005,2025-05-30,Completed,4,136000.0
ORD000081,CUST00081,PRD0015,2024-11-10,completed,1,60000.0
ORD000082,CUST00082,PRD0004,2024-07-27,pending,2,18000.0
ORD000083,CUST00083,PRD0012,2024-02-10,Completed,3,9975.0
ORD000084,CUST00084,PRD0013,2026-06-08,Completed,5,510000.0
ORD000085,CUST00085,PRD0027,2026-02-06,pending,5,540000.0
ORD000086,CUST00086,PRD0022,2025-09-05,Pending,5,35625.0
ORD000087,CUST00087,PRD0002,2026-06-18,Completed,2,216000.0
ORD000088,CUST00088,PRD0016,2025-12-22,Cancelled,5,112500.0
ORD000089,CUST00089,PRD0021,2025-01-17,Pending,1,23750.0
ORD000090,CUST00090,PRD0016,2025-11-13,,5,112500.0
ORD000091,CUST00091,PRD0002,2025-11-16,,1,6375.0
ORD000092,CUST00092,PRD0018,2024-08-17,completed,5,30000.0
ORD000093,CUST00093,PRD0002,2025-06-10,Completed,2,72000.0
ORD000094,CUST00094,PRD0024,2026-04-05,cancelled,5,23750.0
ORD000095,CUST00095,PRD0018,2024-06-20,COMPLETED,5,67500.0
ORD000096,CUST00096,PRD0002,2025-07-30,Pending,4,27000.0
ORD000097,CUST00097,PRD0004,2026-04-08,Completed,4,11900.0
ORD000098,CUST00098,PRD0023,2025-12-16,cancelled,4,152000.0
ORD000099,CUST00099,PRD0022,2025-02-18,,1,40000.0
ORD000100,CUST00100,PRD0019,2025-04-11,Completed,5,20000.0
ORD000101,CUST00101,PRD0030,2024-03-24,Completed,4,384000.0
ORD000102,CUST00102,PRD0026,2024-10-12,Returned,2,50000.0
ORD000103,CUST00103,PRD0001,2024-10-11,COMPLETED,3,75000.0
ORD000104,CUST00104,PRD0017,2025-06-04,cancelled,4,27000.0
ORD000105,CUST00105,PRD0028,2026-07-06,Completed,4,14000.0
ORD000106,CUST00106,PRD0018,2024-03-06,,3,63750.0
ORD000107,CUST00107,PRD0023,2024-02-01,,4,27000.0
ORD000108,CUST00108,PRD0006,2025-03-16,,1,21250.0
ORD000109,CUST00109,PRD0001,2026-03-17,,1,3325.0
ORD000110,CUST00110,PRD0010,2024-03-07,Pending,3,20250.0
ORD000111,CUST00111,PRD0022,2025-04-06,Cancelled,3,30000.0
ORD000112,CUST00112,PRD0017,2026-07-28,Completed,3,108000.0
ORD000113,CUST00113,PRD0030,2026-07-16,Completed,4,30000.0
ORD000114,CUST00114,PRD0029,2024-09-13,pending,3,18000.0
ORD000115,CUST00115,PRD0028,2024-01-28,Completed,3,12000.0
ORD000116,CUST00116,PRD0008,2026-03-09,cancelled,3,19125.0
ORD000117,CUST00117,PRD0012,2026-03-02,Cancelled,3,28500.0
ORD000118,CUST00118,PRD0030,2024-06-27,pending,3,75000.0
ORD000119,CUST00119,PRD0020,2024-05-09,COMPLETED,5,510000.0
ORD000120,CUST00120,PRD0015,2025-05-03,Cancelled,5,16625.0
ORD000121,CUST00121,PRD0012,2026-06-13,cancelled,3,28500.0
ORD000122,CUST00122,PRD0020,2024-11-16,Pending,3,18000.0
ORD000123,CUST00123,PRD0007,2025-03-31,pending,5,100000.0
ORD000124,CUST00124,PRD0016,2026-04-08,completed,4,95000.0
ORD000125,CUST00125,PRD0001,2024-09-29,COMPLETED,4,11900.0
ORD000126,CUST00126,PRD0009,2026-05-23,completed,5,40000.0
ORD000127,CUST00127,PRD0023,2025-10-06,COMPLETED,2,120000.0
ORD000128,CUST00128,PRD0008,2024-10-29,Completed,1,6000.0
ORD000129,CUST00129,PRD0009,2026-03-26,,2,15000.0
ORD000130,CUST00130,PRD0002,2026-01-26,,5,318750.0
ORD000131,CUST00131,PRD0029,2024-09-27,Completed,3,15000.0
ORD000132,CUST00132,PRD0028,2024-09-16,pending,4,384000.0
ORD000133,CUST00133,PRD0005,2024-07-18,,3,306000.0
ORD000134,CUST00134,PRD0026,2026-06-25,Completed,5,67500.0
ORD000135,CUST00135,PRD0009,2026-08-08,cancelled,3,42750.0
ORD000136,CUST00136,PRD0014,2026-05-09,completed,2,50000.0
ORD000137,CUST00137,PRD0021,2024-01-08,Pending,1,8500.0
ORD000138,CUST00138,PRD0003,2024-02-29,COMPLETED,5,540000.0
ORD000139,CUST00139,PRD0023,2026-07-07,,5,356250.0
ORD000140,CUST00140,PRD0003,2026-04-07,,4,408000.0
ORD000141,CUST00141,PRD0015,2026-01-02,Completed,3,20250.0
ORD000142,CUST00142,PRD0030,2026-05-28,completed,5,45000.0
ORD000143,CUST00143,PRD0011,2025-09-04,completed,1,60000.0
ORD000144,CUST00144,PRD0021,2024-12-20,Completed,5,100000.0
ORD000145,CUST00145,PRD0004,2024-07-19,completed,5,318750.0
ORD000146,CUST00146,PRD0022,2024-10-29,Completed,3,42750.0
ORD000147,CUST00147,PRD0017,2026-06-12,completed,3,225000.0
ORD000148,CUST00148,PRD0012,2024-02-17,Completed,2,8500.0
ORD000149,CUST00149,PRD0014,2024-02-15,Completed,2,5600.0
ORD000150,CUST00150,PRD0017,2025-11-09,Pending,3,21375.0
ORD000151,CUST00151,PRD0018,2025-03-17,,3,202500.0
ORD000152,CUST00152,PRD0005,2026-02-03,COMPLETED,2,15000.0
ORD000153,CUST00153,PRD0023,2026-02-17,completed,4,408000.0
ORD000154,CUST00154,PRD0009,2026-05-20,completed,1,38000.0
ORD000155,CUST00155,PRD0015,2024-01-12,Completed,3,202500.0
ORD000156,CUST00156,PRD0014,2024-09-15,cancelled,2,16000.0
ORD000157,CUST00157,PRD0014,2025-02-21,Pending,2,135000.0
ORD000158,CUST00158,PRD0026,2024-02-18,cancelled,1,14250.0
ORD000159,CUST00159,PRD0002,2025-02-16,Cancelled,5,118750.0
ORD000160,CUST00160,PRD0021,2025-03-05,Completed,1,102000.0
ORD000161,CUST00161,PRD0026,2026-06-16,cancelled,3,25500.0
ORD000162,CUST00162,PRD0018,2024-11-13,Cancelled,2,192000.0
ORD000163,CUST00163,PRD0021,2025-06-12,cancelled,5,67500.0
ORD000164,CUST00164,PRD0015,2024-12-04,Cancelled,3,114000.0
ORD000165,CUST00165,PRD0016,2025-12-12,,3,60000.0
ORD000166,CUST00166,PRD0027,2025-05-22,,5,71250.0
ORD000167,CUST00167,PRD0002,2026-07-18,cancelled,5,75000.0
ORD000168,CUST00168,PRD0007,2025-11-20,Cancelled,3,102000.0
ORD000169,CUST00169,PRD0019,2024-06-02,pending,4,51000.0
ORD000170,CUST00170,PRD0016,2025-10-05,Cancelled,5,17500.0
ORD000171,CUST00171,PRD0006,2026-05-29,Completed,5,20000.0
ORD000172,CUST00172,PRD0029,2025-04-30,Returned,3,12750.0
ORD000173,CUST00173,PRD0025,2026-08-08,completed,5,170000.0
ORD000174,CUST00174,PRD0002,2024-03-09,cancelled,1,3325.0
ORD000175,CUST00175,PRD0012,2024-02-25,,2,12750.0
ORD000176,CUST00176,PRD0029,2024-07-03,Pending,2,27000.0
ORD000177,CUST00177,PRD0001,2025-11-04,Returned,3,342000.0
ORD000178,CUST00178,PRD0003,2025-03-19,pending,4,38000.0
ORD000179,CUST00179,PRD0003,2024-10-24,cancelled,2,18000.0
ORD000180,CUST00180,PRD0004,2026-08-30,Completed,2,12000.0
ORD000181,CUST00181,PRD0022,2025-02-20,Completed,4,480000.0
ORD000182,CUST00182,PRD0016,2025-09-08,Completed,4,432000.0
ORD000183,CUST00183,PRD0028,2024-05-08,COMPLETED,2,127500.0
ORD000184,CUST00184,PRD0004,2025-02-01,COMPLETED,4,240000.0
ORD000185,CUST00185,PRD0009,2025-05-27,Cancelled,5,170000.0
ORD000186,CUST00186,PRD0001,2024-08-10,,2,7000.0
ORD000187,CUST00187,PRD0004,2024-02-21,Completed,1,12000.0
ORD000188,CUST00188,PRD0014,2024-05-05,,4,27000.0
ORD000189,CUST00189,PRD0024,2026-01-19,Completed,1,8000.0
ORD000190,CUST00190,PRD0028,2025-08-14,cancelled,3,13500.0
ORD000191,CUST00191,PRD0020,2024-07-02,,3,75000.0
ORD000192,CUST00192,PRD0027,2026-06-24,COMPLETED,1,6750.0
ORD000193,CUST00193,PRD0002,2024-01-20,Completed,3,60000.0
ORD000194,CUST00194,PRD0030,2024-12-08,,4,14000.0
ORD000195,CUST00195,PRD0021,2024-05-29,Completed,3,63750.0
ORD000196,CUST00196,PRD0001,2026-08-24,COMPLETED,3,25500.0
ORD000197,CUST00197,PRD0007,2024-09-20,,2,142500.0
ORD000198,CUST00198,PRD0012,2026-04-19,cancelled,1,21250.0
ORD000199,CUST00199,PRD0022,2024-04-16,,3,306000.0
ORD000200,CUST00200,PRD0014,2026-05-30,cancelled,2,216000.0
ORD000201,CUST00201,PRD0008,2026-08-16,,4,432000.0
ORD000202,CUST00202,PRD0014,2025-02-01,,3,63750.0
ORD000203,CUST00203,PRD0026,2024-09-15,,3,12000.0
ORD000204,CUST00204,PRD0024,2025-10-22,Completed,3,20250.0
ORD000205,CUST00205,PRD0002,2024-12-10,COMPLETED,4,11200.0
ORD000206,CUST00206,PRD0027,2024-06-21,COMPLETED,1,6000.0
ORD000207,CUST00207,PRD0003,2024-03-11,Pending,2,9500.0
ORD000208,CUST00208,PRD0016,2026-01-19,Returned,2,19000.0
ORD000209,CUST00209,PRD0009,2024-11-22,Pending,5,21250.0
ORD000210,CUST00210,PRD0001,2024-01-30,completed,2,5950.0
ORD000211,CUST00211,PRD0014,2024-09-07,,4,285000.0
ORD000212,CUST00212,PRD0010,2024-08-29,Completed,3,180000.0
ORD000213,CUST00213,PRD0001,2024-07-07,pending,4,12600.0
ORD000214,CUST00214,PRD0026,2024-02-20,,1,102000.0
ORD000215,CUST00215,PRD0030,2024-04-29,COMPLETED,4,25500.0
ORD000216,CUST00216,PRD0020,2024-12-03,Completed,4,480000.0
ORD000217,CUST00217,PRD0015,2024-02-15,,1,67500.0
ORD000218,CUST00218,PRD0022,2024-10-30,,2,80000.0
ORD000219,CUST00219,PRD0008,2026-05-21,Completed,3,225000.0
ORD000220,CUST00220,PRD0024,2026-05-22,,2,9500.0
ORD000221,CUST00221,PRD0027,2024-01-06,completed,5,106250.0
ORD000222,CUST00222,PRD0030,2024-09-23,completed,4,152000.0
ORD000223,CUST00223,PRD0011,2024-03-08,Completed,4,480000.0
ORD000224,CUST00224,PRD0002,2025-05-30,cancelled,4,40000.0
ORD000225,CUST00225,PRD0025,2026-06-09,completed,4,408000.0
ORD000226,CUST00226,PRD0019,2024-08-01,completed,4,30000.0
ORD000227,CUST00227,PRD0012,2024-10-23,Cancelled,3,360000.0
ORD000228,CUST00228,PRD0005,2024-08-20,Cancelled,1,22500.0
ORD000229,CUST00229,PRD0023,2026-01-03,Completed,4,20000.0
ORD000230,CUST00230,PRD0002,2026-06-01,pending,4,144000.0
ORD000231,CUST00231,PRD0002,2025-11-10,Cancelled,5,480000.0
ORD000232,CUST00232,PRD0008,2024-02-21,COMPLETED,1,7125.0
ORD000233,CUST00233,PRD0011,2024-07-26,Pending,2,68000.0
ORD000234,CUST00234,PRD0022,2025-03-28,COMPLETED,3,14250.0
ORD000235,CUST00235,PRD0005,2025-10-05,Cancelled,4,36000.0
ORD000236,CUST00236,PRD0011,2025-09-30,,3,75000.0
ORD000237,CUST00237,PRD0016,2024-05-26,Pending,5,318750.0
ORD000238,CUST00238,PRD0025,2026-08-10,Cancelled,5,118750.0
ORD000239,CUST00239,PRD0012,2025-07-01,Pending,1,2975.0
ORD000240,CUST00240,PRD0018,2024-02-11,COMPLETED,4,408000.0
ORD000241,CUST00241,PRD0021,2024-05-25,Cancelled,2,20000.0
ORD000242,CUST00242,PRD0024,2024-03-09,Completed,4,240000.0
ORD000243,CUST00243,PRD0018,2025-10-01,,2,142500.0
ORD000244,CUST00244,PRD0023,2024-09-24,Completed,1,63750.0
ORD000245,CUST00245,PRD0010,2025-03-14,pending,1,3150.0
ORD000246,CUST00246,PRD0010,2026-05-03,Completed,2,142500.0
ORD000247,CUST00247,PRD0028,2026-08-01,completed,5,375000.0
ORD000248,CUST00248,PRD0024,2025-01-24,COMPLETED,1,8000.0
ORD000249,CUST00249,PRD0014,2024-07-07,Returned,1,14250.0
ORD000250,CUST00250,PRD0021,2025-03-08,Returned,2,25500.0
ORD000251,CUST00251,PRD0030,2024-08-19,Cancelled,5,25000.0
ORD000252,CUST00252,PRD0009,2025-06-03,COMPLETED,5,510000.0
ORD000253,CUST00253,PRD0011,2026-07-02,Completed,5,30000.0
ORD000254,CUST00254,PRD0024,2025-12-27,Pending,1,108000.0
ORD000255,CUST00255,PRD0015,2024-10-21,Pending,2,17000.0
ORD000256,CUST00256,PRD0006,2024-10-02,Completed,3,60000.0
ORD000257,CUST00257,PRD0017,2026-01-07,Returned,1,10000.0
ORD000258,CUST00258,PRD0001,2024-08-29,Completed,2,12000.0
ORD000259,CUST00259,PRD0015,2025-08-21,cancelled,2,64000.0
ORD000260,CUST00260,PRD0003,2025-02-15,,3,63750.0
ORD000261,CUST00261,PRD0013,2024-10-19,completed,2,20000.0
ORD000262,CUST00262,PRD0026,2025-08-01,,5,200000.0
ORD000263,CUST00263,PRD0028,2024-12-03,,2,76000.0
ORD000264,CUST00264,PRD0011,2025-12-09,completed,5,570000.0
ORD000265,CUST00265,PRD0027,2024-03-01,Cancelled,3,360000.0
ORD000266,CUST00266,PRD0004,2024-10-04,Completed,1,71250.0
ORD000267,CUST00267,PRD0001,2026-08-03,COMPLETED,5,200000.0
ORD000268,CUST00268,PRD0021,2025-04-17,cancelled,2,9000.0
ORD000269,CUST00269,PRD0022,2024-01-26,Cancelled,4,432000.0
ORD000270,CUST00270,PRD0021,2026-08-09,Completed,5,30000.0
ORD000271,CUST00271,PRD0011,2025-12-10,,1,6375.0
ORD000272,CUST00272,PRD0002,2025-08-13,Completed,5,106250.0
ORD000273,CUST00273,PRD0015,2026-01-31,Pending,3,225000.0
ORD000274,CUST00274,PRD0028,2024-05-28,completed,4,152000.0
ORD000275,CUST00275,PRD0023,2025-02-04,completed,5,570000.0
ORD000276,CUST00276,PRD0026,2024-06-14,cancelled,3,71250.0
ORD000277,CUST00277,PRD0026,2026-07-20,Completed,4,80000.0
ORD000278,CUST00278,PRD0009,2024-07-27,Returned,3,75000.0
ORD000279,CUST00279,PRD0028,2024-06-28,Cancelled,1,120000.0
ORD000280,CUST00280,PRD0015,2025-01-30,Completed,3,60000.0
ORD000281,CUST00281,PRD0005,2024-05-26,,2,19000.0
ORD000282,CUST00282,PRD0020,2024-02-14,pending,2,9500.0
ORD000283,CUST00283,PRD0022,2026-03-09,Pending,4,25500.0
ORD000284,CUST00284,PRD0002,2026-05-17,COMPLETED,5,480000.0
ORD000285,CUST00285,PRD0011,2025-04-14,Returned,4,17000.0
ORD000286,CUST00286,PRD0003,2024-02-16,cancelled,5,25000.0
ORD000287,CUST00287,PRD0004,2025-11-29,Completed,1,120000.0
ORD000288,CUST00288,PRD0026,2026-07-17,Completed,5,170000.0
ORD000289,CUST00289,PRD0029,2024-02-13,Completed,2,228000.0
ORD000290,CUST00290,PRD0029,2025-07-12,Completed,1,71250.0
ORD000291,CUST00291,PRD0028,2024-02-28,COMPLETED,5,112500.0
ORD000292,CUST00292,PRD0026,2025-04-12,,4,24000.0
ORD000293,CUST00293,PRD0016,2026-04-11,,4,30000.0
ORD000294,CUST00294,PRD0003,2025-07-02,Pending,3,19125.0
ORD000295,CUST00295,PRD0012,2025-03-30,pending,4,136000.0
ORD000296,CUST00296,PRD0002,2026-05-31,pending,2,135000.0
ORD000297,CUST00297,PRD0030,2024-07-14,,5,510000.0
ORD000298,CUST00298,PRD0013,2024-02-22,Completed,4,25500.0
ORD000299,CUST00299,PRD0025,2024-06-30,cancelled,5,67500.0
ORD000300,CUST00300,PRD0010,2024-01-05,Completed,3,20250.0
ORD000301,CUST00301,PRD0017,2024-12-30,cancelled,2,20000.0
ORD000302,CUST00302,PRD0027,2024-07-10,pending,4,18000.0
ORD000303,CUST00303,PRD0024,2024-07-12,Completed,1,3500.0
ORD000304,CUST00304,PRD0020,2025-02-04,Pending,4,38000.0
ORD000305,CUST00305,PRD0018,2024-10-25,Pending,4,144000.0
ORD000306,CUST00306,PRD0027,2024-07-21,cancelled,4,95000.0
ORD000307,CUST00307,PRD0027,2025-04-18,Pending,2,142500.0
ORD000308,CUST00308,PRD0008,2024-08-15,cancelled,4,300000.0
ORD000309,CUST00309,PRD0026,2026-04-05,cancelled,1,40000.0
ORD000310,CUST00310,PRD0028,2025-04-21,Cancelled,1,67500.0
ORD000311,CUST00311,PRD0006,2026-04-22,Completed,2,28500.0
ORD000312,CUST00312,PRD0007,2024-12-10,,2,25500.0
ORD000313,CUST00313,PRD0018,2025-01-27,Completed,1,3325.0
ORD000314,CUST00314,PRD0023,2025-02-25,Pending,4,19000.0
ORD000315,CUST00315,PRD0027,2025-11-10,cancelled,2,9500.0
ORD000316,CUST00316,PRD0022,2024-10-01,Cancelled,1,8500.0
ORD000317,CUST00317,PRD0023,2026-04-27,,1,14250.0
ORD000318,CUST00318,PRD0021,2024-02-02,COMPLETED,2,45000.0
ORD000319,CUST00319,PRD0004,2024-01-13,cancelled,5,67500.0
ORD000320,CUST00320,PRD0030,2025-07-23,Returned,1,14250.0
ORD000321,CUST00321,PRD0015,2024-06-29,Completed,2,50000.0
ORD000322,CUST00322,PRD0007,2026-05-03,Completed,5,31875.0
ORD000323,CUST00323,PRD0009,2024-01-28,Completed,2,40000.0
ORD000324,CUST00324,PRD0024,2025-04-25,Returned,1,2975.0
ORD000325,CUST00325,PRD0006,2024-05-04,,2,16000.0
ORD000326,CUST00326,PRD0025,2026-01-26,Completed,4,11900.0
ORD000327,CUST00327,PRD0029,2024-10-04,Completed,1,8000.0
ORD000328,CUST00328,PRD0010,2025-09-29,,4,20000.0
ORD000329,CUST00329,PRD0030,2025-02-25,Completed,3,202500.0
ORD000330,CUST00330,PRD0013,2024-05-08,,2,240000.0
ORD000331,CUST00331,PRD0029,2025-08-23,COMPLETED,2,25500.0
ORD000332,CUST00332,PRD0017,2025-12-13,completed,2,50000.0
ORD000333,CUST00333,PRD0012,2024-04-10,Completed,1,71250.0
ORD000334,CUST00334,PRD0008,2024-10-10,cancelled,4,51000.0
ORD000335,CUST00335,PRD0029,2026-03-10,,1,108000.0
ORD000336,CUST00336,PRD0023,2024-10-31,pending,4,11900.0
ORD000337,CUST00337,PRD0030,2024-10-22,Pending,1,4250.0
ORD000338,CUST00338,PRD0014,2024-05-25,Completed,4,255000.0
ORD000339,CUST00339,PRD0005,2025-07-02,Returned,4,12600.0
ORD000340,CUST00340,PRD0013,2026-08-04,Pending,4,34000.0
ORD000341,CUST00341,PRD0021,2025-10-16,completed,2,30000.0
ORD000342,CUST00342,PRD0003,2026-04-05,,3,180000.0
ORD000343,CUST00343,PRD0001,2024-08-30,Completed,1,12750.0
ORD000344,CUST00344,PRD0019,2026-02-11,completed,2,204000.0
ORD000345,CUST00345,PRD0019,2025-10-22,,4,300000.0
ORD000346,CUST00346,PRD0022,2025-05-04,completed,5,318750.0
ORD000347,CUST00347,PRD0008,2026-05-21,Completed,3,12000.0
ORD000348,CUST00348,PRD0006,2026-01-20,cancelled,3,28500.0
ORD000349,CUST00349,PRD0029,2025-09-02,,5,25000.0
ORD000350,CUST00350,PRD0014,2025-09-21,Completed,4,285000.0
ORD000351,CUST00351,PRD0001,2025-04-28,Pending,3,108000.0
ORD000352,CUST00352,PRD0027,2024-03-24,Completed,4,30000.0
ORD000353,CUST00353,PRD0016,2024-10-28,,3,30000.0
ORD000354,CUST00354,PRD0030,2024-07-17,Cancelled,4,11200.0
ORD000355,CUST00355,PRD0019,2026-01-20,Pending,2,72000.0
ORD000356,CUST00356,PRD0007,2024-04-19,cancelled,1,6000.0
ORD000357,CUST00357,PRD0001,2026-06-10,,2,68000.0
ORD000358,CUST00358,PRD0023,2024-03-09,COMPLETED,3,13500.0
ORD000359,CUST00359,PRD0011,2024-04-20,pending,1,12000.0
ORD000360,CUST00360,PRD0004,2026-04-20,COMPLETED,3,8400.0
ORD000361,CUST00361,PRD0026,2026-07-03,Completed,2,45000.0
ORD000362,CUST00362,PRD0021,2024-04-09,Cancelled,2,135000.0
ORD000363,CUST00363,PRD0028,2025-06-23,Cancelled,3,18000.0
ORD000364,CUST00364,PRD0009,2025-06-26,Returned,2,9500.0
ORD000365,CUST00365,PRD0013,2024-06-17,completed,1,102000.0
ORD000366,CUST00366,PRD0025,2024-12-04,,1,10000.0
ORD000367,CUST00367,PRD0022,2024-01-29,Pending,3,20250.0
ORD000368,CUST00368,PRD0014,2025-01-30,COMPLETED,5,118750.0
ORD000369,CUST00369,PRD0007,2024-05-15,,3,288000.0
ORD000370,CUST00370,PRD0015,2024-02-22,,5,106250.0
ORD000371,CUST00371,PRD0005,2025-03-14,Completed,1,4000.0
ORD000372,CUST00372,PRD0017,2024-03-17,Completed,1,40000.0
ORD000373,CUST00373,PRD0007,2026-03-12,Pending,3,180000.0
ORD000374,CUST00374,PRD0007,2025-02-28,,3,30000.0
ORD000375,CUST00375,PRD0018,2025-12-11,completed,5,318750.0
ORD000376,CUST00376,PRD0030,2024-02-15,Completed,4,90000.0
ORD000377,CUST00377,PRD0001,2024-09-10,Cancelled,5,47500.0
ORD000378,CUST00378,PRD0007,2025-03-13,pending,3,67500.0
ORD000379,CUST00379,PRD0016,2026-03-06,completed,1,8000.0
ORD000380,CUST00380,PRD0020,2024-08-18,Completed,4,384000.0
ORD000381,CUST00381,PRD0008,2026-04-03,,1,8500.0
ORD000382,CUST00382,PRD0006,2025-01-29,,4,17000.0
ORD000383,CUST00383,PRD0017,2025-01-09,completed,3,8400.0
ORD000384,CUST00384,PRD0018,2024-05-29,Cancelled,1,63750.0
ORD000385,CUST00385,PRD0007,2024-01-30,completed,1,3150.0
ORD000386,CUST00386,PRD0026,2024-04-13,pending,5,45000.0
ORD000387,CUST00387,PRD0011,2024-06-28,completed,2,228000.0
ORD000388,CUST00388,PRD0022,2024-08-30,Cancelled,2,204000.0
ORD000389,CUST00389,PRD0012,2026-03-17,Completed,3,8925.0
ORD000390,CUST00390,PRD0004,2024-11-03,completed,1,67500.0
ORD000391,CUST00391,PRD0015,2024-11-10,Pending,5,30000.0
ORD000392,CUST00392,PRD0005,2024-10-12,Cancelled,3,114000.0
ORD000393,CUST00393,PRD0010,2024-11-01,,1,22500.0
ORD000394,CUST00394,PRD0028,2026-07-22,Cancelled,4,240000.0
ORD000395,CUST00395,PRD0030,2024-03-21,Completed,5,45000.0
ORD000396,CUST00396,PRD0008,2024-02-04,Pending,5,180000.0
ORD000397,CUST00397,PRD0023,2025-07-25,Completed,3,25500.0
ORD000398,CUST00398,PRD0001,2024-06-20,,4,54000.0
ORD000399,CUST00399,PRD0028,2026-03-16,,4,19000.0
ORD000400,CUST00400,PRD0005,2024-02-15,,1,4000.0
ORD000401,CUST00401,PRD0010,2024-06-03,Completed,5,14000.0
ORD000402,CUST00402,PRD0013,2024-07-24,pending,2,142500.0
ORD000403,CUST00403,PRD0014,2025-02-14,Pending,1,63750.0
ORD000404,CUST00404,PRD0028,2024-11-14,cancelled,2,68000.0
ORD000405,CUST00405,PRD0022,2026-05-25,Completed,5,160000.0
ORD000406,CUST00406,PRD0027,2026-06-27,Pending,2,8500.0
ORD000407,CUST00407,PRD0017,2026-08-11,Cancelled,1,6000.0
ORD000408,CUST00408,PRD0003,2026-08-31,Cancelled,5,31875.0
ORD000409,CUST00409,PRD0002,2026-01-03,,1,3325.0
ORD000410,CUST00410,PRD0005,2025-06-06,cancelled,3,20250.0
ORD000411,CUST00411,PRD0027,2026-02-06,Completed,3,20250.0
ORD000412,CUST00412,PRD0026,2026-07-03,COMPLETED,2,228000.0
ORD000413,CUST00413,PRD0007,2026-01-09,Cancelled,4,28500.0
ORD000414,CUST00414,PRD0013,2025-11-15,Cancelled,4,85000.0
ORD000415,CUST00415,PRD0015,2024-10-22,Completed,4,384000.0
ORD000416,CUST00416,PRD0005,2025-02-11,Cancelled,4,90000.0
ORD000417,CUST00417,PRD0030,2024-08-07,,2,204000.0
ORD000418,CUST00418,PRD0003,2025-12-27,completed,3,9975.0
ORD000419,CUST00419,PRD0024,2024-12-26,COMPLETED,3,324000.0
ORD000420,CUST00420,PRD0028,2024-08-05,Completed,1,75000.0
ORD000421,CUST00421,PRD0018,2025-08-11,Completed,5,30000.0
ORD000422,CUST00422,PRD0023,2026-01-18,Completed,2,19000.0
ORD000423,CUST00423,PRD0018,2024-07-07,Pending,3,40500.0
ORD000424,CUST00424,PRD0030,2024-11-21,,4,24000.0
ORD000425,CUST00425,PRD0009,2025-07-04,pending,3,63750.0
ORD000426,CUST00426,PRD0003,2026-03-01,Completed,2,240000.0
ORD000427,CUST00427,PRD0001,2024-01-25,,3,25500.0
ORD000428,CUST00428,PRD0002,2024-03-24,Cancelled,4,432000.0
ORD000429,CUST00429,PRD0017,2025-02-23,Returned,5,47500.0
ORD000430,CUST00430,PRD0027,2026-05-25,,4,240000.0
ORD000431,CUST00431,PRD0006,2024-06-11,Pending,5,71250.0
ORD000432,CUST00432,PRD0012,2024-12-11,,4,19000.0
ORD000433,CUST00433,PRD0026,2024-09-15,COMPLETED,5,20000.0
ORD000434,CUST00434,PRD0021,2025-04-22,completed,2,28500.0
ORD000435,CUST00435,PRD0019,2025-05-12,COMPLETED,3,20250.0
ORD000436,CUST00436,PRD0023,2026-02-16,Cancelled,2,19000.0
ORD000437,CUST00437,PRD0024,2025-08-21,,1,12750.0
ORD000438,CUST00438,PRD0014,2026-02-20,cancelled,3,63750.0
ORD000439,CUST00439,PRD0009,2026-05-28,Completed,1,4750.0
ORD000440,CUST00440,PRD0011,2025-10-15,Pending,5,47500.0
ORD000441,CUST00441,PRD0014,2024-11-06,Completed,5,33750.0
ORD000442,CUST00442,PRD0010,2024-03-12,Completed,5,17500.0
ORD000443,CUST00443,PRD0029,2024-10-22,Cancelled,3,288000.0
ORD000444,CUST00444,PRD0027,2025-10-01,Completed,2,5950.0
ORD000445,CUST00445,PRD0030,2026-04-26,Completed,1,4000.0
ORD000446,CUST00446,PRD0027,2025-11-22,Completed,2,17000.0
ORD000447,CUST00447,PRD0010,2025-11-13,Cancelled,3,8400.0
ORD000448,CUST00448,PRD0006,2025-08-19,Completed,2,204000.0
ORD000449,CUST00449,PRD0003,2024-04-14,cancelled,2,135000.0
ORD000450,CUST00450,PRD0002,2025-11-11,,4,40000.0
ORD000451,CUST00451,PRD0005,2025-05-22,,2,7000.0
ORD000452,CUST00452,PRD0006,2026-01-14,pending,3,96000.0
ORD000453,CUST00453,PRD0012,2026-08-12,COMPLETED,3,20250.0
ORD000454,CUST00454,PRD0030,2025-06-12,pending,4,95000.0
ORD000455,CUST00455,PRD0011,2024-03-29,COMPLETED,5,67500.0
ORD000456,CUST00456,PRD0024,2024-08-17,COMPLETED,2,204000.0
ORD000457,CUST00457,PRD0009,2025-01-01,completed,4,270000.0
ORD000458,CUST00458,PRD0014,2025-03-26,Returned,4,16000.0
ORD000459,CUST00459,PRD0002,2024-12-15,completed,1,75000.0
ORD000460,CUST00460,PRD0007,2024-03-17,Completed,5,33750.0
ORD000461,CUST00461,PRD0029,2025-01-28,COMPLETED,3,71250.0
ORD000462,CUST00462,PRD0020,2025-10-13,COMPLETED,3,9450.0
ORD000463,CUST00463,PRD0004,2024-01-06,Cancelled,4,90000.0
ORD000464,CUST00464,PRD0016,2025-05-15,cancelled,3,63750.0
ORD000465,CUST00465,PRD0007,2026-06-20,COMPLETED,3,306000.0
ORD000466,CUST00466,PRD0026,2026-06-14,,4,152000.0
ORD000467,CUST00467,PRD0010,2024-06-30,completed,5,112500.0
ORD000468,CUST00468,PRD0005,2024-07-31,,3,45000.0
ORD000469,CUST00469,PRD0008,2024-11-24,completed,3,10500.0
ORD000470,CUST00470,PRD0026,2024-04-29,Pending,1,22500.0
ORD000471,CUST00471,PRD0017,2026-03-06,Completed,5,356250.0
ORD000472,CUST00472,PRD0009,2025-03-09,Returned,5,14000.0
ORD000473,CUST00473,PRD0022,2025-04-04,Completed,4,13300.0
ORD000474,CUST00474,PRD0019,2025-03-12,completed,5,540000.0
ORD000475,CUST00475,PRD0025,2026-05-11,completed,1,63750.0
ORD000476,CUST00476,PRD0010,2025-06-18,Completed,2,19000.0
ORD000477,CUST00477,PRD0028,2025-01-06,Cancelled,2,192000.0
ORD000478,CUST00478,PRD0020,2024-03-19,Pending,5,17500.0
ORD000479,CUST00479,PRD0013,2024-07-03,completed,3,75000.0
ORD000480,CUST00480,PRD0005,2026-04-04,cancelled,5,100000.0
ORD000481,CUST00481,PRD0028,2025-10-10,COMPLETED,5,63750.0
ORD000482,CUST00482,PRD0007,2024-03-20,Returned,3,120000.0
ORD000483,CUST00483,PRD0004,2025-03-12,Completed,2,18000.0
ORD000484,CUST00484,PRD0012,2024-04-23,completed,1,75000.0
ORD000485,CUST00485,PRD0027,2024-11-30,Completed,2,17000.0
ORD000486,CUST00486,PRD0002,2024-10-18,Cancelled,2,18000.0
ORD000487,CUST00487,PRD0009,2024-11-10,Cancelled,1,9500.0
ORD000488,CUST00488,PRD0008,2024-10-29,Cancelled,5,200000.0
ORD000489,CUST00489,PRD0029,2024-09-06,completed,4,19000.0
ORD000490,CUST00490,PRD0028,2025-05-25,Completed,5,300000.0
ORD000491,CUST00491,PRD0002,2025-08-27,Cancelled,1,4500.0
ORD000492,CUST00492,PRD0030,2026-04-04,Completed,2,9500.0
ORD000493,CUST00493,PRD0015,2025-01-21,Completed,5,71250.0
ORD000494,CUST00494,PRD0028,2024-12-21,Completed,1,25000.0
ORD000495,CUST00495,PRD0017,2026-05-26,Completed,3,30000.0
ORD000496,CUST00496,PRD0013,2026-06-11,cancelled,3,18000.0
ORD000497,CUST00497,PRD0002,2026-03-29,Completed,1,23750.0
ORD000498,CUST00498,PRD0018,2026-02-26,Completed,2,64000.0
ORD000499,CUST00499,PRD0030,2024-08-12,Completed,2,192000.0
ORD000500,CUST00500,PRD0013,2025-08-04,Cancelled,2,14250.0
ORD000501,CUST00501,PRD0019,2025-11-30,Returned,4,160000.0
ORD000502,CUST00502,PRD0025,2024-07-23,Completed,2,142500.0
ORD000503,CUST00503,PRD0023,2025-11-28,Completed,1,6375.0
ORD000504,CUST00504,PRD0011,2024-07-26,,3,96000.0
ORD000505,CUST00505,PRD0021,2025-01-19,completed,3,42750.0
ORD000506,CUST00506,PRD0003,2024-02-05,Pending,3,360000.0
ORD000507,CUST00507,PRD0020,2025-05-30,Completed,4,95000.0
ORD000508,CUST00508,PRD0019,2024-08-16,completed,1,3325.0
ORD000509,CUST00509,PRD0005,2024-08-08,Cancelled,4,38000.0
ORD000510,CUST00510,PRD0015,2024-11-06,cancelled,1,4000.0
ORD000511,CUST00511,PRD0019,2024-11-02,,5,480000.0
ORD000512,CUST00512,PRD0005,2024-06-17,Completed,1,12000.0
ORD000513,CUST00513,PRD0003,2025-05-22,Returned,3,36000.0
ORD000514,CUST00514,PRD0012,2024-01-07,pending,1,32000.0
ORD000515,CUST00515,PRD0011,2025-12-05,pending,5,112500.0
ORD000516,CUST00516,PRD0012,2024-06-01,completed,2,12000.0
ORD000517,CUST00517,PRD0025,2024-06-20,Returned,2,14250.0
ORD000518,CUST00518,PRD0019,2026-04-18,Completed,5,40000.0
ORD000519,CUST00519,PRD0025,2024-05-26,pending,2,25500.0
ORD000520,CUST00520,PRD0030,2024-10-15,Completed,5,23750.0
ORD000521,CUST00521,PRD0019,2026-08-15,Completed,5,22500.0
ORD000522,CUST00522,PRD0002,2025-06-14,Completed,3,27000.0
ORD000523,CUST00523,PRD0024,2025-04-19,completed,2,150000.0
ORD000524,CUST00524,PRD0011,2025-07-22,cancelled,4,456000.0
ORD000525,CUST00525,PRD0021,2024-04-17,Cancelled,3,8925.0
ORD000526,CUST00526,PRD0024,2026-08-21,Cancelled,2,10000.0
ORD000527,CUST00527,PRD0025,2024-05-19,pending,2,7000.0
ORD000528,CUST00528,PRD0008,2026-06-27,pending,5,42500.0
ORD000529,CUST00529,PRD0024,2026-01-11,Completed,3,108000.0
ORD000530,CUST00530,PRD0030,2024-06-14,COMPLETED,4,11900.0
ORD000531,CUST00531,PRD0018,2025-03-09,,4,384000.0
ORD000532,CUST00532,PRD0030,2025-06-20,completed,3,9975.0
ORD000533,CUST00533,PRD0013,2024-09-24,pending,1,6000.0
ORD000534,CUST00534,PRD0005,2025-10-07,Cancelled,5,318750.0
ORD000535,CUST00535,PRD0009,2024-09-15,pending,5,33750.0
ORD000536,CUST00536,PRD0009,2025-12-28,Pending,2,30000.0
ORD000537,CUST00537,PRD0030,2025-03-08,Completed,2,8000.0
ORD000538,CUST00538,PRD0016,2024-05-01,Cancelled,4,13300.0
ORD000539,CUST00539,PRD0017,2026-06-17,Completed,5,356250.0
ORD000540,CUST00540,PRD0024,2025-01-03,pending,1,5000.0
ORD000541,CUST00541,PRD0013,2025-12-30,COMPLETED,5,22500.0
ORD000542,CUST00542,PRD0016,2024-08-26,,4,54000.0
ORD000543,CUST00543,PRD0028,2025-03-09,Completed,5,118750.0
ORD000544,CUST00544,PRD0005,2026-02-07,COMPLETED,2,5600.0
ORD000545,CUST00545,PRD0012,2024-08-26,COMPLETED,1,4750.0
ORD000546,CUST00546,PRD0014,2025-08-13,,5,600000.0
ORD000547,CUST00547,PRD0018,2025-10-26,Pending,2,142500.0
ORD000548,CUST00548,PRD0012,2024-05-24,completed,2,18000.0
ORD000549,CUST00549,PRD0029,2026-08-05,Pending,3,360000.0
ORD000550,CUST00550,PRD0023,2025-10-29,cancelled,2,228000.0
ORD000551,CUST00551,PRD0025,2025-09-09,pending,1,4250.0
ORD000552,CUST00552,PRD0025,2024-10-06,cancelled,5,22500.0
ORD000553,CUST00553,PRD0023,2025-03-19,Completed,3,30000.0
ORD000554,CUST00554,PRD0019,2026-03-19,Pending,1,102000.0
ORD000555,CUST00555,PRD0013,2024-04-25,cancelled,1,7500.0
ORD000556,CUST00556,PRD0028,2025-09-15,completed,5,300000.0
ORD000557,CUST00557,PRD0023,2025-10-25,pending,3,18000.0
ORD000558,CUST00558,PRD0003,2024-06-12,pending,5,25000.0
ORD000559,CUST00559,PRD0028,2024-11-25,COMPLETED,5,190000.0
ORD000560,CUST00560,PRD0019,2025-04-13,COMPLETED,4,136000.0
ORD000561,CUST00561,PRD0027,2025-03-03,Completed,4,25500.0
ORD000562,CUST00562,PRD0026,2026-05-03,Cancelled,2,80000.0
ORD000563,CUST00563,PRD0021,2024-01-05,Completed,1,4250.0
ORD000564,CUST00564,PRD0013,2024-05-11,pending,5,100000.0
ORD000565,CUST00565,PRD0025,2024-05-25,COMPLETED,2,20000.0
ORD000566,CUST00566,PRD0004,2026-04-29,Returned,3,22500.0
ORD000567,CUST00567,PRD0012,2024-12-07,cancelled,1,71250.0
ORD000568,CUST00568,PRD0011,2024-11-23,COMPLETED,2,142500.0
ORD000569,CUST00569,PRD0024,2024-08-02,completed,3,63750.0
ORD000570,CUST00570,PRD0007,2026-02-10,Completed,4,51000.0
ORD000571,CUST00571,PRD0025,2024-05-23,Completed,5,63750.0
ORD000572,CUST00572,PRD0018,2025-11-19,Completed,4,12600.0
ORD000573,CUST00573,PRD0022,2026-06-20,cancelled,1,4000.0
ORD000574,CUST00574,PRD0017,2024-10-14,Returned,4,40000.0
ORD000575,CUST00575,PRD0026,2024-01-04,completed,3,19125.0
ORD000576,CUST00576,PRD0028,2026-01-02,completed,1,36000.0
ORD000577,CUST00577,PRD0027,2025-07-21,COMPLETED,3,114000.0
ORD000578,CUST00578,PRD0015,2026-07-25,,2,204000.0
ORD000579,CUST00579,PRD0023,2025-10-19,COMPLETED,1,36000.0
ORD000580,CUST00580,PRD0019,2024-08-08,Completed,2,9500.0
ORD000581,CUST00581,PRD0026,2026-05-03,Completed,5,23750.0
ORD000582,CUST00582,PRD0018,2025-11-15,Cancelled,2,142500.0
ORD000583,CUST00583,PRD0019,2024-06-13,Completed,5,37500.0
ORD000584,CUST00584,PRD0010,2025-02-14,Completed,2,18000.0
ORD000585,CUST00585,PRD0016,2024-11-13,cancelled,5,16625.0
ORD000586,CUST00586,PRD0012,2026-01-08,,2,127500.0
ORD000587,CUST00587,PRD0010,2025-10-07,Completed,5,100000.0
ORD000588,CUST00588,PRD0002,2024-01-09,,2,24000.0
ORD000589,CUST00589,PRD0005,2024-12-04,Completed,3,120000.0
ORD000590,CUST00590,PRD0003,2025-11-20,COMPLETED,1,21250.0
ORD000591,CUST00591,PRD0023,2025-02-28,COMPLETED,4,432000.0
ORD000592,CUST00592,PRD0018,2026-02-17,Completed,3,306000.0
ORD000593,CUST00593,PRD0001,2024-07-18,completed,5,112500.0
ORD000594,CUST00594,PRD0002,2024-01-28,Completed,1,21250.0
ORD000595,CUST00595,PRD0002,2026-08-10,cancelled,1,8500.0
ORD000596,CUST00596,PRD0029,2024-06-08,COMPLETED,3,25500.0
ORD000597,CUST00597,PRD0012,2024-01-23,COMPLETED,2,45000.0
ORD000598,CUST00598,PRD0008,2024-12-16,completed,3,8925.0
ORD000599,CUST00599,PRD0030,2024-12-10,,1,120000.0
ORD000600,CUST00600,PRD0007,2025-05-03,Cancelled,5,600000.0
ORD000601,CUST00601,PRD0029,2026-02-17,Completed,3,30000.0
ORD000602,CUST00602,PRD0011,2026-07-21,Pending,1,38000.0
ORD000603,CUST00603,PRD0003,2026-07-11,Completed,2,24000.0
ORD000604,CUST00604,PRD0019,2025-10-16,Pending,1,15000.0
ORD000605,CUST00605,PRD0002,2025-05-22,Completed,1,96000.0
ORD000606,CUST00606,PRD0011,2025-11-21,pending,4,54000.0
ORD000607,CUST00607,PRD0005,2024-12-10,COMPLETED,4,128000.0
ORD000608,CUST00608,PRD0013,2025-12-31,,4,54000.0
ORD000609,CUST00609,PRD0006,2025-01-04,Completed,3,20250.0
ORD000610,CUST00610,PRD0027,2026-02-19,,5,570000.0
ORD000611,CUST00611,PRD0020,2024-12-29,,3,202500.0
ORD000612,CUST00612,PRD0019,2024-12-18,Pending,5,75000.0
ORD000613,CUST00613,PRD0024,2024-07-20,Completed,5,16625.0
ORD000614,CUST00614,PRD0007,2026-04-21,Cancelled,4,11900.0
ORD000615,CUST00615,PRD0003,2024-09-21,Completed,1,96000.0
ORD000616,CUST00616,PRD0020,2024-01-07,COMPLETED,5,23750.0
ORD000617,CUST00617,PRD0025,2024-12-22,Completed,5,510000.0
ORD000618,CUST00618,PRD0015,2026-04-05,,2,9500.0
ORD000619,CUST00619,PRD0019,2025-06-26,,2,120000.0
ORD000620,CUST00620,PRD0030,2026-08-31,,3,191250.0
ORD000621,CUST00621,PRD0006,2025-09-23,completed,5,22500.0
ORD000622,CUST00622,PRD0004,2024-01-01,COMPLETED,5,30000.0
ORD000623,CUST00623,PRD0027,2025-08-25,,4,19000.0
ORD000624,CUST00624,PRD0008,2026-07-18,completed,5,21250.0
ORD000625,CUST00625,PRD0005,2025-11-23,Cancelled,4,300000.0
ORD000626,CUST00626,PRD0015,2025-07-11,Completed,3,40500.0
ORD000627,CUST00627,PRD0003,2025-12-07,Pending,1,20000.0
ORD000628,CUST00628,PRD0018,2025-08-01,pending,4,25500.0
ORD000629,CUST00629,PRD0028,2025-05-24,pending,3,63750.0
ORD000630,CUST00630,PRD0005,2024-03-03,Pending,5,200000.0
ORD000631,CUST00631,PRD0013,2025-03-01,completed,2,127500.0
ORD000632,CUST00632,PRD0001,2026-07-25,completed,4,85000.0
ORD000633,CUST00633,PRD0023,2025-12-13,,4,128000.0
ORD000634,CUST00634,PRD0006,2025-05-24,pending,2,127500.0
ORD000635,CUST00635,PRD0018,2026-07-26,,2,192000.0
ORD000636,CUST00636,PRD0007,2025-10-04,cancelled,4,270000.0
ORD000637,CUST00637,PRD0029,2025-02-25,,5,600000.0
ORD000638,CUST00638,PRD0016,2026-04-18,,2,17000.0
ORD000639,CUST00639,PRD0024,2026-04-27,Returned,1,3500.0
ORD000640,CUST00640,PRD0023,2026-05-30,completed,1,21250.0
ORD000641,CUST00641,PRD0030,2025-11-10,cancelled,3,75000.0
ORD000642,CUST00642,PRD0011,2025-01-11,completed,3,27000.0
ORD000643,CUST00643,PRD0017,2026-01-30,Completed,5,21250.0
ORD000644,CUST00644,PRD0020,2025-11-30,Returned,1,108000.0
ORD000645,CUST00645,PRD0009,2024-05-10,Cancelled,5,23750.0
ORD000646,CUST00646,PRD0028,2024-07-16,Completed,4,25500.0
ORD000647,CUST00647,PRD0027,2025-10-31,Completed,2,120000.0
ORD000648,CUST00648,PRD0012,2026-05-17,Completed,3,67500.0
ORD000649,CUST00649,PRD0019,2026-05-27,,2,28500.0
ORD000650,CUST00650,PRD0018,2026-07-09,cancelled,5,35625.0
ORD000651,CUST00651,PRD0021,2024-09-26,,2,12750.0
ORD000652,CUST00652,PRD0003,2025-11-17,,1,13500.0
ORD000653,CUST00653,PRD0022,2025-10-26,Cancelled,1,7125.0
ORD000654,CUST00654,PRD0015,2025-02-09,cancelled,2,127500.0
ORD000655,CUST00655,PRD0012,2026-05-11,completed,4,100000.0
ORD000656,CUST00656,PRD0001,2024-05-23,pending,5,300000.0
ORD000657,CUST00657,PRD0003,2024-05-09,,1,6000.0
ORD000658,CUST00658,PRD0030,2026-06-12,Completed,2,28500.0
ORD000659,CUST00659,PRD0019,2024-02-25,,3,45000.0
ORD000660,CUST00660,PRD0014,2024-10-15,completed,4,14000.0
ORD000661,CUST00661,PRD0018,2025-10-28,cancelled,5,23750.0
ORD000662,CUST00662,PRD0020,2025-09-14,completed,4,270000.0
ORD000663,CUST00663,PRD0016,2025-11-03,completed,3,18000.0
ORD000664,CUST00664,PRD0016,2025-04-21,Completed,4,432000.0
ORD000665,CUST00665,PRD0002,2025-05-12,Cancelled,3,45000.0
ORD000666,CUST00666,PRD0026,2024-07-13,Pending,2,216000.0
ORD000667,CUST00667,PRD0001,2025-07-29,Completed,5,37500.0
ORD000668,CUST00668,PRD0027,2026-06-16,Completed,2,50000.0
ORD000669,CUST00669,PRD0006,2024-03-15,Completed,4,432000.0
ORD000670,CUST00670,PRD0003,2025-09-26,Completed,3,38250.0
ORD000671,CUST00671,PRD0009,2024-04-02,Cancelled,4,36000.0
ORD000672,CUST00672,PRD0002,2025-04-15,Completed,3,288000.0
ORD000673,CUST00673,PRD0015,2024-02-26,Cancelled,1,4250.0
ORD000674,CUST00674,PRD0015,2025-05-17,Completed,5,14875.0
ORD000675,CUST00675,PRD0023,2026-05-16,,1,75000.0
ORD000676,CUST00676,PRD0010,2025-05-10,Completed,1,102000.0
ORD000677,CUST00677,PRD0026,2026-01-25,,5,600000.0
ORD000678,CUST00678,PRD0004,2024-12-18,Cancelled,3,28500.0
ORD000679,CUST00679,PRD0014,2025-12-23,Cancelled,3,42750.0
ORD000680,CUST00680,PRD0026,2025-08-12,Completed,2,12000.0
ORD000681,CUST00681,PRD0007,2024-05-21,Cancelled,4,36000.0
ORD000682,CUST00682,PRD0021,2026-01-23,COMPLETED,1,14250.0
ORD000683,CUST00683,PRD0009,2024-09-18,Pending,1,96000.0
ORD000684,CUST00684,PRD0028,2025-06-09,Returned,5,17500.0
ORD000685,CUST00685,PRD0015,2025-07-28,Returned,2,19000.0
ORD000686,CUST00686,PRD0011,2024-07-01,completed,5,71250.0
ORD000687,CUST00687,PRD0007,2026-01-13,Cancelled,5,14000.0
ORD000688,CUST00688,PRD0025,2025-12-27,Completed,4,11200.0
ORD000689,CUST00689,PRD0020,2024-05-11,Cancelled,3,67500.0
ORD000690,CUST00690,PRD0004,2024-05-15,Pending,1,12000.0
ORD000691,CUST00691,PRD0030,2025-08-14,pending,3,28500.0
ORD000692,CUST00692,PRD0030,2024-08-31,,2,204000.0
ORD000693,CUST00693,PRD0002,2025-11-24,Completed,2,127500.0
ORD000694,CUST00694,PRD0006,2026-06-02,Cancelled,2,135000.0
ORD000695,CUST00695,PRD0024,2025-11-17,,1,15000.0
ORD000696,CUST00696,PRD0028,2025-01-11,Completed,1,114000.0
ORD000697,CUST00697,PRD0002,2024-01-18,Completed,3,42750.0
ORD000698,CUST00698,PRD0024,2026-07-07,Completed,4,95000.0
ORD000699,CUST00699,PRD0012,2025-05-07,Completed,2,150000.0
ORD000700,CUST00700,PRD0018,2024-06-09,pending,5,480000.0
ORD000701,CUST00701,PRD0004,2024-06-30,Completed,1,71250.0
ORD000702,CUST00702,PRD0005,2024-03-07,pending,5,60000.0
ORD000703,CUST00703,PRD0024,2024-12-21,Returned,3,306000.0
ORD000704,CUST00704,PRD0015,2026-06-13,,4,408000.0
ORD000705,CUST00705,PRD0016,2026-03-01,Completed,2,27000.0
ORD000706,CUST00706,PRD0025,2024-01-28,completed,3,213750.0
ORD000707,CUST00707,PRD0027,2026-09-01,Completed,4,408000.0
ORD000708,CUST00708,PRD0016,2024-02-05,,4,152000.0
ORD000709,CUST00709,PRD0012,2025-10-07,,4,24000.0
ORD000710,CUST00710,PRD0011,2025-11-23,Returned,2,120000.0
ORD000711,CUST00711,PRD0002,2025-04-09,Completed,3,10500.0
ORD000712,CUST00712,PRD0011,2025-10-11,Pending,5,337500.0
ORD000713,CUST00713,PRD0008,2026-03-09,cancelled,3,14250.0
ORD000714,CUST00714,PRD0012,2025-11-12,Cancelled,3,360000.0
ORD000715,CUST00715,PRD0023,2025-09-11,Completed,1,20000.0
ORD000716,CUST00716,PRD0004,2024-01-23,,5,300000.0
ORD000717,CUST00717,PRD0007,2025-11-21,Pending,4,25500.0
ORD000718,CUST00718,PRD0016,2025-09-12,Completed,2,240000.0
ORD000719,CUST00719,PRD0028,2025-01-01,cancelled,3,120000.0
ORD000720,CUST00720,PRD0007,2025-07-04,completed,4,19000.0
ORD000721,CUST00721,PRD0012,2024-09-17,Completed,4,25500.0
ORD000722,CUST00722,PRD0017,2025-06-09,,4,95000.0
ORD000723,CUST00723,PRD0025,2025-11-18,Completed,4,300000.0
ORD000724,CUST00724,PRD0020,2025-05-03,,1,14250.0
ORD000725,CUST00725,PRD0009,2024-11-26,Cancelled,1,60000.0
ORD000726,CUST00726,PRD0006,2025-07-11,COMPLETED,1,5000.0
ORD000727,CUST00727,PRD0012,2024-08-20,Pending,2,150000.0
ORD000728,CUST00728,PRD0007,2025-12-04,Pending,4,95000.0
ORD000729,CUST00729,PRD0028,2024-01-19,,5,600000.0
ORD000730,CUST00730,PRD0006,2025-03-19,Pending,5,200000.0
ORD000731,CUST00731,PRD0023,2025-09-09,cancelled,3,40500.0
ORD000732,CUST00732,PRD0004,2026-04-24,Completed,1,6375.0
ORD000733,CUST00733,PRD0005,2024-11-27,Cancelled,2,17000.0
ORD000734,CUST00734,PRD0013,2025-05-02,,5,23750.0
ORD000735,CUST00735,PRD0024,2026-01-07,Completed,4,28500.0
ORD000736,CUST00736,PRD0011,2026-02-04,,4,18000.0
ORD000737,CUST00737,PRD0015,2025-09-01,pending,1,102000.0
ORD000738,CUST00738,PRD0029,2026-03-20,pending,3,114000.0
ORD000739,CUST00739,PRD0025,2025-04-04,Pending,2,80000.0
ORD000740,CUST00740,PRD0028,2024-10-19,cancelled,2,16000.0
ORD000741,CUST00741,PRD0011,2024-11-23,Pending,1,9000.0
ORD000742,CUST00742,PRD0024,2025-07-01,Cancelled,1,36000.0
ORD000743,CUST00743,PRD0022,2026-08-17,,2,14250.0
ORD000744,CUST00744,PRD0018,2024-03-24,Cancelled,4,432000.0
ORD000745,CUST00745,PRD0001,2026-07-27,Cancelled,1,20000.0
ORD000746,CUST00746,PRD0006,2025-11-02,Pending,3,27000.0
ORD000747,CUST00747,PRD0013,2024-10-07,COMPLETED,1,75000.0
ORD000748,CUST00748,PRD0016,2025-11-25,completed,5,20000.0
ORD000749,CUST00749,PRD0019,2025-01-15,,1,8500.0
ORD000750,CUST00750,PRD0022,2024-09-18,Completed,2,127500.0
ORD000751,CUST00751,PRD0003,2026-03-15,Completed,3,324000.0
ORD000752,CUST00752,PRD0011,2025-01-07,,2,9500.0
ORD000753,CUST00753,PRD0019,2026-06-07,completed,4,136000.0
ORD000754,CUST00754,PRD0016,2024-12-31,Pending,1,71250.0
ORD000755,CUST00755,PRD0016,2026-01-09,Pending,4,90000.0
ORD000756,CUST00756,PRD0020,2026-08-16,,2,9500.0
ORD000757,CUST00757,PRD0015,2026-08-16,Completed,4,32000.0
ORD000758,CUST00758,PRD0005,2024-07-02,COMPLETED,5,118750.0
ORD000759,CUST00759,PRD0010,2024-11-13,Cancelled,4,19000.0
ORD000760,CUST00760,PRD0018,2025-01-25,,5,42500.0
ORD000761,CUST00761,PRD0026,2026-05-10,cancelled,4,408000.0
ORD000762,CUST00762,PRD0010,2025-01-22,Cancelled,1,102000.0
ORD000763,CUST00763,PRD0028,2026-06-16,COMPLETED,2,8000.0
ORD000764,CUST00764,PRD0008,2025-10-05,completed,3,15000.0
ORD000765,CUST00765,PRD0016,2025-08-22,Pending,1,102000.0
ORD000766,CUST00766,PRD0023,2024-12-26,COMPLETED,4,95000.0
ORD000767,CUST00767,PRD0015,2026-07-11,cancelled,1,6375.0
ORD000768,CUST00768,PRD0023,2025-10-04,cancelled,2,25500.0
ORD000769,CUST00769,PRD0015,2025-08-31,Completed,2,72000.0
ORD000770,CUST00770,PRD0011,2025-08-19,Returned,5,67500.0
ORD000771,CUST00771,PRD0030,2026-04-07,completed,3,67500.0
ORD000772,CUST00772,PRD0018,2026-08-29,completed,4,28500.0
ORD000773,CUST00773,PRD0012,2025-03-25,pending,1,4250.0
ORD000774,CUST00774,PRD0006,2024-08-22,COMPLETED,5,42500.0
ORD000775,CUST00775,PRD0003,2025-12-26,Returned,5,40000.0
ORD000776,CUST00776,PRD0017,2024-05-20,Completed,2,135000.0
ORD000777,CUST00777,PRD0003,2024-10-06,cancelled,5,25000.0
ORD000778,CUST00778,PRD0024,2025-12-21,COMPLETED,5,160000.0
ORD000779,CUST00779,PRD0026,2025-07-09,cancelled,4,408000.0
ORD000780,CUST00780,PRD0030,2026-04-06,completed,1,67500.0
ORD000781,CUST00781,PRD0017,2025-12-01,,2,15000.0
ORD000782,CUST00782,PRD0010,2025-02-17,Cancelled,4,408000.0
ORD000783,CUST00783,PRD0014,2026-03-18,Completed,5,112500.0
ORD000784,CUST00784,PRD0003,2024-09-09,cancelled,3,108000.0
ORD000785,CUST00785,PRD0009,2024-10-11,completed,1,63750.0
ORD000786,CUST00786,PRD0018,2025-07-18,COMPLETED,3,202500.0
ORD000787,CUST00787,PRD0003,2024-10-01,completed,3,27000.0
ORD000788,CUST00788,PRD0010,2026-04-20,Completed,5,16625.0
ORD000789,CUST00789,PRD0007,2024-09-21,Pending,5,15750.0
ORD000790,CUST00790,PRD0025,2026-05-02,cancelled,2,24000.0
ORD000791,CUST00791,PRD0008,2024-08-30,Cancelled,5,375000.0
ORD000792,CUST00792,PRD0009,2025-11-08,COMPLETED,5,180000.0
ORD000793,CUST00793,PRD0017,2026-06-15,pending,5,118750.0
ORD000794,CUST00794,PRD0003,2024-03-31,Returned,5,118750.0
ORD000795,CUST00795,PRD0006,2026-01-13,Completed,5,60000.0
ORD000796,CUST00796,PRD0006,2026-06-07,Completed,2,8500.0
ORD000797,CUST00797,PRD0028,2025-03-30,Cancelled,3,38250.0
ORD000798,CUST00798,PRD0008,2025-08-17,Returned,4,27000.0
ORD000799,CUST00799,PRD0014,2024-08-11,Cancelled,2,64000.0
ORD000800,CUST00800,PRD0026,2026-05-03,,3,13500.0
ORD000801,CUST00801,PRD0006,2025-05-04,completed,1,108000.0
ORD000802,CUST00802,PRD0028,2026-05-25,pending,2,19000.0
ORD000803,CUST00803,PRD0010,2025-02-18,Returned,3,180000.0
ORD000804,CUST00804,PRD0009,2026-06-29,Completed,2,80000.0
ORD000805,CUST00805,PRD0017,2025-09-18,,2,10000.0
ORD000806,CUST00806,PRD0005,2025-06-06,,1,15000.0
ORD000807,CUST00807,PRD0022,2024-04-14,,2,80000.0
ORD000808,CUST00808,PRD0004,2024-12-02,,3,114000.0
ORD000809,CUST00809,PRD0025,2025-09-09,Completed,1,96000.0
ORD000810,CUST00810,PRD0012,2025-05-01,Completed,3,9975.0
ORD000811,CUST00811,PRD0003,2025-05-03,,5,31875.0
ORD000812,CUST00812,PRD0012,2024-03-16,pending,5,16625.0
ORD000813,CUST00813,PRD0024,2024-08-24,,1,108000.0
ORD000814,CUST00814,PRD0024,2025-02-22,,4,270000.0
ORD000815,CUST00815,PRD0023,2026-08-02,Pending,5,356250.0
ORD000816,CUST00816,PRD0028,2024-10-18,COMPLETED,4,24000.0
ORD000817,CUST00817,PRD0017,2025-11-06,completed,4,40000.0
ORD000818,CUST00818,PRD0019,2025-05-25,COMPLETED,3,9975.0
ORD000819,CUST00819,PRD0011,2026-01-03,pending,5,25000.0
ORD000820,CUST00820,PRD0011,2024-04-12,Returned,4,13300.0
ORD000821,CUST00821,PRD0007,2024-09-08,Completed,4,100000.0
ORD000822,CUST00822,PRD0027,2024-10-05,Completed,4,14000.0
ORD000823,CUST00823,PRD0023,2026-07-26,pending,3,60000.0
ORD000824,CUST00824,PRD0010,2025-02-26,completed,2,80000.0
ORD000825,CUST00825,PRD0008,2024-10-19,COMPLETED,4,51000.0
ORD000826,CUST00826,PRD0020,2026-04-22,Cancelled,4,17000.0
ORD000827,CUST00827,PRD0030,2025-01-03,Completed,4,28500.0
ORD000828,CUST00828,PRD0003,2026-04-04,COMPLETED,2,216000.0
ORD000829,CUST00829,PRD0019,2024-05-02,,3,27000.0
ORD000830,CUST00830,PRD0008,2025-07-16,Returned,4,48000.0
ORD000831,CUST00831,PRD0026,2024-10-28,Completed,3,40500.0
ORD000832,CUST00832,PRD0016,2025-05-29,completed,3,10500.0
ORD000833,CUST00833,PRD0003,2024-08-10,,1,9500.0
ORD000834,CUST00834,PRD0022,2024-07-06,Completed,5,14875.0
ORD000835,CUST00835,PRD0007,2025-07-24,Completed,2,8000.0
ORD000836,CUST00836,PRD0013,2025-06-11,COMPLETED,1,10000.0
ORD000837,CUST00837,PRD0002,2026-08-06,,4,30000.0
ORD000838,CUST00838,PRD0030,2026-05-05,Completed,1,4750.0
ORD000839,CUST00839,PRD0004,2024-07-20,,2,47500.0
ORD000840,CUST00840,PRD0006,2024-04-20,Cancelled,2,72000.0
ORD000841,CUST00841,PRD0001,2024-09-02,COMPLETED,2,6650.0
ORD000842,CUST00842,PRD0016,2024-08-01,Completed,4,19000.0
ORD000843,CUST00843,PRD0002,2025-08-02,Pending,3,213750.0
ORD000844,CUST00844,PRD0014,2024-08-01,completed,2,204000.0
ORD000845,CUST00845,PRD0027,2024-08-11,Completed,4,60000.0
ORD000846,CUST00846,PRD0010,2024-06-10,cancelled,3,120000.0
ORD000847,CUST00847,PRD0020,2025-12-07,Returned,5,21250.0
ORD000848,CUST00848,PRD0029,2025-11-27,cancelled,3,8925.0
ORD000849,CUST00849,PRD0007,2024-12-28,,2,8000.0
ORD000850,CUST00850,PRD0009,2024-07-30,Returned,1,2800.0
ORD000851,CUST00851,PRD0030,2025-03-13,Pending,5,45000.0
ORD000852,CUST00852,PRD0009,2026-07-04,completed,2,20000.0
ORD000853,CUST00853,PRD0029,2025-07-16,Cancelled,1,22500.0
ORD000854,CUST00854,PRD0029,2024-10-23,,1,96000.0
ORD000855,CUST00855,PRD0018,2024-11-24,pending,2,7000.0
ORD000856,CUST00856,PRD0008,2026-06-27,completed,2,6300.0
ORD000857,CUST00857,PRD0013,2026-03-17,completed,5,180000.0
ORD000858,CUST00858,PRD0029,2024-08-05,pending,2,7000.0
ORD000859,CUST00859,PRD0019,2025-10-15,completed,5,63750.0
ORD000860,CUST00860,PRD0030,2025-10-17,completed,2,204000.0
ORD000861,CUST00861,PRD0020,2024-08-08,COMPLETED,1,9000.0
ORD000862,CUST00862,PRD0008,2024-02-13,Cancelled,4,27000.0
ORD000863,CUST00863,PRD0007,2024-05-03,cancelled,2,17000.0
ORD000864,CUST00864,PRD0006,2026-07-08,COMPLETED,4,14000.0
ORD000865,CUST00865,PRD0027,2024-03-16,Completed,1,3150.0
ORD000866,CUST00866,PRD0017,2026-07-14,,5,33750.0
ORD000867,CUST00867,PRD0011,2025-10-01,Pending,5,106250.0
ORD000868,CUST00868,PRD0016,2026-04-26,,1,63750.0
ORD000869,CUST00869,PRD0019,2024-12-29,pending,1,120000.0
ORD000870,CUST00870,PRD0025,2024-03-07,cancelled,5,35625.0
ORD000871,CUST00871,PRD0016,2025-05-06,Returned,5,375000.0
ORD000872,CUST00872,PRD0009,2025-04-30,,5,160000.0
ORD000873,CUST00873,PRD0029,2026-08-02,Completed,4,136000.0
ORD000874,CUST00874,PRD0028,2025-05-12,pending,2,13500.0
ORD000875,CUST00875,PRD0012,2025-03-09,Completed,4,300000.0
ORD000876,CUST00876,PRD0011,2026-08-23,Pending,3,324000.0
ORD000877,CUST00877,PRD0001,2025-04-08,Cancelled,5,21250.0
ORD000878,CUST00878,PRD0003,2025-02-19,Completed,5,23750.0
ORD000879,CUST00879,PRD0028,2024-01-07,Pending,1,102000.0
ORD000880,CUST00880,PRD0017,2025-03-10,COMPLETED,5,14875.0
ORD000881,CUST00881,PRD0016,2025-03-30,,1,9500.0
ORD000882,CUST00882,PRD0016,2026-01-25,Completed,5,21250.0
ORD000883,CUST00883,PRD0021,2025-11-27,COMPLETED,4,408000.0
ORD000884,CUST00884,PRD0027,2024-11-02,pending,5,22500.0
ORD000885,CUST00885,PRD0013,2025-06-01,COMPLETED,2,7000.0
ORD000886,CUST00886,PRD0013,2026-07-06,COMPLETED,4,60000.0
ORD000887,CUST00887,PRD0014,2024-09-03,COMPLETED,2,6300.0
ORD000888,CUST00888,PRD0011,2024-12-17,,3,191250.0
ORD000889,CUST00889,PRD0016,2024-04-09,pending,5,30000.0
ORD000890,CUST00890,PRD0022,2025-06-26,,5,190000.0
ORD000891,CUST00891,PRD0015,2025-02-17,Returned,2,64000.0
ORD000892,CUST00892,PRD0006,2025-10-02,COMPLETED,4,240000.0
ORD000893,CUST00893,PRD0009,2026-08-03,cancelled,1,4250.0
ORD000894,CUST00894,PRD0003,2024-07-15,pending,5,67500.0
ORD000895,CUST00895,PRD0023,2024-09-08,Cancelled,2,16000.0
ORD000896,CUST00896,PRD0010,2024-04-08,,1,34000.0
ORD000897,CUST00897,PRD0004,2026-06-27,Pending,4,408000.0
ORD000898,CUST00898,PRD0023,2024-10-07,cancelled,3,324000.0
ORD000899,CUST00899,PRD0006,2025-10-06,Pending,2,6650.0
ORD000900,CUST00900,PRD0026,2025-06-21,Completed,4,285000.0
ORD000901,CUST00901,PRD0002,2026-01-13,,1,9000.0
ORD000902,CUST00902,PRD0021,2026-03-28,pending,2,14250.0
ORD000903,CUST00903,PRD0007,2024-04-14,completed,1,12750.0
ORD000904,CUST00904,PRD0014,2026-06-21,Completed,5,570000.0
ORD000905,CUST00905,PRD0029,2024-06-17,Completed,1,9000.0
ORD000906,CUST00906,PRD0014,2026-02-03,Cancelled,1,10000.0
ORD000907,CUST00907,PRD0005,2024-09-06,,5,480000.0
ORD000908,CUST00908,PRD0028,2025-03-09,Cancelled,5,300000.0
ORD000909,CUST00909,PRD0030,2024-04-10,completed,4,38000.0
ORD000910,CUST00910,PRD0009,2024-02-19,COMPLETED,4,60000.0
ORD000911,CUST00911,PRD0014,2024-08-04,pending,2,204000.0
ORD000912,CUST00912,PRD0010,2025-01-02,Returned,3,21375.0
ORD000913,CUST00913,PRD0022,2026-01-19,completed,2,8500.0
ORD000914,CUST00914,PRD0029,2025-07-17,Completed,5,112500.0
ORD000915,CUST00915,PRD0018,2025-11-04,Cancelled,1,13500.0
ORD000916,CUST00916,PRD0029,2024-03-24,Cancelled,2,19000.0
ORD000917,CUST00917,PRD0013,2024-06-17,,2,27000.0
ORD000918,CUST00918,PRD0002,2025-02-27,pending,5,25000.0
ORD000919,CUST00919,PRD0027,2025-03-10,completed,4,36000.0
ORD000920,CUST00920,PRD0001,2024-01-16,Cancelled,5,180000.0
ORD000921,CUST00921,PRD0024,2026-01-19,Returned,2,28500.0
ORD000922,CUST00922,PRD0015,2026-06-15,,5,40000.0
ORD000923,CUST00923,PRD0025,2025-09-17,Completed,5,480000.0
ORD000924,CUST00924,PRD0002,2026-01-06,completed,5,14875.0
ORD000925,CUST00925,PRD0007,2025-12-09,Completed,2,228000.0
ORD000926,CUST00926,PRD0015,2026-04-04,Pending,4,11200.0
ORD000927,CUST00927,PRD0025,2026-04-04,cancelled,5,71250.0
ORD000928,CUST00928,PRD0019,2024-04-28,pending,4,12600.0
ORD000929,CUST00929,PRD0005,2026-06-17,COMPLETED,1,102000.0
ORD000930,CUST00930,PRD0010,2024-04-16,,4,19000.0
ORD000931,CUST00931,PRD0003,2026-02-26,Pending,1,13500.0
ORD000932,CUST00932,PRD0001,2025-06-08,Pending,2,6650.0
ORD000933,CUST00933,PRD0027,2026-08-17,Returned,1,20000.0
ORD000934,CUST00934,PRD0006,2026-04-13,Returned,2,30000.0
ORD000935,CUST00935,PRD0008,2025-04-07,Cancelled,2,8500.0
ORD000936,CUST00936,PRD0015,2026-03-22,pending,3,306000.0
ORD000937,CUST00937,PRD0005,2025-09-11,Completed,1,7125.0
ORD000938,CUST00938,PRD0026,2024-05-28,Completed,4,11900.0
ORD000939,CUST00939,PRD0008,2024-08-30,COMPLETED,2,6650.0
ORD000940,CUST00940,PRD0023,2026-03-03,COMPLETED,1,114000.0
ORD000941,CUST00941,PRD0013,2026-03-06,,5,20000.0
ORD000942,CUST00942,PRD0023,2026-07-01,cancelled,5,318750.0
ORD000943,CUST00943,PRD0024,2025-04-23,cancelled,5,30000.0
ORD000944,CUST00944,PRD0004,2024-03-29,completed,2,25500.0
ORD000945,CUST00945,PRD0028,2024-02-21,completed,2,14250.0
ORD000946,CUST00946,PRD0022,2025-04-10,,2,42500.0
ORD000947,CUST00947,PRD0024,2024-09-06,completed,4,40000.0
ORD000948,CUST00948,PRD0030,2025-12-23,pending,3,114000.0
ORD000949,CUST00949,PRD0008,2026-07-07,completed,3,360000.0
ORD000950,CUST00950,PRD0022,2025-01-21,Pending,3,24000.0
ORD000951,CUST00951,PRD0013,2026-06-06,Completed,4,25500.0
ORD000952,CUST00952,PRD0024,2024-09-10,,1,32000.0
ORD000953,CUST00953,PRD0025,2024-05-13,Completed,3,342000.0
ORD000954,CUST00954,PRD0005,2024-08-14,pending,2,9500.0
ORD000955,CUST00955,PRD0030,2024-03-18,completed,1,7125.0
ORD000956,CUST00956,PRD0002,2024-04-01,Returned,5,21250.0
ORD000957,CUST00957,PRD0025,2025-02-16,Pending,2,8500.0
ORD000958,CUST00958,PRD0021,2024-12-16,Completed,4,95000.0
ORD000959,CUST00959,PRD0015,2024-02-15,Returned,4,54000.0
ORD000960,CUST00960,PRD0023,2024-02-15,Returned,2,80000.0
ORD000961,CUST00961,PRD0021,2024-04-09,completed,1,40000.0
ORD000962,CUST00962,PRD0023,2025-10-11,Pending,1,8000.0
ORD000963,CUST00963,PRD0020,2024-07-28,Completed,2,68000.0
ORD000964,CUST00964,PRD0021,2025-03-17,completed,4,456000.0
ORD000965,CUST00965,PRD0016,2024-02-14,completed,5,100000.0
ORD000966,CUST00966,PRD0007,2025-08-06,Completed,1,5000.0
ORD000967,CUST00967,PRD0018,2025-02-24,Pending,3,10500.0
ORD000968,CUST00968,PRD0005,2024-05-15,,2,8000.0
ORD000969,CUST00969,PRD0013,2024-06-28,completed,3,40500.0
ORD000970,CUST00970,PRD0015,2024-08-25,,5,75000.0
ORD000971,CUST00971,PRD0026,2024-08-15,Completed,5,300000.0
ORD000972,CUST00972,PRD0010,2025-01-02,completed,5,337500.0
ORD000973,CUST00973,PRD0011,2025-01-16,Cancelled,3,12750.0
ORD000974,CUST00974,PRD0028,2024-05-18,Cancelled,1,3325.0
ORD000975,CUST00975,PRD0023,2026-04-13,Completed,5,45000.0
ORD000976,CUST00976,PRD0005,2025-05-19,Completed,5,100000.0
ORD000977,CUST00977,PRD0027,2025-05-24,completed,2,27000.0
ORD000978,CUST00978,PRD0017,2025-08-23,,1,4250.0
ORD000979,CUST00979,PRD0022,2026-02-26,Cancelled,4,384000.0
ORD000980,CUST00980,PRD0021,2024-11-08,cancelled,3,20250.0
ORD000981,CUST00981,PRD0007,2026-07-01,completed,3,67500.0
ORD000982,CUST00982,PRD0009,2024-11-17,,4,20000.0
ORD000983,CUST00983,PRD0013,2024-02-29,completed,4,285000.0
ORD000984,CUST00984,PRD0017,2026-08-27,Cancelled,1,6375.0
ORD000985,CUST00985,PRD0021,2026-01-15,cancelled,4,14000.0
ORD000986,CUST00986,PRD0018,2025-03-13,Cancelled,4,40000.0
ORD000987,CUST00987,PRD0018,2024-12-28,,3,21375.0
ORD000988,CUST00988,PRD0022,2024-03-11,Pending,2,30000.0
ORD000989,CUST00989,PRD0017,2024-11-25,Pending,2,27000.0
ORD000990,CUST00990,PRD0018,2024-08-24,Completed,5,100000.0
ORD000991,CUST00991,PRD0025,2024-09-07,Returned,5,42500.0
ORD000992,CUST00992,PRD0011,2026-01-06,completed,4,128000.0
ORD000993,CUST00993,PRD0012,2024-07-17,Completed,2,30000.0
ORD000994,CUST00994,PRD0017,2024-12-23,,3,120000.0
ORD000995,CUST00995,PRD0028,2026-07-05,Returned,4,144000.0
ORD000996,CUST00996,PRD0016,2025-09-06,pending,2,30000.0
ORD000997,CUST00997,PRD0014,2026-04-27,Pending,1,13500.0
ORD000998,CUST00998,PRD0030,2025-04-05,Cancelled,4,24000.0
ORD000999,CUST00999,PRD0026,2026-05-30,pending,4,25500.0
ORD001000,CUST01000,PRD0021,2025-11-12,cancelled,4,255000.0
ORD001001,CUST01001,PRD0025,2024-04-17,pending,3,225000.0
ORD001002,CUST01002,PRD0029,2025-05-31,Cancelled,2,28500.0
ORD001003,CUST01003,PRD0018,2024-12-15,pending,1,102000.0
ORD001004,CUST01004,PRD0025,2025-02-21,completed,2,18000.0
ORD001005,CUST01005,PRD0019,2025-03-06,cancelled,3,8400.0
ORD001006,CUST01006,PRD0001,2025-10-02,Completed,2,5950.0
ORD001007,CUST01007,PRD0012,2024-12-19,completed,1,7500.0
ORD001008,CUST01008,PRD0022,2026-06-13,pending,1,120000.0
ORD001009,CUST01009,PRD0017,2026-08-04,Completed,1,20000.0
ORD001010,CUST01010,PRD0026,2025-03-30,Cancelled,1,36000.0
ORD001011,CUST01011,PRD0012,2025-07-26,cancelled,3,24000.0
ORD001012,CUST01012,PRD0014,2026-05-07,COMPLETED,3,24000.0
ORD001013,CUST01013,PRD0020,2025-10-30,Cancelled,2,9500.0
ORD001014,CUST01014,PRD0019,2024-05-06,Pending,3,45000.0
ORD001015,CUST01015,PRD0004,2025-09-06,cancelled,4,20000.0
ORD001016,CUST01016,PRD0020,2024-07-04,cancelled,4,11200.0
ORD001017,CUST01017,PRD0030,2026-08-12,Completed,1,13500.0
ORD001018,CUST01018,PRD0011,2025-09-29,,2,18000.0
ORD001019,CUST01019,PRD0025,2025-10-30,completed,1,6375.0
ORD001020,CUST01020,PRD0025,2025-09-13,pending,5,100000.0
ORD001021,CUST01021,PRD0020,2024-02-01,Completed,1,60000.0
ORD001022,CUST01022,PRD0002,2025-02-15,completed,3,108000.0
ORD001023,CUST01023,PRD0004,2024-12-15,pending,4,300000.0
ORD001024,CUST01024,PRD0028,2024-12-03,,1,7125.0
ORD001025,CUST01025,PRD0026,2024-12-18,Cancelled,1,71250.0
ORD001026,CUST01026,PRD0027,2025-08-30,pending,2,68000.0
ORD001027,CUST01027,PRD0027,2025-08-07,Cancelled,4,24000.0
ORD001028,CUST01028,PRD0016,2025-12-10,COMPLETED,5,100000.0
ORD001029,CUST01029,PRD0030,2026-05-20,Returned,2,240000.0
ORD001030,CUST01030,PRD0011,2024-11-25,Pending,1,34000.0
ORD001031,CUST01031,PRD0025,2025-08-20,Pending,4,54000.0
ORD001032,CUST01032,PRD0009,2026-05-30,completed,3,27000.0
ORD001033,CUST01033,PRD0013,2024-08-17,Completed,5,600000.0
ORD001034,CUST01034,PRD0003,2026-04-20,Cancelled,3,96000.0
ORD001035,CUST01035,PRD0019,2024-11-16,Cancelled,2,5950.0
ORD001036,CUST01036,PRD0018,2024-10-11,Returned,1,6375.0
ORD001037,CUST01037,PRD0013,2024-12-16,Completed,2,68000.0
ORD001038,CUST01038,PRD0016,2026-04-22,COMPLETED,4,13300.0
ORD001039,CUST01039,PRD0018,2024-12-12,Returned,4,51000.0
ORD001040,CUST01040,PRD0007,2026-06-02,,1,25000.0
ORD001041,CUST01041,PRD0018,2026-07-02,cancelled,2,27000.0
ORD001042,CUST01042,PRD0030,2024-10-20,Completed,3,120000.0
ORD001043,CUST01043,PRD0011,2025-03-19,Returned,5,16625.0
ORD001044,CUST01044,PRD0003,2026-01-14,Completed,1,13500.0
ORD001045,CUST01045,PRD0025,2025-12-14,completed,5,190000.0
ORD001046,CUST01046,PRD0019,2024-06-17,COMPLETED,5,170000.0
ORD001047,CUST01047,PRD0026,2026-07-10,pending,3,10500.0
ORD001048,CUST01048,PRD0012,2025-12-15,Completed,3,12750.0
ORD001049,CUST01049,PRD0015,2026-06-29,,1,4750.0
ORD001050,CUST01050,PRD0027,2024-05-18,Completed,2,16000.0
ORD001051,CUST01051,PRD0019,2024-04-21,Cancelled,4,11200.0
ORD001052,CUST01052,PRD0028,2024-08-06,pending,5,50000.0
ORD001053,CUST01053,PRD0002,2026-06-05,completed,1,20000.0
ORD001054,CUST01054,PRD0007,2026-08-02,cancelled,3,8400.0
ORD001055,CUST01055,PRD0017,2024-04-30,Completed,2,76000.0
ORD001056,CUST01056,PRD0023,2025-05-03,Completed,3,42750.0
ORD001057,CUST01057,PRD0006,2024-05-07,Completed,2,50000.0
ORD001058,CUST01058,PRD0026,2025-09-06,Completed,4,17000.0
ORD001059,CUST01059,PRD0014,2024-04-17,Completed,5,22500.0
ORD001060,CUST01060,PRD0028,2025-11-16,cancelled,5,190000.0
ORD001061,CUST01061,PRD0004,2025-10-29,COMPLETED,1,67500.0
ORD001062,CUST01062,PRD0007,2024-11-28,cancelled,4,300000.0
ORD001063,CUST01063,PRD0020,2024-09-23,,2,135000.0
ORD001064,CUST01064,PRD0007,2024-12-22,,2,14250.0
ORD001065,CUST01065,PRD0023,2024-03-23,Returned,3,225000.0
ORD001066,CUST01066,PRD0024,2025-05-23,Cancelled,2,240000.0
ORD001067,CUST01067,PRD0012,2025-08-08,COMPLETED,2,15000.0
ORD001068,CUST01068,PRD0009,2025-06-16,completed,1,36000.0
ORD001069,CUST01069,PRD0019,2025-01-01,Completed,2,10000.0
ORD001070,CUST01070,PRD0016,2024-08-29,cancelled,5,356250.0
ORD001071,CUST01071,PRD0004,2024-08-28,Completed,4,136000.0
ORD001072,CUST01072,PRD0008,2025-10-17,COMPLETED,1,12750.0
ORD001073,CUST01073,PRD0019,2024-10-13,Completed,5,200000.0
ORD001074,CUST01074,PRD0029,2025-07-23,,2,14250.0
ORD001075,CUST01075,PRD0011,2025-07-15,completed,5,42500.0
ORD001076,CUST01076,PRD0008,2026-06-27,completed,3,306000.0
ORD001077,CUST01077,PRD0027,2025-11-30,Completed,5,190000.0
ORD001078,CUST01078,PRD0011,2025-09-10,cancelled,2,127500.0
ORD001079,CUST01079,PRD0017,2025-07-26,Cancelled,3,225000.0
ORD001080,CUST01080,PRD0004,2025-06-21,Cancelled,5,570000.0
ORD001081,CUST01081,PRD0006,2024-09-05,completed,5,337500.0
ORD001082,CUST01082,PRD0013,2026-05-28,completed,5,356250.0
ORD001083,CUST01083,PRD0022,2024-12-22,Returned,2,9500.0
ORD001084,CUST01084,PRD0028,2025-07-10,,5,600000.0
ORD001085,CUST01085,PRD0025,2025-12-17,Completed,5,25000.0
ORD001086,CUST01086,PRD0001,2025-05-20,Returned,2,7000.0
ORD001087,CUST01087,PRD0011,2024-05-08,COMPLETED,5,100000.0
ORD001088,CUST01088,PRD0007,2024-10-06,Pending,4,25500.0
ORD001089,CUST01089,PRD0009,2024-01-22,Completed,4,128000.0
ORD001090,CUST01090,PRD0008,2026-07-25,,1,9500.0
ORD001091,CUST01091,PRD0029,2024-10-26,cancelled,4,20000.0
ORD001092,CUST01092,PRD0021,2025-08-24,Completed,1,3500.0
ORD001093,CUST01093,PRD0030,2024-07-18,Completed,2,8500.0
ORD001094,CUST01094,PRD0017,2024-11-30,cancelled,3,21375.0
ORD001095,CUST01095,PRD0022,2024-07-23,cancelled,3,191250.0
ORD001096,CUST01096,PRD0028,2026-05-16,Cancelled,5,71250.0
ORD001097,CUST01097,PRD0002,2025-12-17,Completed,3,225000.0
ORD001098,CUST01098,PRD0022,2026-08-27,COMPLETED,4,60000.0
ORD001099,CUST01099,PRD0021,2024-12-25,completed,1,14250.0
ORD001100,CUST01100,PRD0013,2025-06-04,cancelled,5,118750.0
ORD001101,CUST01101,PRD0025,2024-08-11,completed,4,25500.0
ORD001102,CUST01102,PRD0022,2026-02-21,Completed,1,3325.0
ORD001103,CUST01103,PRD0027,2025-05-23,Completed,1,2800.0
ORD001104,CUST01104,PRD0023,2024-06-17,pending,4,456000.0
ORD001105,CUST01105,PRD0023,2024-07-31,pending,3,360000.0
ORD001106,CUST01106,PRD0011,2026-01-15,completed,3,13500.0
ORD001107,CUST01107,PRD0024,2024-03-01,completed,5,71250.0
ORD001108,CUST01108,PRD0028,2024-06-18,,4,12600.0
ORD001109,CUST01109,PRD0023,2025-01-06,Completed,4,34000.0
ORD001110,CUST01110,PRD0029,2025-09-09,Completed,3,30000.0
ORD001111,CUST01111,PRD0030,2025-10-17,Pending,5,16625.0
ORD001112,CUST01112,PRD0007,2025-07-02,Cancelled,5,100000.0
ORD001113,CUST01113,PRD0003,2026-05-23,COMPLETED,5,118750.0
ORD001114,CUST01114,PRD0002,2026-07-30,COMPLETED,5,100000.0
ORD001115,CUST01115,PRD0005,2025-03-29,pending,2,127500.0
ORD001116,CUST01116,PRD0004,2024-10-23,Completed,1,9500.0
ORD001117,CUST01117,PRD0007,2025-01-09,COMPLETED,3,38250.0
ORD001118,CUST01118,PRD0006,2025-05-23,Completed,3,8925.0
ORD001119,CUST01119,PRD0023,2024-06-27,Cancelled,4,160000.0
ORD001120,CUST01120,PRD0028,2025-01-04,,1,6750.0
ORD001121,CUST01121,PRD0028,2025-03-22,Cancelled,2,10000.0
ORD001122,CUST01122,PRD0029,2025-10-14,cancelled,4,100000.0
ORD001123,CUST01123,PRD0013,2024-06-29,cancelled,4,95000.0
ORD001124,CUST01124,PRD0017,2026-04-26,Completed,5,15750.0
ORD001125,CUST01125,PRD0029,2026-01-29,cancelled,1,38000.0
ORD001126,CUST01126,PRD0017,2025-12-23,Cancelled,5,480000.0
ORD001127,CUST01127,PRD0014,2024-07-23,Pending,2,17000.0
ORD001128,CUST01128,PRD0019,2024-01-27,Pending,1,71250.0
ORD001129,CUST01129,PRD0005,2024-11-29,,3,18000.0
ORD001130,CUST01130,PRD0006,2026-06-09,Cancelled,2,80000.0
ORD001131,CUST01131,PRD0020,2025-10-07,Pending,3,28500.0
ORD001132,CUST01132,PRD0022,2024-04-03,,1,6375.0
ORD001133,CUST01133,PRD0012,2026-01-28,,2,68000.0
ORD001134,CUST01134,PRD0009,2025-06-15,Pending,4,12600.0
ORD001135,CUST01135,PRD0026,2025-06-02,cancelled,4,32000.0
ORD001136,CUST01136,PRD0030,2025-05-11,completed,1,2975.0
ORD001137,CUST01137,PRD0006,2025-02-14,pending,1,12000.0
ORD001138,CUST01138,PRD0004,2024-07-07,Pending,3,67500.0
ORD001139,CUST01139,PRD0017,2024-03-04,Pending,1,22500.0
ORD001140,CUST01140,PRD0015,2026-03-19,COMPLETED,2,204000.0
ORD001141,CUST01141,PRD0022,2025-03-30,,2,12750.0
ORD001142,CUST01142,PRD0007,2024-10-25,cancelled,1,9000.0
ORD001143,CUST01143,PRD0011,2026-08-28,Cancelled,3,288000.0
ORD001144,CUST01144,PRD0008,2026-08-29,Completed,1,120000.0
ORD001145,CUST01145,PRD0007,2025-08-13,Completed,4,20000.0
ORD001146,CUST01146,PRD0006,2024-07-16,Pending,2,7000.0
ORD001147,CUST01147,PRD0029,2025-08-29,COMPLETED,4,40000.0
ORD001148,CUST01148,PRD0025,2025-12-26,Completed,5,21250.0
ORD001149,CUST01149,PRD0021,2025-09-07,COMPLETED,5,570000.0
ORD001150,CUST01150,PRD0014,2025-09-18,Cancelled,3,75000.0
ORD001151,CUST01151,PRD0018,2025-11-22,Completed,2,120000.0
ORD001152,CUST01152,PRD0006,2024-09-28,Returned,3,8400.0
ORD001153,CUST01153,PRD0021,2026-04-10,Cancelled,5,15750.0
ORD001154,CUST01154,PRD0016,2026-04-07,cancelled,2,5950.0
ORD001155,CUST01155,PRD0018,2026-05-04,Completed,5,318750.0
ORD001156,CUST01156,PRD0017,2026-01-12,Completed,3,27000.0
ORD001157,CUST01157,PRD0024,2025-10-19,,5,14875.0
ORD001158,CUST01158,PRD0010,2026-07-19,,1,6375.0
ORD001159,CUST01159,PRD0028,2024-12-14,Completed,4,384000.0
ORD001160,CUST01160,PRD0017,2024-11-14,COMPLETED,2,240000.0
ORD001161,CUST01161,PRD0011,2026-05-19,Completed,5,67500.0
ORD001162,CUST01162,PRD0013,2026-07-21,completed,5,23750.0
ORD001163,CUST01163,PRD0003,2026-06-28,completed,1,21250.0
ORD001164,CUST01164,PRD0014,2025-06-13,Cancelled,1,96000.0
ORD001165,CUST01165,PRD0011,2024-10-11,Completed,5,71250.0
ORD001166,CUST01166,PRD0030,2026-05-28,Cancelled,3,9450.0
ORD001167,CUST01167,PRD0023,2024-08-01,Cancelled,3,13500.0
ORD001168,CUST01168,PRD0030,2025-01-23,completed,4,160000.0
ORD001169,CUST01169,PRD0014,2026-04-11,Pending,3,15000.0
ORD001170,CUST01170,PRD0014,2025-10-10,Completed,1,96000.0
ORD001171,CUST01171,PRD0010,2026-05-19,,2,127500.0
ORD001172,CUST01172,PRD0006,2025-07-27,cancelled,2,127500.0
ORD001173,CUST01173,PRD0019,2025-09-22,Cancelled,5,47500.0
ORD001174,CUST01174,PRD0028,2025-10-28,,1,4750.0
ORD001175,CUST01175,PRD0004,2024-12-23,Cancelled,1,3150.0
ORD001176,CUST01176,PRD0001,2026-07-04,Completed,1,6375.0
ORD001177,CUST01177,PRD0003,2024-10-25,pending,2,9500.0
ORD001178,CUST01178,PRD0027,2025-12-03,,3,12000.0
ORD001179,CUST01179,PRD0029,2024-06-26,completed,2,14250.0
ORD001180,CUST01180,PRD0016,2026-02-26,pending,1,3500.0
ORD001181,CUST01181,PRD0020,2026-07-11,Cancelled,3,8925.0
ORD001182,CUST01182,PRD0027,2024-02-25,,3,114000.0
ORD001183,CUST01183,PRD0022,2024-11-02,cancelled,4,80000.0
ORD001184,CUST01184,PRD0002,2025-06-22,completed,3,38250.0
ORD001185,CUST01185,PRD0003,2024-03-26,Cancelled,4,17000.0
ORD001186,CUST01186,PRD0021,2026-02-07,COMPLETED,1,23750.0
ORD001187,CUST01187,PRD0019,2025-10-30,Pending,3,12750.0
ORD001188,CUST01188,PRD0007,2025-01-01,completed,2,17000.0
ORD001189,CUST01189,PRD0024,2024-01-08,Cancelled,1,8000.0
ORD001190,CUST01190,PRD0011,2026-04-01,Completed,1,38000.0
ORD001191,CUST01191,PRD0008,2025-09-09,Completed,1,34000.0
ORD001192,CUST01192,PRD0012,2026-01-09,Completed,3,22500.0
ORD001193,CUST01193,PRD0015,2025-01-18,Pending,4,480000.0
ORD001194,CUST01194,PRD0028,2026-07-20,Completed,1,10000.0
ORD001195,CUST01195,PRD0002,2024-12-11,Completed,2,5950.0
ORD001196,CUST01196,PRD0025,2024-07-27,Completed,2,19000.0
ORD001197,CUST01197,PRD0017,2025-05-13,,3,20250.0
ORD001198,CUST01198,PRD0017,2025-01-21,Cancelled,4,57000.0
ORD001199,CUST01199,PRD0028,2025-03-10,Completed,2,6300.0
ORD001200,CUST01200,PRD0002,2024-04-07,Completed,3,213750.0
ORD001201,CUST01201,PRD0025,2025-01-26,COMPLETED,3,306000.0
ORD001202,CUST01202,PRD0019,2025-08-19,Pending,5,20000.0
ORD001203,CUST01203,PRD0017,2025-12-20,Completed,4,60000.0
ORD001204,CUST01204,PRD0015,2024-01-27,,3,202500.0
ORD001205,CUST01205,PRD0014,2025-11-01,Pending,5,16625.0
ORD001206,CUST01206,PRD0002,2024-07-24,Completed,5,125000.0
ORD001207,CUST01207,PRD0023,2024-04-11,cancelled,1,4000.0
ORD001208,CUST01208,PRD0030,2026-02-10,cancelled,3,225000.0
ORD001209,CUST01209,PRD0012,2025-12-09,COMPLETED,3,96000.0
ORD001210,CUST01210,PRD0013,2024-02-12,Completed,2,18000.0
ORD001211,CUST01211,PRD0005,2024-03-26,Returned,4,18000.0
ORD001212,CUST01212,PRD0010,2026-02-26,Pending,5,15750.0
ORD001213,CUST01213,PRD0006,2025-12-31,Cancelled,5,14000.0
ORD001214,CUST01214,PRD0016,2026-08-15,Completed,3,28500.0
ORD001215,CUST01215,PRD0016,2026-07-17,Completed,3,19125.0
ORD001216,CUST01216,PRD0019,2025-12-20,Completed,5,37500.0
ORD001217,CUST01217,PRD0024,2026-06-14,Cancelled,5,14000.0
ORD001218,CUST01218,PRD0018,2024-04-15,,1,12750.0
ORD001219,CUST01219,PRD0010,2024-11-29,cancelled,3,13500.0
ORD001220,CUST01220,PRD0010,2025-03-05,Pending,1,34000.0
ORD001221,CUST01221,PRD0019,2025-11-15,Completed,4,12600.0
ORD001222,CUST01222,PRD0004,2024-05-06,pending,1,120000.0
ORD001223,CUST01223,PRD0019,2026-01-05,Completed,4,90000.0
ORD001224,CUST01224,PRD0006,2026-03-29,cancelled,3,75000.0
ORD001225,CUST01225,PRD0030,2025-11-15,completed,4,17000.0
ORD001226,CUST01226,PRD0019,2026-05-29,completed,5,60000.0
ORD001227,CUST01227,PRD0027,2025-12-24,completed,5,20000.0
ORD001228,CUST01228,PRD0008,2024-05-02,Completed,5,22500.0
ORD001229,CUST01229,PRD0024,2025-05-17,COMPLETED,4,90000.0
ORD001230,CUST01230,PRD0005,2025-08-11,cancelled,2,8500.0
ORD001231,CUST01231,PRD0013,2024-12-29,Completed,1,13500.0
ORD001232,CUST01232,PRD0009,2024-11-24,Completed,1,75000.0
ORD001233,CUST01233,PRD0025,2024-04-02,Pending,1,10000.0
ORD001234,CUST01234,PRD0008,2024-05-23,,4,160000.0
ORD001235,CUST01235,PRD0003,2024-09-19,Completed,1,63750.0
ORD001236,CUST01236,PRD0008,2025-09-29,,3,8925.0
ORD001237,CUST01237,PRD0013,2024-11-13,cancelled,4,36000.0
ORD001238,CUST01238,PRD0018,2024-04-23,Completed,3,102000.0
ORD001239,CUST01239,PRD0021,2024-02-07,Completed,4,12600.0
ORD001240,CUST01240,PRD0003,2024-05-13,pending,3,306000.0
ORD001241,CUST01241,PRD0022,2026-04-06,Pending,4,60000.0
ORD001242,CUST01242,PRD0004,2024-03-15,Returned,1,14250.0
ORD001243,CUST01243,PRD0019,2025-07-05,COMPLETED,2,28500.0
ORD001244,CUST01244,PRD0015,2025-02-06,Completed,1,108000.0
ORD001245,CUST01245,PRD0003,2026-04-19,pending,3,67500.0
ORD001246,CUST01246,PRD0006,2025-03-09,,5,50000.0
ORD001247,CUST01247,PRD0024,2024-03-25,pending,4,20000.0
ORD001248,CUST01248,PRD0022,2026-04-03,completed,5,300000.0
ORD001249,CUST01249,PRD0017,2024-02-03,Completed,2,142500.0
ORD001250,CUST01250,PRD0023,2026-08-24,cancelled,3,45000.0
ORD001251,CUST01251,PRD0025,2024-02-17,Pending,3,96000.0
ORD001252,CUST01252,PRD0018,2025-06-02,,1,23750.0
ORD001253,CUST01253,PRD0013,2025-07-18,Cancelled,1,21250.0
ORD001254,CUST01254,PRD0015,2026-06-24,Completed,5,25000.0
ORD001255,CUST01255,PRD0015,2025-06-28,Cancelled,1,21250.0
ORD001256,CUST01256,PRD0025,2026-04-22,Cancelled,4,32000.0
ORD001257,CUST01257,PRD0020,2026-03-05,,1,21250.0
ORD001258,CUST01258,PRD0018,2025-10-25,cancelled,4,27000.0
ORD001259,CUST01259,PRD0023,2024-05-15,,5,160000.0
ORD001260,CUST01260,PRD0006,2026-01-13,Pending,1,3325.0
ORD001261,CUST01261,PRD0019,2024-07-31,COMPLETED,4,30000.0
ORD001262,CUST01262,PRD0018,2025-02-07,Completed,5,200000.0
ORD001263,CUST01263,PRD0024,2025-11-05,Returned,3,288000.0
ORD001264,CUST01264,PRD0020,2026-08-08,COMPLETED,4,90000.0
ORD001265,CUST01265,PRD0005,2026-06-15,Pending,3,71250.0
ORD001266,CUST01266,PRD0020,2024-05-16,,2,42500.0
ORD001267,CUST01267,PRD0010,2025-02-01,Pending,3,36000.0
ORD001268,CUST01268,PRD0014,2024-01-09,cancelled,3,27000.0
ORD001269,CUST01269,PRD0024,2024-05-25,,3,9975.0
ORD001270,CUST01270,PRD0023,2024-08-08,pending,5,337500.0
ORD001271,CUST01271,PRD0009,2025-11-03,cancelled,1,3150.0
ORD001272,CUST01272,PRD0004,2024-05-23,Completed,1,15000.0
ORD001273,CUST01273,PRD0020,2025-06-02,Completed,5,375000.0
ORD001274,CUST01274,PRD0015,2026-08-30,COMPLETED,5,190000.0
ORD001275,CUST01275,PRD0011,2024-01-18,Cancelled,4,51000.0
ORD001276,CUST01276,PRD0007,2024-04-21,,1,4250.0
ORD001277,CUST01277,PRD0011,2024-03-20,Completed,4,300000.0
ORD001278,CUST01278,PRD0026,2024-10-02,Cancelled,4,54000.0
ORD001279,CUST01279,PRD0017,2024-07-23,Returned,3,36000.0
ORD001280,CUST01280,PRD0014,2026-04-25,completed,1,13500.0
ORD001281,CUST01281,PRD0010,2026-01-13,Cancelled,5,33750.0
ORD001282,CUST01282,PRD0015,2024-03-21,Pending,2,30000.0
ORD001283,CUST01283,PRD0019,2026-06-18,COMPLETED,3,42750.0
ORD001284,CUST01284,PRD0018,2024-04-06,Cancelled,5,31875.0
ORD001285,CUST01285,PRD0001,2025-07-25,COMPLETED,5,318750.0
ORD001286,CUST01286,PRD0001,2024-08-17,pending,3,114000.0
ORD001287,CUST01287,PRD0009,2026-07-07,,5,356250.0
ORD001288,CUST01288,PRD0007,2024-07-03,completed,4,54000.0
ORD001289,CUST01289,PRD0016,2025-04-22,Completed,4,30000.0
ORD001290,CUST01290,PRD0003,2025-08-09,Completed,4,17000.0
ORD001291,CUST01291,PRD0002,2024-02-06,Returned,4,30000.0
ORD001292,CUST01292,PRD0003,2025-10-25,Completed,4,32000.0
ORD001293,CUST01293,PRD0006,2024-06-10,,5,31875.0
ORD001294,CUST01294,PRD0024,2024-04-03,Returned,4,40000.0
ORD001295,CUST01295,PRD0016,2024-02-18,,2,20000.0
ORD001296,CUST01296,PRD0014,2025-10-25,Pending,5,180000.0
ORD001297,CUST01297,PRD0009,2024-04-12,Returned,2,192000.0
ORD001298,CUST01298,PRD0001,2024-12-17,Completed,5,180000.0
ORD001299,CUST01299,PRD0012,2026-01-29,pending,4,95000.0
ORD001300,CUST01300,PRD0007,2024-07-13,pending,5,356250.0
ORD001301,CUST01301,PRD0005,2026-04-14,pending,2,16000.0
ORD001302,CUST01302,PRD0028,2024-05-04,completed,5,42500.0
ORD001303,CUST01303,PRD0001,2026-01-23,cancelled,4,19000.0
ORD001304,CUST01304,PRD0005,2024-12-10,,5,480000.0
ORD001305,CUST01305,PRD0018,2025-05-19,cancelled,4,54000.0
ORD001306,CUST01306,PRD0026,2025-04-20,Completed,4,57000.0
ORD001307,CUST01307,PRD0025,2024-12-16,Completed,5,125000.0
ORD001308,CUST01308,PRD0013,2024-04-12,Completed,1,9500.0
ORD001309,CUST01309,PRD0022,2024-02-01,Completed,1,40000.0
ORD001310,CUST01310,PRD0006,2026-07-15,Completed,4,51000.0
ORD001311,CUST01311,PRD0009,2024-10-11,Completed,5,480000.0
ORD001312,CUST01312,PRD0001,2024-01-29,completed,5,200000.0
ORD001313,CUST01313,PRD0030,2026-04-23,completed,3,9450.0
ORD001314,CUST01314,PRD0013,2024-01-25,Returned,3,45000.0
ORD001315,CUST01315,PRD0022,2025-10-11,pending,1,38000.0
ORD001316,CUST01316,PRD0006,2024-10-01,,2,15000.0
ORD001317,CUST01317,PRD0014,2024-02-12,completed,5,47500.0
ORD001318,CUST01318,PRD0006,2024-11-25,completed,5,160000.0
ORD001319,CUST01319,PRD0026,2025-08-09,Completed,4,152000.0
ORD001320,CUST01320,PRD0024,2024-04-15,Pending,2,8000.0
ORD001321,CUST01321,PRD0028,2024-12-13,Pending,2,12000.0
ORD001322,CUST01322,PRD0018,2026-07-03,,5,31875.0
ORD001323,CUST01323,PRD0020,2024-01-30,cancelled,3,19125.0
ORD001324,CUST01324,PRD0006,2024-07-29,pending,1,3325.0
ORD001325,CUST01325,PRD0028,2025-03-27,Pending,5,71250.0
ORD001326,CUST01326,PRD0020,2024-07-06,Cancelled,3,67500.0
ORD001327,CUST01327,PRD0027,2026-02-27,Completed,5,106250.0
ORD001328,CUST01328,PRD0028,2026-08-24,completed,1,9500.0
ORD001329,CUST01329,PRD0001,2024-09-17,Completed,4,48000.0
ORD001330,CUST01330,PRD0009,2025-09-02,COMPLETED,4,38000.0
ORD001331,CUST01331,PRD0010,2026-02-06,Returned,3,42750.0
ORD001332,CUST01332,PRD0001,2025-12-16,completed,4,128000.0
ORD001333,CUST01333,PRD0017,2024-03-11,Returned,4,480000.0
ORD001334,CUST01334,PRD0005,2026-02-05,Cancelled,1,114000.0
ORD001335,CUST01335,PRD0011,2024-12-06,completed,3,14250.0
ORD001336,CUST01336,PRD0028,2024-03-13,Pending,3,22500.0
ORD001337,CUST01337,PRD0015,2025-02-14,pending,1,10000.0
ORD001338,CUST01338,PRD0005,2026-01-29,Pending,1,7500.0
ORD001339,CUST01339,PRD0004,2024-01-08,,4,408000.0
ORD001340,CUST01340,PRD0018,2026-03-20,cancelled,3,96000.0
ORD001341,CUST01341,PRD0022,2026-07-14,,4,12600.0
ORD001342,CUST01342,PRD0008,2024-02-08,,2,8000.0
ORD001343,CUST01343,PRD0017,2025-09-06,cancelled,1,10000.0
ORD001344,CUST01344,PRD0025,2025-05-29,Completed,5,160000.0
ORD001345,CUST01345,PRD0008,2025-03-15,cancelled,2,45000.0
ORD001346,CUST01346,PRD0005,2026-02-11,pending,4,255000.0
ORD001347,CUST01347,PRD0007,2024-04-06,,4,38000.0
ORD001348,CUST01348,PRD0026,2025-07-10,pending,3,114000.0
ORD001349,CUST01349,PRD0021,2026-01-14,pending,5,40000.0
ORD001350,CUST01350,PRD0014,2026-08-11,cancelled,2,80000.0
ORD001351,CUST01351,PRD0018,2026-02-19,pending,3,38250.0
ORD001352,CUST01352,PRD0025,2024-02-23,Cancelled,2,10000.0
ORD001353,CUST01353,PRD0021,2026-03-09,Pending,3,9450.0
ORD001354,CUST01354,PRD0027,2024-07-06,Completed,1,8500.0
ORD001355,CUST01355,PRD0017,2026-05-16,completed,3,288000.0
ORD001356,CUST01356,PRD0023,2026-01-16,Completed,1,120000.0
ORD001357,CUST01357,PRD0009,2025-02-24,completed,5,25000.0
ORD001358,CUST01358,PRD0001,2024-04-05,,4,25500.0
ORD001359,CUST01359,PRD0006,2025-05-27,Cancelled,4,300000.0
ORD001360,CUST01360,PRD0015,2024-02-01,completed,3,191250.0
ORD001361,CUST01361,PRD0016,2026-03-09,Completed,3,60000.0
ORD001362,CUST01362,PRD0025,2024-11-08,Completed,3,10500.0
ORD001363,CUST01363,PRD0026,2025-04-16,pending,2,72000.0
ORD001364,CUST01364,PRD0028,2025-06-21,Completed,4,48000.0
ORD001365,CUST01365,PRD0028,2024-02-04,Cancelled,2,192000.0
ORD001366,CUST01366,PRD0001,2025-01-03,Completed,1,9000.0
ORD001367,CUST01367,PRD0014,2025-06-16,COMPLETED,2,12750.0
ORD001368,CUST01368,PRD0009,2025-08-02,,1,8500.0
ORD001369,CUST01369,PRD0013,2026-08-25,Completed,5,570000.0
ORD001370,CUST01370,PRD0007,2024-11-06,Cancelled,2,6300.0
ORD001371,CUST01371,PRD0029,2026-08-07,COMPLETED,4,36000.0
ORD001372,CUST01372,PRD0013,2026-06-07,completed,1,8500.0
ORD001373,CUST01373,PRD0001,2024-09-16,cancelled,4,13300.0
ORD001374,CUST01374,PRD0022,2026-07-08,,3,342000.0
ORD001375,CUST01375,PRD0029,2025-07-25,COMPLETED,3,15000.0
ORD001376,CUST01376,PRD0008,2025-08-30,,1,32000.0
ORD001377,CUST01377,PRD0028,2025-03-27,Returned,5,100000.0
ORD001378,CUST01378,PRD0019,2026-06-01,Completed,2,120000.0
ORD001379,CUST01379,PRD0024,2024-04-26,cancelled,2,27000.0
ORD001380,CUST01380,PRD0008,2024-02-15,Completed,2,240000.0
ORD001381,CUST01381,PRD0020,2025-04-03,pending,1,3325.0
ORD001382,CUST01382,PRD0012,2025-11-18,COMPLETED,5,300000.0
ORD001383,CUST01383,PRD0002,2025-04-18,completed,4,270000.0
ORD001384,CUST01384,PRD0012,2024-08-12,Completed,4,300000.0
ORD001385,CUST01385,PRD0013,2024-04-10,,3,71250.0
ORD001386,CUST01386,PRD0014,2024-09-10,Completed,4,240000.0
ORD001387,CUST01387,PRD0030,2026-02-28,Cancelled,2,72000.0
ORD001388,CUST01388,PRD0015,2024-02-03,Completed,1,12000.0
ORD001389,CUST01389,PRD0001,2024-06-17,pending,1,3500.0
ORD001390,CUST01390,PRD0008,2026-06-07,Cancelled,2,45000.0
ORD001391,CUST01391,PRD0022,2025-02-15,Cancelled,1,15000.0
ORD001392,CUST01392,PRD0023,2026-03-11,,3,45000.0
ORD001393,CUST01393,PRD0011,2024-10-30,Cancelled,4,100000.0
ORD001394,CUST01394,PRD0004,2026-02-06,completed,1,120000.0
ORD001395,CUST01395,PRD0009,2024-01-30,Cancelled,2,24000.0
ORD001396,CUST01396,PRD0017,2026-05-06,,5,190000.0
ORD001397,CUST01397,PRD0003,2025-12-11,Completed,3,38250.0
ORD001398,CUST01398,PRD0005,2024-12-23,completed,2,6300.0
ORD001399,CUST01399,PRD0018,2024-07-02,Completed,3,9975.0
ORD001400,CUST01400,PRD0014,2025-08-26,Cancelled,3,13500.0
ORD001401,CUST01401,PRD0022,2026-06-04,completed,3,342000.0
ORD001402,CUST01402,PRD0030,2026-06-13,,4,285000.0
ORD001403,CUST01403,PRD0026,2025-08-10,pending,5,300000.0
ORD001404,CUST01404,PRD0016,2026-07-31,completed,5,106250.0
ORD001405,CUST01405,PRD0015,2024-01-15,completed,3,108000.0
ORD001406,CUST01406,PRD0001,2026-02-25,Completed,2,47500.0
ORD001407,CUST01407,PRD0006,2026-06-01,Completed,2,25500.0
ORD001408,CUST01408,PRD0002,2025-01-26,completed,3,120000.0
ORD001409,CUST01409,PRD0010,2024-12-09,completed,5,23750.0
ORD001410,CUST01410,PRD0011,2024-11-13,,1,75000.0
ORD001411,CUST01411,PRD0018,2024-02-12,Cancelled,1,4250.0
ORD001412,CUST01412,PRD0030,2024-10-09,Completed,1,20000.0
ORD001413,CUST01413,PRD0009,2025-03-10,,1,71250.0
ORD001414,CUST01414,PRD0014,2025-01-28,completed,1,5000.0
ORD001415,CUST01415,PRD0028,2025-11-03,Completed,1,34000.0
ORD001416,CUST01416,PRD0025,2025-09-25,,3,21375.0
ORD001417,CUST01417,PRD0029,2025-07-11,Completed,5,125000.0
ORD001418,CUST01418,PRD0028,2025-06-23,Pending,4,17000.0
ORD001419,CUST01419,PRD0028,2024-06-30,Completed,5,600000.0
ORD001420,CUST01420,PRD0004,2026-07-05,completed,4,285000.0
ORD001421,CUST01421,PRD0012,2026-07-12,Cancelled,5,50000.0
ORD001422,CUST01422,PRD0004,2024-10-19,Completed,2,5950.0
ORD001423,CUST01423,PRD0023,2024-11-08,cancelled,1,4250.0
ORD001424,CUST01424,PRD0025,2025-06-16,Completed,3,20250.0
ORD001425,CUST01425,PRD0005,2024-03-19,COMPLETED,2,16000.0
ORD001426,CUST01426,PRD0027,2025-12-26,Cancelled,3,306000.0
ORD001427,CUST01427,PRD0004,2024-07-19,Returned,1,108000.0
ORD001428,CUST01428,PRD0006,2024-07-24,COMPLETED,5,25000.0
ORD001429,CUST01429,PRD0011,2024-02-08,cancelled,1,120000.0
ORD001430,CUST01430,PRD0001,2026-08-22,,4,100000.0
ORD001431,CUST01431,PRD0004,2025-08-29,completed,2,18000.0
ORD001432,CUST01432,PRD0026,2024-12-22,cancelled,1,7125.0
ORD001433,CUST01433,PRD0012,2024-11-11,pending,3,42750.0
ORD001434,CUST01434,PRD0003,2025-04-03,Completed,3,71250.0
ORD001435,CUST01435,PRD0001,2026-06-18,Completed,1,22500.0
ORD001436,CUST01436,PRD0015,2025-05-26,Completed,1,60000.0
ORD001437,CUST01437,PRD0028,2025-04-11,Cancelled,1,3150.0
ORD001438,CUST01438,PRD0003,2025-01-10,,5,50000.0
ORD001439,CUST01439,PRD0018,2025-08-22,,1,7500.0
ORD001440,CUST01440,PRD0021,2026-02-04,completed,1,12000.0
ORD001441,CUST01441,PRD0028,2026-02-26,pending,1,22500.0
ORD001442,CUST01442,PRD0008,2024-08-16,Cancelled,4,11900.0
ORD001443,CUST01443,PRD0014,2024-08-07,pending,2,14250.0
ORD001444,CUST01444,PRD0006,2024-05-14,pending,5,375000.0
ORD001445,CUST01445,PRD0019,2024-01-27,Completed,4,14000.0
ORD001446,CUST01446,PRD0026,2026-07-07,Completed,4,100000.0
ORD001447,CUST01447,PRD0024,2025-08-29,,4,300000.0
ORD001448,CUST01448,PRD0003,2025-05-21,Pending,1,12750.0
ORD001449,CUST01449,PRD0013,2025-03-12,cancelled,2,45000.0
ORD001450,CUST01450,PRD0027,2026-04-17,Pending,1,2800.0
ORD001451,CUST01451,PRD0018,2026-08-26,pending,2,240000.0
ORD001452,CUST01452,PRD0029,2024-12-18,cancelled,5,40000.0
ORD001453,CUST01453,PRD0028,2024-04-15,Completed,1,96000.0
ORD001454,CUST01454,PRD0020,2026-08-20,Cancelled,1,71250.0
ORD001455,CUST01455,PRD0012,2025-10-10,completed,5,300000.0
ORD001456,CUST01456,PRD0013,2025-07-19,,4,51000.0
ORD001457,CUST01457,PRD0019,2025-02-11,Completed,2,228000.0
ORD001458,CUST01458,PRD0019,2024-04-15,pending,1,7500.0
ORD001459,CUST01459,PRD0025,2026-08-31,Pending,3,28500.0
ORD001460,CUST01460,PRD0029,2024-10-19,,3,75000.0
ORD001461,CUST01461,PRD0029,2024-09-29,COMPLETED,5,160000.0
ORD001462,CUST01462,PRD0011,2025-11-20,Completed,4,17000.0
ORD001463,CUST01463,PRD0011,2025-11-28,Cancelled,5,14000.0
ORD001464,CUST01464,PRD0026,2025-08-18,Pending,1,9500.0
ORD001465,CUST01465,PRD0012,2024-08-28,Pending,4,152000.0
ORD001466,CUST01466,PRD0011,2025-04-13,Cancelled,3,306000.0
ORD001467,CUST01467,PRD0023,2024-12-23,pending,3,13500.0
ORD001468,CUST01468,PRD0012,2025-02-16,Pending,1,67500.0
ORD001469,CUST01469,PRD0018,2024-09-25,Completed,4,19000.0
ORD001470,CUST01470,PRD0012,2024-09-20,Completed,5,16625.0
ORD001471,CUST01471,PRD0009,2026-04-14,cancelled,4,40000.0
ORD001472,CUST01472,PRD0022,2024-01-28,,4,285000.0
ORD001473,CUST01473,PRD0008,2026-02-06,Completed,1,4500.0
ORD001474,CUST01474,PRD0026,2026-08-05,Cancelled,1,9000.0
ORD001475,CUST01475,PRD0011,2026-05-25,Completed,5,67500.0
ORD001476,CUST01476,PRD0011,2026-02-02,pending,4,40000.0
ORD001477,CUST01477,PRD0030,2025-11-19,Completed,1,2975.0
ORD001478,CUST01478,PRD0015,2026-03-25,,4,100000.0
ORD001479,CUST01479,PRD0022,2024-01-12,Completed,2,76000.0
ORD001480,CUST01480,PRD0021,2024-09-14,Completed,3,24000.0
ORD001481,CUST01481,PRD0008,2026-01-27,Cancelled,1,4500.0
ORD001482,CUST01482,PRD0003,2024-07-10,Completed,2,8000.0
ORD001483,CUST01483,PRD0013,2026-06-24,Cancelled,5,75000.0
ORD001484,CUST01484,PRD0029,2024-09-23,cancelled,2,6300.0
ORD001485,CUST01485,PRD0023,2024-05-05,Completed,1,34000.0
ORD001486,CUST01486,PRD0009,2026-02-22,,4,432000.0
ORD001487,CUST01487,PRD0004,2024-02-18,COMPLETED,4,40000.0
ORD001488,CUST01488,PRD0016,2026-05-03,Cancelled,5,25000.0
ORD001489,CUST01489,PRD0005,2026-07-27,Completed,4,136000.0
ORD001490,CUST01490,PRD0014,2025-07-23,Completed,2,13500.0
ORD001491,CUST01491,PRD0020,2024-10-10,pending,5,71250.0
ORD001492,CUST01492,PRD0024,2024-07-30,COMPLETED,3,306000.0
ORD001493,CUST01493,PRD0024,2024-01-14,cancelled,2,28500.0
ORD001494,CUST01494,PRD0007,2025-07-26,,5,125000.0
ORD001495,CUST01495,PRD0007,2025-11-17,Completed,2,47500.0
ORD001496,CUST01496,PRD0001,2024-12-19,pending,4,18000.0
ORD001497,CUST01497,PRD0010,2024-02-03,completed,4,255000.0
ORD001498,CUST01498,PRD0017,2025-05-05,Pending,4,32000.0
ORD001499,CUST01499,PRD0022,2025-06-18,COMPLETED,3,102000.0
ORD001500,CUST01500,PRD0024,2024-11-05,completed,5,50000.0
ORD001501,CUST01501,PRD0008,2024-04-08,Completed,3,40500.0
ORD001502,CUST01502,PRD0029,2026-05-16,,2,9000.0
ORD001503,CUST01503,PRD0007,2026-04-19,Completed,3,8400.0
ORD001504,CUST01504,PRD0008,2026-08-26,cancelled,3,24000.0
ORD001505,CUST01505,PRD0004,2026-02-19,Cancelled,1,23750.0
ORD001506,CUST01506,PRD0002,2025-10-07,Returned,3,12750.0
ORD001507,CUST01507,PRD0029,2026-03-22,completed,5,50000.0
ORD001508,CUST01508,PRD0005,2025-09-16,,4,40000.0
ORD001509,CUST01509,PRD0006,2025-09-27,completed,2,47500.0
ORD001510,CUST01510,PRD0005,2024-11-02,Completed,3,25500.0
ORD001511,CUST01511,PRD0003,2025-03-21,cancelled,3,27000.0
ORD001512,CUST01512,PRD0011,2024-07-03,Completed,1,8000.0
ORD001513,CUST01513,PRD0026,2024-07-27,completed,3,10500.0
ORD001514,CUST01514,PRD0028,2024-09-23,cancelled,4,60000.0
ORD001515,CUST01515,PRD0021,2026-08-24,pending,5,112500.0
ORD001516,CUST01516,PRD0015,2025-04-15,Cancelled,5,40000.0
ORD001517,CUST01517,PRD0026,2024-08-16,Pending,1,67500.0
ORD001518,CUST01518,PRD0024,2025-07-17,COMPLETED,3,67500.0
ORD001519,CUST01519,PRD0014,2024-02-11,COMPLETED,3,108000.0
ORD001520,CUST01520,PRD0014,2024-02-22,Pending,1,15000.0
ORD001521,CUST01521,PRD0008,2025-08-03,,4,28500.0
ORD001522,CUST01522,PRD0008,2025-04-21,pending,3,12000.0
ORD001523,CUST01523,PRD0021,2026-05-11,COMPLETED,1,13500.0
ORD001524,CUST01524,PRD0021,2026-07-10,,3,8400.0
ORD001525,CUST01525,PRD0021,2026-03-16,Completed,5,14000.0
ORD001526,CUST01526,PRD0018,2024-08-15,Completed,1,4000.0
ORD001527,CUST01527,PRD0018,2026-04-30,Completed,2,47500.0
ORD001528,CUST01528,PRD0025,2024-09-10,,5,318750.0
ORD001529,CUST01529,PRD0015,2025-03-28,completed,4,90000.0
ORD001530,CUST01530,PRD0017,2025-05-07,Cancelled,1,21250.0
ORD001531,CUST01531,PRD0013,2024-09-08,,1,4750.0
ORD001532,CUST01532,PRD0025,2025-07-16,COMPLETED,5,200000.0
ORD001533,CUST01533,PRD0019,2026-01-21,Completed,1,12750.0
ORD001534,CUST01534,PRD0011,2025-01-14,Pending,2,30000.0
ORD001535,CUST01535,PRD0013,2025-05-02,pending,3,114000.0
ORD001536,CUST01536,PRD0013,2026-07-13,COMPLETED,2,150000.0
ORD001537,CUST01537,PRD0008,2025-09-22,completed,3,180000.0
ORD001538,CUST01538,PRD0028,2024-03-26,Completed,5,480000.0
ORD001539,CUST01539,PRD0026,2025-12-06,Pending,4,16000.0
ORD001540,CUST01540,PRD0012,2025-12-31,COMPLETED,1,6750.0
ORD001541,CUST01541,PRD0024,2026-06-15,completed,1,32000.0
ORD001542,CUST01542,PRD0023,2025-07-06,,4,36000.0
ORD001543,CUST01543,PRD0025,2025-08-09,Pending,2,30000.0
ORD001544,CUST01544,PRD0001,2024-08-21,,4,18000.0
ORD001545,CUST01545,PRD0015,2026-04-30,Completed,4,128000.0
ORD001546,CUST01546,PRD0018,2024-11-25,cancelled,1,8500.0
ORD001547,CUST01547,PRD0010,2025-02-21,,3,42750.0
ORD001548,CUST01548,PRD0030,2024-12-21,Completed,1,102000.0
ORD001549,CUST01549,PRD0020,2025-02-16,Pending,1,23750.0
ORD001550,CUST01550,PRD0006,2024-12-29,Cancelled,2,216000.0
ORD001551,CUST01551,PRD0011,2026-05-14,pending,3,202500.0
ORD001552,CUST01552,PRD0019,2026-08-30,,2,80000.0
ORD001553,CUST01553,PRD0001,2024-12-27,Returned,3,63750.0
ORD001554,CUST01554,PRD0013,2026-04-23,Completed,3,13500.0
ORD001555,CUST01555,PRD0016,2024-12-15,Cancelled,2,30000.0
ORD001556,CUST01556,PRD0026,2024-11-08,Completed,5,35625.0
ORD001557,CUST01557,PRD0009,2025-09-29,Cancelled,1,12000.0
ORD001558,CUST01558,PRD0018,2026-02-19,pending,5,600000.0
ORD001559,CUST01559,PRD0010,2026-02-24,Completed,4,90000.0
ORD001560,CUST01560,PRD0014,2024-08-06,Pending,2,127500.0
ORD001561,CUST01561,PRD0013,2026-03-29,Pending,1,8000.0
ORD001562,CUST01562,PRD0001,2024-09-19,completed,2,8000.0
ORD001563,CUST01563,PRD0004,2026-01-26,COMPLETED,2,24000.0
ORD001564,CUST01564,PRD0026,2025-07-02,Pending,2,8000.0
ORD001565,CUST01565,PRD0013,2026-04-27,Cancelled,4,255000.0
ORD001566,CUST01566,PRD0001,2025-03-08,Pending,1,4750.0
ORD001567,CUST01567,PRD0020,2025-12-23,COMPLETED,5,14000.0
ORD001568,CUST01568,PRD0010,2024-08-12,Pending,5,40000.0
ORD001569,CUST01569,PRD0008,2025-12-24,Completed,3,191250.0
ORD001570,CUST01570,PRD0005,2026-01-25,Returned,5,190000.0
ORD001571,CUST01571,PRD0014,2025-03-13,COMPLETED,2,228000.0
ORD001572,CUST01572,PRD0026,2026-03-26,COMPLETED,4,38000.0
ORD001573,CUST01573,PRD0015,2025-01-03,Completed,5,50000.0
ORD001574,CUST01574,PRD0015,2024-09-11,cancelled,4,20000.0
ORD001575,CUST01575,PRD0005,2026-08-17,Cancelled,5,200000.0
ORD001576,CUST01576,PRD0017,2024-12-22,cancelled,2,18000.0
ORD001577,CUST01577,PRD0018,2026-05-10,Completed,5,375000.0
ORD001578,CUST01578,PRD0016,2024-09-30,COMPLETED,3,108000.0
ORD001579,CUST01579,PRD0001,2025-12-03,Completed,1,12750.0
ORD001580,CUST01580,PRD0016,2026-06-04,completed,3,10500.0
ORD001581,CUST01581,PRD0010,2025-09-26,Completed,5,42500.0
ORD001582,CUST01582,PRD0029,2025-02-22,pending,1,96000.0
ORD001583,CUST01583,PRD0018,2025-09-17,Completed,5,356250.0
ORD001584,CUST01584,PRD0013,2026-07-10,Pending,2,64000.0
ORD001585,CUST01585,PRD0008,2024-10-15,Returned,3,36000.0
ORD001586,CUST01586,PRD0012,2024-02-22,Completed,5,25000.0
ORD001587,CUST01587,PRD0021,2026-08-19,Returned,5,15750.0
ORD001588,CUST01588,PRD0015,2026-07-03,completed,1,6000.0
ORD001589,CUST01589,PRD0013,2025-03-16,Pending,1,4500.0
ORD001590,CUST01590,PRD0024,2025-10-20,Returned,5,21250.0
ORD001591,CUST01591,PRD0020,2024-06-04,completed,3,75000.0
ORD001592,CUST01592,PRD0007,2026-04-18,,1,60000.0
ORD001593,CUST01593,PRD0013,2024-04-30,Cancelled,4,12600.0
ORD001594,CUST01594,PRD0025,2026-06-07,COMPLETED,3,63750.0
ORD001595,CUST01595,PRD0019,2024-12-30,Returned,2,47500.0
ORD001596,CUST01596,PRD0021,2026-02-28,Pending,5,60000.0
ORD001597,CUST01597,PRD0016,2024-05-26,pending,4,19000.0
ORD001598,CUST01598,PRD0026,2026-06-24,,3,213750.0
ORD001599,CUST01599,PRD0020,2024-10-21,Pending,5,106250.0
ORD001600,CUST01600,PRD0017,2024-10-28,COMPLETED,2,192000.0
ORD001601,CUST01601,PRD0007,2026-08-16,Completed,5,50000.0
ORD001602,CUST01602,PRD0022,2024-08-20,Pending,2,204000.0
ORD001603,CUST01603,PRD0017,2026-01-23,completed,3,27000.0
ORD001604,CUST01604,PRD0003,2024-05-08,Cancelled,1,7125.0
ORD001605,CUST01605,PRD0029,2026-05-18,COMPLETED,5,17500.0
ORD001606,CUST01606,PRD0021,2026-08-19,completed,4,60000.0
ORD001607,CUST01607,PRD0008,2026-05-30,Completed,2,76000.0
ORD001608,CUST01608,PRD0018,2024-04-13,Pending,4,144000.0
ORD001609,CUST01609,PRD0016,2025-06-10,Completed,2,13500.0
ORD001610,CUST01610,PRD0021,2024-01-25,cancelled,2,15000.0
ORD001611,CUST01611,PRD0011,2024-04-21,Completed,4,18000.0
ORD001612,CUST01612,PRD0024,2025-01-12,Pending,3,71250.0
ORD001613,CUST01613,PRD0011,2024-03-21,pending,1,20000.0
ORD001614,CUST01614,PRD0004,2026-06-12,pending,1,114000.0
ORD001615,CUST01615,PRD0002,2026-07-06,completed,2,9500.0
ORD001616,CUST01616,PRD0010,2025-07-17,,2,142500.0
ORD001617,CUST01617,PRD0023,2026-08-18,Completed,1,67500.0
ORD001618,CUST01618,PRD0010,2025-02-07,completed,3,191250.0
ORD001619,CUST01619,PRD0014,2025-08-31,Cancelled,5,375000.0
ORD001620,CUST01620,PRD0012,2025-12-05,Cancelled,4,12600.0
ORD001621,CUST01621,PRD0010,2025-03-21,Pending,1,34000.0
ORD001622,CUST01622,PRD0014,2026-01-24,,5,23750.0
ORD001623,CUST01623,PRD0016,2025-11-13,,3,9975.0
ORD001624,CUST01624,PRD0019,2026-06-20,Returned,1,9500.0
ORD001625,CUST01625,PRD0025,2025-09-01,Returned,2,16000.0
ORD001626,CUST01626,PRD0014,2026-04-24,Cancelled,3,102000.0
ORD001627,CUST01627,PRD0024,2025-02-21,Pending,1,32000.0
ORD001628,CUST01628,PRD0024,2025-01-12,COMPLETED,5,375000.0
ORD001629,CUST01629,PRD0016,2024-08-10,Completed,5,180000.0
ORD001630,CUST01630,PRD0024,2025-02-03,,4,80000.0
ORD001631,CUST01631,PRD0015,2026-05-21,completed,1,71250.0
ORD001632,CUST01632,PRD0016,2025-01-17,Cancelled,5,300000.0
ORD001633,CUST01633,PRD0015,2025-09-04,Cancelled,1,36000.0
ORD001634,CUST01634,PRD0020,2024-07-18,Completed,2,42500.0
ORD001635,CUST01635,PRD0013,2026-03-25,Cancelled,1,3150.0
ORD001636,CUST01636,PRD0015,2025-10-25,completed,2,76000.0
ORD001637,CUST01637,PRD0028,2026-07-20,Returned,4,30000.0
ORD001638,CUST01638,PRD0009,2026-03-12,Completed,3,9450.0
ORD001639,CUST01639,PRD0016,2026-05-19,completed,1,71250.0
ORD001640,CUST01640,PRD0013,2024-10-05,Cancelled,3,38250.0
ORD001641,CUST01641,PRD0008,2024-04-29,Completed,5,190000.0
ORD001642,CUST01642,PRD0010,2026-04-08,Pending,2,16000.0
ORD001643,CUST01643,PRD0003,2024-04-09,Pending,1,2975.0
ORD001644,CUST01644,PRD0014,2025-12-15,cancelled,4,54000.0
ORD001645,CUST01645,PRD0028,2024-04-10,Completed,3,42750.0
ORD001646,CUST01646,PRD0024,2024-12-11,Completed,4,12600.0
ORD001647,CUST01647,PRD0014,2026-07-12,Completed,4,40000.0
ORD001648,CUST01648,PRD0011,2026-07-12,Completed,4,285000.0
ORD001649,CUST01649,PRD0020,2024-09-10,,1,22500.0
ORD001650,CUST01650,PRD0017,2026-05-03,Cancelled,1,5000.0
ORD001651,CUST01651,PRD0015,2026-03-18,COMPLETED,4,432000.0
ORD001652,CUST01652,PRD0023,2024-01-09,COMPLETED,5,14000.0
ORD001653,CUST01653,PRD0016,2024-12-21,pending,2,150000.0
ORD001654,CUST01654,PRD0024,2025-05-11,,1,8000.0
ORD001655,CUST01655,PRD0002,2024-04-21,Completed,4,11900.0
ORD001656,CUST01656,PRD0014,2024-11-11,Completed,4,34000.0
ORD001657,CUST01657,PRD0018,2024-07-22,COMPLETED,3,102000.0
ORD001658,CUST01658,PRD0016,2026-08-11,Completed,2,192000.0
ORD001659,CUST01659,PRD0005,2025-05-23,Cancelled,2,16000.0
ORD001660,CUST01660,PRD0028,2026-06-04,COMPLETED,1,4500.0
ORD001661,CUST01661,PRD0001,2024-04-10,Pending,2,14250.0
ORD001662,CUST01662,PRD0005,2024-03-09,Completed,1,3325.0
ORD001663,CUST01663,PRD0020,2025-01-19,Pending,3,75000.0
ORD001664,CUST01664,PRD0019,2026-04-19,Cancelled,4,16000.0
ORD001665,CUST01665,PRD0011,2025-06-18,COMPLETED,5,31875.0
ORD001666,CUST01666,PRD0020,2026-07-25,,4,11200.0
ORD001667,CUST01667,PRD0026,2025-02-10,Completed,4,28500.0
ORD001668,CUST01668,PRD0014,2025-09-18,Completed,3,67500.0
ORD001669,CUST01669,PRD0030,2026-02-18,completed,1,7500.0
ORD001670,CUST01670,PRD0019,2024-12-09,Pending,2,42500.0
ORD001671,CUST01671,PRD0027,2024-06-05,completed,4,19000.0
ORD001672,CUST01672,PRD0017,2024-07-30,cancelled,3,342000.0
ORD001673,CUST01673,PRD0027,2025-01-26,Completed,1,4250.0
ORD001674,CUST01674,PRD0007,2024-05-26,Completed,4,152000.0
ORD001675,CUST01675,PRD0009,2025-01-02,cancelled,5,118750.0
ORD001676,CUST01676,PRD0026,2025-12-27,COMPLETED,4,100000.0
ORD001677,CUST01677,PRD0004,2024-01-24,Cancelled,5,106250.0
ORD001678,CUST01678,PRD0009,2026-06-29,Completed,1,13500.0
ORD001679,CUST01679,PRD0026,2024-09-06,COMPLETED,2,5600.0
ORD001680,CUST01680,PRD0030,2026-04-30,,4,25500.0
ORD001681,CUST01681,PRD0005,2025-07-26,,3,20250.0
ORD001682,CUST01682,PRD0013,2024-06-24,COMPLETED,3,12000.0
ORD001683,CUST01683,PRD0013,2024-05-15,completed,4,30000.0
ORD001684,CUST01684,PRD0014,2024-02-18,,4,11200.0
ORD001685,CUST01685,PRD0012,2024-01-17,,5,375000.0
ORD001686,CUST01686,PRD0024,2025-12-19,Completed,2,13500.0
ORD001687,CUST01687,PRD0002,2024-07-06,Completed,3,27000.0
ORD001688,CUST01688,PRD0009,2025-12-02,cancelled,3,15000.0
ORD001689,CUST01689,PRD0002,2024-08-22,,2,80000.0
ORD001690,CUST01690,PRD0015,2024-07-29,Cancelled,2,142500.0
ORD001691,CUST01691,PRD0030,2025-05-05,COMPLETED,2,7000.0
ORD001692,CUST01692,PRD0004,2025-08-28,Completed,5,40000.0
ORD001693,CUST01693,PRD0016,2025-01-09,,3,28500.0
ORD001694,CUST01694,PRD0001,2026-04-08,Completed,3,60000.0
ORD001695,CUST01695,PRD0007,2024-08-31,Pending,3,324000.0
ORD001696,CUST01696,PRD0024,2024-01-21,pending,4,48000.0
ORD001697,CUST01697,PRD0004,2024-05-28,Returned,2,228000.0
ORD001698,CUST01698,PRD0017,2024-05-12,Completed,3,306000.0
ORD001699,CUST01699,PRD0007,2024-11-26,Completed,1,60000.0
ORD001700,CUST01700,PRD0022,2024-08-26,Completed,5,20000.0
ORD001701,CUST01701,PRD0019,2026-06-23,completed,2,150000.0
ORD001702,CUST01702,PRD0006,2025-03-09,Completed,5,63750.0
ORD001703,CUST01703,PRD0029,2025-03-23,Completed,5,510000.0
ORD001704,CUST01704,PRD0005,2025-12-07,Pending,1,108000.0
ORD001705,CUST01705,PRD0005,2026-08-11,,1,40000.0
ORD001706,CUST01706,PRD0010,2025-03-17,Completed,1,63750.0
ORD001707,CUST01707,PRD0028,2024-02-25,Completed,3,40500.0
ORD001708,CUST01708,PRD0022,2025-01-11,Completed,2,135000.0
ORD001709,CUST01709,PRD0022,2024-02-09,Completed,3,8400.0
ORD001710,CUST01710,PRD0007,2024-09-07,completed,2,30000.0
ORD001711,CUST01711,PRD0015,2025-11-03,completed,5,31875.0
ORD001712,CUST01712,PRD0002,2026-07-04,cancelled,2,12750.0
ORD001713,CUST01713,PRD0013,2025-06-15,Completed,5,30000.0
ORD001714,CUST01714,PRD0011,2024-07-16,Returned,5,47500.0
ORD001715,CUST01715,PRD0026,2026-03-06,pending,2,80000.0
ORD001716,CUST01716,PRD0001,2026-05-16,pending,4,20000.0
ORD001717,CUST01717,PRD0019,2025-03-06,pending,5,570000.0
ORD001718,CUST01718,PRD0025,2025-05-09,,4,136000.0
ORD001719,CUST01719,PRD0002,2025-06-30,COMPLETED,5,14875.0
ORD001720,CUST01720,PRD0017,2024-05-03,Cancelled,3,38250.0
ORD001721,CUST01721,PRD0021,2024-07-21,cancelled,2,15000.0
ORD001722,CUST01722,PRD0021,2026-03-04,Cancelled,1,96000.0
ORD001723,CUST01723,PRD0019,2026-07-28,Cancelled,4,16000.0
ORD001724,CUST01724,PRD0015,2026-05-31,completed,5,600000.0
ORD001725,CUST01725,PRD0013,2025-03-24,Completed,5,356250.0
ORD001726,CUST01726,PRD0008,2024-03-28,pending,5,71250.0
ORD001727,CUST01727,PRD0010,2025-05-28,cancelled,3,21375.0
ORD001728,CUST01728,PRD0030,2025-07-25,,5,106250.0
ORD001729,CUST01729,PRD0003,2024-07-09,Completed,5,63750.0
ORD001730,CUST01730,PRD0001,2024-06-10,Pending,2,45000.0
ORD001731,CUST01731,PRD0005,2025-09-08,completed,2,6650.0
ORD001732,CUST01732,PRD0016,2026-03-19,Pending,1,75000.0
ORD001733,CUST01733,PRD0008,2024-10-18,Completed,3,15000.0
ORD001734,CUST01734,PRD0010,2024-10-12,completed,4,11200.0
ORD001735,CUST01735,PRD0019,2025-08-16,completed,5,31875.0
ORD001736,CUST01736,PRD0010,2024-02-28,,1,4750.0
ORD001737,CUST01737,PRD0013,2026-05-16,COMPLETED,3,27000.0
ORD001738,CUST01738,PRD0024,2025-11-14,Pending,5,540000.0
ORD001739,CUST01739,PRD0029,2026-02-10,Completed,2,28500.0
ORD001740,CUST01740,PRD0002,2025-09-19,Pending,1,2975.0
ORD001741,CUST01741,PRD0002,2026-07-07,Completed,3,306000.0
ORD001742,CUST01742,PRD0022,2025-01-28,COMPLETED,5,40000.0
ORD001743,CUST01743,PRD0003,2025-06-19,Cancelled,4,19000.0
ORD001744,CUST01744,PRD0019,2026-01-21,pending,4,384000.0
ORD001745,CUST01745,PRD0004,2025-03-08,Completed,2,27000.0
ORD001746,CUST01746,PRD0016,2025-08-07,,1,14250.0
ORD001747,CUST01747,PRD0017,2026-01-12,COMPLETED,3,96000.0
ORD001748,CUST01748,PRD0014,2024-11-22,Cancelled,3,213750.0
ORD001749,CUST01749,PRD0022,2026-03-23,,3,20250.0
ORD001750,CUST01750,PRD0006,2024-05-28,Cancelled,4,128000.0
ORD001751,CUST01751,PRD0020,2024-02-16,completed,3,36000.0
ORD001752,CUST01752,PRD0010,2024-05-07,,4,51000.0
ORD001753,CUST01753,PRD0016,2025-11-26,COMPLETED,3,63750.0
ORD001754,CUST01754,PRD0004,2025-12-28,Pending,3,67500.0
ORD001755,CUST01755,PRD0013,2025-08-14,completed,4,255000.0
ORD001756,CUST01756,PRD0021,2024-10-15,,4,432000.0
ORD001757,CUST01757,PRD0017,2025-05-15,cancelled,1,2800.0
ORD001758,CUST01758,PRD0001,2026-06-23,pending,5,45000.0
ORD001759,CUST01759,PRD0007,2024-08-11,,4,32000.0
ORD001760,CUST01760,PRD0016,2025-03-14,Completed,2,192000.0
ORD001761,CUST01761,PRD0014,2025-05-09,pending,1,14250.0
ORD001762,CUST01762,PRD0016,2025-05-20,,4,27000.0
ORD001763,CUST01763,PRD0021,2024-08-08,completed,4,100000.0
ORD001764,CUST01764,PRD0011,2024-11-14,Completed,1,6000.0
ORD001765,CUST01765,PRD0003,2026-04-09,completed,2,142500.0
ORD001766,CUST01766,PRD0014,2026-04-04,Completed,4,100000.0
ORD001767,CUST01767,PRD0009,2024-03-21,Completed,4,12600.0
ORD001768,CUST01768,PRD0020,2024-12-12,completed,4,255000.0
ORD001769,CUST01769,PRD0030,2025-04-26,Completed,5,600000.0
ORD001770,CUST01770,PRD0021,2025-01-14,completed,5,180000.0
ORD001771,CUST01771,PRD0015,2024-05-05,completed,4,90000.0
ORD001772,CUST01772,PRD0021,2026-06-10,COMPLETED,5,42500.0
ORD001773,CUST01773,PRD0003,2024-10-13,pending,2,5600.0
ORD001774,CUST01774,PRD0030,2025-09-09,completed,2,30000.0
ORD001775,CUST01775,PRD0013,2025-01-20,Completed,1,8500.0
ORD001776,CUST01776,PRD0017,2026-06-21,completed,5,31875.0
ORD001777,CUST01777,PRD0030,2025-02-05,COMPLETED,2,9000.0
ORD001778,CUST01778,PRD0027,2026-04-08,Returned,1,2800.0
ORD001779,CUST01779,PRD0030,2024-12-19,,2,142500.0
ORD001780,CUST01780,PRD0008,2024-01-03,Completed,1,14250.0
ORD001781,CUST01781,PRD0030,2026-07-28,Pending,5,47500.0
ORD001782,CUST01782,PRD0005,2025-07-08,completed,2,40000.0
ORD001783,CUST01783,PRD0002,2024-10-29,Cancelled,3,10500.0
ORD001784,CUST01784,PRD0013,2024-07-08,Cancelled,1,34000.0
ORD001785,CUST01785,PRD0017,2024-05-16,COMPLETED,1,3150.0
ORD001786,CUST01786,PRD0010,2026-03-01,,2,216000.0
ORD001787,CUST01787,PRD0011,2026-06-05,Completed,4,34000.0
ORD001788,CUST01788,PRD0004,2025-04-05,Pending,3,12750.0
ORD001789,CUST01789,PRD0007,2025-07-15,Completed,2,45000.0
ORD001790,CUST01790,PRD0017,2025-12-25,Completed,5,50000.0
ORD001791,CUST01791,PRD0027,2026-03-27,Completed,1,6375.0
ORD001792,CUST01792,PRD0009,2025-06-20,completed,5,60000.0
ORD001793,CUST01793,PRD0008,2026-07-04,,2,6300.0
ORD001794,CUST01794,PRD0020,2024-04-11,COMPLETED,1,4250.0
ORD001795,CUST01795,PRD0015,2025-01-14,,5,337500.0
ORD001796,CUST01796,PRD0022,2024-10-25,Cancelled,2,8500.0
ORD001797,CUST01797,PRD0004,2024-06-18,Completed,5,160000.0
ORD001798,CUST01798,PRD0029,2024-01-13,Completed,2,228000.0
ORD001799,CUST01799,PRD0022,2024-07-23,Returned,5,40000.0
ORD001800,CUST01800,PRD0021,2024-12-11,Returned,3,28500.0
ORD001801,CUST01801,PRD0026,2024-12-06,pending,2,12000.0
ORD001802,CUST01802,PRD0014,2024-04-14,Returned,5,33750.0
ORD001803,CUST01803,PRD0017,2024-03-27,,1,7500.0
ORD001804,CUST01804,PRD0014,2024-02-21,,2,24000.0
ORD001805,CUST01805,PRD0007,2024-09-04,Completed,4,20000.0
ORD001806,CUST01806,PRD0022,2025-08-29,pending,3,225000.0
ORD001807,CUST01807,PRD0009,2025-02-15,COMPLETED,4,57000.0
ORD001808,CUST01808,PRD0004,2026-01-04,,3,14250.0
ORD001809,CUST01809,PRD0015,2025-04-12,Completed,1,22500.0
ORD001810,CUST01810,PRD0005,2025-09-22,Cancelled,5,21250.0
ORD001811,CUST01811,PRD0022,2024-04-27,Cancelled,1,108000.0
ORD001812,CUST01812,PRD0001,2024-04-29,COMPLETED,3,42750.0
ORD001813,CUST01813,PRD0025,2024-06-24,,1,3325.0
ORD001814,CUST01814,PRD0002,2024-02-16,Cancelled,3,36000.0
ORD001815,CUST01815,PRD0016,2025-07-03,Completed,4,20000.0
ORD001816,CUST01816,PRD0009,2024-10-18,Cancelled,1,12750.0
ORD001817,CUST01817,PRD0011,2025-10-24,pending,5,42500.0
ORD001818,CUST01818,PRD0014,2024-04-05,Completed,5,112500.0
ORD001819,CUST01819,PRD0021,2026-06-20,Completed,2,120000.0
ORD001820,CUST01820,PRD0024,2025-10-20,Completed,3,19125.0
ORD001821,CUST01821,PRD0029,2026-03-14,completed,5,25000.0
ORD001822,CUST01822,PRD0006,2026-03-17,,4,128000.0
ORD001823,CUST01823,PRD0029,2025-01-01,Pending,5,318750.0
ORD001824,CUST01824,PRD0005,2026-05-05,COMPLETED,4,17000.0
ORD001825,CUST01825,PRD0020,2025-12-20,Completed,1,75000.0
ORD001826,CUST01826,PRD0012,2025-08-09,Cancelled,3,102000.0
ORD001827,CUST01827,PRD0029,2024-01-24,,2,135000.0
ORD001828,CUST01828,PRD0002,2026-08-26,completed,3,19125.0
ORD001829,CUST01829,PRD0010,2024-12-05,Cancelled,4,18000.0
ORD001830,CUST01830,PRD0017,2024-04-02,Cancelled,2,45000.0
ORD001831,CUST01831,PRD0007,2024-02-05,pending,5,21250.0
ORD001832,CUST01832,PRD0004,2025-12-20,cancelled,5,60000.0
ORD001833,CUST01833,PRD0022,2026-02-03,cancelled,3,45000.0
ORD001834,CUST01834,PRD0004,2024-08-31,Pending,1,75000.0
ORD001835,CUST01835,PRD0001,2026-01-19,Pending,1,6375.0
ORD001836,CUST01836,PRD0013,2025-01-01,cancelled,2,72000.0
ORD001837,CUST01837,PRD0021,2025-03-17,cancelled,1,4500.0
ORD001838,CUST01838,PRD0012,2025-12-22,,2,9500.0
ORD001839,CUST01839,PRD0022,2025-10-27,completed,4,38000.0
ORD001840,CUST01840,PRD0003,2025-08-04,Completed,2,5600.0
ORD001841,CUST01841,PRD0004,2025-05-08,cancelled,4,51000.0
ORD001842,CUST01842,PRD0024,2024-01-26,,2,47500.0
ORD001843,CUST01843,PRD0006,2025-05-19,cancelled,5,100000.0
ORD001844,CUST01844,PRD0004,2026-02-03,Cancelled,5,570000.0
ORD001845,CUST01845,PRD0022,2024-08-25,Cancelled,1,15000.0
ORD001846,CUST01846,PRD0019,2024-04-22,,3,180000.0
ORD001847,CUST01847,PRD0027,2024-08-01,,5,25000.0
ORD001848,CUST01848,PRD0008,2026-08-28,Completed,3,306000.0
ORD001849,CUST01849,PRD0030,2024-07-15,,5,45000.0
ORD001850,CUST01850,PRD0021,2024-11-08,Completed,5,14000.0
ORD001851,CUST01851,PRD0022,2024-09-03,,3,14250.0
ORD001852,CUST01852,PRD0021,2026-05-13,Completed,3,191250.0
ORD001853,CUST01853,PRD0016,2026-03-15,Pending,4,34000.0
ORD001854,CUST01854,PRD0028,2024-11-10,Completed,2,135000.0
ORD001855,CUST01855,PRD0024,2024-03-04,,2,50000.0
ORD001856,CUST01856,PRD0028,2025-12-19,Completed,2,40000.0
ORD001857,CUST01857,PRD0017,2024-06-07,completed,4,13300.0
ORD001858,CUST01858,PRD0001,2026-08-15,completed,2,12000.0
ORD001859,CUST01859,PRD0022,2024-04-13,completed,2,64000.0
ORD001860,CUST01860,PRD0001,2026-05-08,Completed,1,60000.0
ORD001861,CUST01861,PRD0021,2024-12-25,Completed,1,40000.0
ORD001862,CUST01862,PRD0011,2025-05-10,Completed,4,30000.0
ORD001863,CUST01863,PRD0030,2024-06-21,COMPLETED,3,28500.0
ORD001864,CUST01864,PRD0009,2024-04-18,cancelled,5,337500.0
ORD001865,CUST01865,PRD0016,2025-10-27,completed,5,300000.0
ORD001866,CUST01866,PRD0002,2024-04-13,Pending,4,25500.0
ORD001867,CUST01867,PRD0024,2024-11-07,pending,2,17000.0
ORD001868,CUST01868,PRD0022,2026-01-07,Cancelled,5,17500.0
ORD001869,CUST01869,PRD0010,2026-08-02,COMPLETED,3,191250.0
ORD001870,CUST01870,PRD0020,2025-04-27,Completed,3,342000.0
ORD001871,CUST01871,PRD0001,2026-06-05,Completed,4,20000.0
ORD001872,CUST01872,PRD0022,2024-08-29,Pending,4,85000.0
ORD001873,CUST01873,PRD0020,2025-08-16,Completed,5,15750.0
ORD001874,CUST01874,PRD0017,2025-10-16,cancelled,5,337500.0
ORD001875,CUST01875,PRD0020,2025-02-08,Completed,1,67500.0
ORD001876,CUST01876,PRD0005,2024-12-15,COMPLETED,1,60000.0
ORD001877,CUST01877,PRD0025,2024-05-17,Pending,4,456000.0
ORD001878,CUST01878,PRD0010,2025-04-09,Cancelled,3,9975.0
ORD001879,CUST01879,PRD0002,2024-08-28,cancelled,4,27000.0
ORD001880,CUST01880,PRD0010,2025-10-08,Completed,1,25000.0
ORD001881,CUST01881,PRD0004,2026-01-03,completed,3,21375.0
ORD001882,CUST01882,PRD0029,2025-05-21,Completed,3,18000.0
ORD001883,CUST01883,PRD0017,2025-08-27,Cancelled,1,102000.0
ORD001884,CUST01884,PRD0011,2024-12-05,Completed,3,71250.0
ORD001885,CUST01885,PRD0001,2026-05-09,completed,3,36000.0
ORD001886,CUST01886,PRD0002,2026-01-18,COMPLETED,3,67500.0
ORD001887,CUST01887,PRD0021,2026-05-05,Completed,3,22500.0
ORD001888,CUST01888,PRD0026,2026-08-19,pending,2,13500.0
ORD001889,CUST01889,PRD0010,2026-08-06,Completed,2,216000.0
ORD001890,CUST01890,PRD0025,2026-05-31,,4,152000.0
ORD001891,CUST01891,PRD0022,2026-02-08,cancelled,4,80000.0
ORD001892,CUST01892,PRD0015,2025-03-24,Cancelled,1,13500.0
ORD001893,CUST01893,PRD0017,2026-03-30,cancelled,4,95000.0
ORD001894,CUST01894,PRD0017,2025-04-25,Completed,1,6000.0
ORD001895,CUST01895,PRD0027,2024-05-05,pending,5,50000.0
ORD001896,CUST01896,PRD0012,2024-12-19,Cancelled,5,71250.0
ORD001897,CUST01897,PRD0026,2025-09-24,Completed,1,63750.0
ORD001898,CUST01898,PRD0015,2024-08-16,cancelled,1,12750.0
ORD001899,CUST01899,PRD0016,2025-12-22,completed,2,240000.0
ORD001900,CUST01900,PRD0030,2024-02-06,completed,3,12000.0
ORD001901,CUST01901,PRD0010,2025-01-21,Completed,4,480000.0
ORD001902,CUST01902,PRD0029,2026-08-15,Cancelled,3,120000.0
ORD001903,CUST01903,PRD0008,2026-04-22,Completed,3,288000.0
ORD001904,CUST01904,PRD0008,2025-12-26,cancelled,2,50000.0
ORD001905,CUST01905,PRD0024,2025-08-08,Completed,4,128000.0
ORD001906,CUST01906,PRD0007,2024-01-17,Completed,5,22500.0
ORD001907,CUST01907,PRD0022,2025-12-11,cancelled,5,40000.0
ORD001908,CUST01908,PRD0025,2025-08-20,Completed,2,47500.0
ORD001909,CUST01909,PRD0019,2026-03-13,Completed,3,96000.0
ORD001910,CUST01910,PRD0007,2026-05-15,,3,36000.0
ORD001911,CUST01911,PRD0018,2025-01-17,pending,3,30000.0
ORD001912,CUST01912,PRD0003,2025-08-27,cancelled,2,228000.0
ORD001913,CUST01913,PRD0026,2025-10-13,Completed,3,96000.0
ORD001914,CUST01914,PRD0012,2024-07-21,Completed,3,19125.0
ORD001915,CUST01915,PRD0011,2026-07-20,Completed,5,170000.0
ORD001916,CUST01916,PRD0007,2025-08-07,cancelled,5,22500.0
ORD001917,CUST01917,PRD0026,2024-04-05,COMPLETED,1,6375.0
ORD001918,CUST01918,PRD0021,2026-04-06,COMPLETED,2,204000.0
ORD001919,CUST01919,PRD0022,2026-06-10,Cancelled,2,240000.0
ORD001920,CUST01920,PRD0026,2024-04-22,Completed,2,76000.0
ORD001921,CUST01921,PRD0012,2024-11-30,,3,40500.0
ORD001922,CUST01922,PRD0021,2024-02-19,COMPLETED,5,17500.0
ORD001923,CUST01923,PRD0019,2025-01-12,cancelled,3,15000.0
ORD001924,CUST01924,PRD0013,2024-11-28,completed,2,6300.0
ORD001925,CUST01925,PRD0008,2024-12-04,Completed,5,125000.0
ORD001926,CUST01926,PRD0006,2024-11-05,COMPLETED,3,38250.0
ORD001927,CUST01927,PRD0028,2024-02-16,cancelled,2,30000.0
ORD001928,CUST01928,PRD0012,2025-10-29,,3,102000.0
ORD001929,CUST01929,PRD0022,2025-06-24,cancelled,5,337500.0
ORD001930,CUST01930,PRD0024,2024-09-27,,2,192000.0
ORD001931,CUST01931,PRD0005,2024-12-25,Completed,2,47500.0
ORD001932,CUST01932,PRD0007,2025-03-22,COMPLETED,5,14875.0
ORD001933,CUST01933,PRD0024,2024-08-03,,4,90000.0
ORD001934,CUST01934,PRD0030,2025-06-01,Returned,5,30000.0
ORD001935,CUST01935,PRD0024,2024-03-09,,4,57000.0
ORD001936,CUST01936,PRD0025,2026-01-13,Pending,5,71250.0
ORD001937,CUST01937,PRD0023,2026-05-27,pending,2,19000.0
ORD001938,CUST01938,PRD0020,2025-01-20,cancelled,1,3325.0
ORD001939,CUST01939,PRD0009,2025-02-11,Cancelled,4,17000.0
ORD001940,CUST01940,PRD0001,2025-12-27,Cancelled,5,300000.0
ORD001941,CUST01941,PRD0017,2025-03-19,Pending,3,180000.0
ORD001942,CUST01942,PRD0021,2026-01-03,,3,342000.0
ORD001943,CUST01943,PRD0001,2026-05-14,pending,3,15000.0
ORD001944,CUST01944,PRD0023,2025-04-20,,3,306000.0
ORD001945,CUST01945,PRD0022,2025-03-13,,4,57000.0
ORD001946,CUST01946,PRD0002,2024-02-01,Completed,3,306000.0
ORD001947,CUST01947,PRD0020,2026-01-12,COMPLETED,4,13300.0
ORD001948,CUST01948,PRD0008,2024-01-10,completed,5,17500.0
ORD001949,CUST01949,PRD0005,2025-06-17,completed,1,6000.0
ORD001950,CUST01950,PRD0016,2025-11-28,Completed,2,150000.0
ORD001951,CUST01951,PRD0029,2025-03-24,,1,40000.0
ORD001952,CUST01952,PRD0026,2026-07-18,Returned,3,13500.0
ORD001953,CUST01953,PRD0019,2024-06-26,Pending,1,2800.0
ORD001954,CUST01954,PRD0025,2024-05-24,Completed,3,12750.0
ORD001955,CUST01955,PRD0029,2025-11-26,,1,10000.0
ORD001956,CUST01956,PRD0003,2024-07-10,completed,1,6750.0
ORD001957,CUST01957,PRD0011,2025-03-19,Completed,5,63750.0
ORD001958,CUST01958,PRD0011,2025-12-09,completed,5,23750.0
ORD001959,CUST01959,PRD0014,2025-02-21,Cancelled,4,11900.0
ORD001960,CUST01960,PRD0014,2026-02-15,Pending,1,32000.0
ORD001961,CUST01961,PRD0012,2024-07-31,,5,25000.0
ORD001962,CUST01962,PRD0003,2025-10-23,Completed,2,120000.0
ORD001963,CUST01963,PRD0014,2025-08-07,,5,35625.0
ORD001964,CUST01964,PRD0011,2025-09-20,,1,96000.0
ORD001965,CUST01965,PRD0008,2026-09-01,Returned,5,106250.0
ORD001966,CUST01966,PRD0023,2025-04-21,Cancelled,1,4250.0
ORD001967,CUST01967,PRD0013,2025-01-31,Completed,2,8000.0
ORD001968,CUST01968,PRD0007,2025-02-12,Completed,5,125000.0
ORD001969,CUST01969,PRD0016,2024-12-29,Pending,2,142500.0
ORD001970,CUST01970,PRD0015,2025-06-11,completed,3,42750.0
ORD001971,CUST01971,PRD0016,2025-12-24,,2,24000.0
ORD001972,CUST01972,PRD0009,2024-07-09,,5,33750.0
ORD001973,CUST01973,PRD0026,2026-03-13,Cancelled,4,11200.0
ORD001974,CUST01974,PRD0011,2025-07-22,COMPLETED,5,190000.0
ORD001975,CUST01975,PRD0009,2025-10-01,Completed,4,100000.0
ORD001976,CUST01976,PRD0025,2026-07-12,Returned,5,35625.0
ORD001977,CUST01977,PRD0020,2025-06-24,,3,180000.0
ORD001978,CUST01978,PRD0015,2024-07-22,completed,4,128000.0
ORD001979,CUST01979,PRD0016,2024-02-16,,4,240000.0
ORD001980,CUST01980,PRD0009,2025-12-18,COMPLETED,5,200000.0
ORD001981,CUST01981,PRD0021,2025-03-18,Completed,5,480000.0
ORD001982,CUST01982,PRD0016,2024-12-11,Completed,5,540000.0
ORD001983,CUST01983,PRD0023,2025-12-20,completed,3,288000.0
ORD001984,CUST01984,PRD0001,2025-07-17,completed,2,135000.0
ORD001985,CUST01985,PRD0002,2025-05-13,completed,2,16000.0
ORD001986,CUST01986,PRD0027,2025-10-05,completed,3,191250.0
ORD001987,CUST01987,PRD0016,2026-08-16,Completed,4,20000.0
ORD001988,CUST01988,PRD0025,2024-06-18,,4,38000.0
ORD001989,CUST01989,PRD0026,2026-03-18,Completed,4,27000.0
ORD001990,CUST01990,PRD0016,2025-07-09,,3,75000.0
ORD001991,CUST01991,PRD0006,2026-03-29,Completed,2,28500.0
ORD001992,CUST01992,PRD0012,2026-08-09,COMPLETED,1,22500.0
ORD001993,CUST01993,PRD0012,2024-11-02,pending,4,144000.0
ORD001994,CUST01994,PRD0005,2025-04-27,COMPLETED,5,35625.0
ORD001995,CUST01995,PRD0024,2024-05-02,Completed,3,96000.0
ORD001996,CUST01996,PRD0001,2024-03-29,completed,4,51000.0
ORD001997,CUST01997,PRD0001,2026-02-13,Pending,2,12750.0
ORD001998,CUST01998,PRD0006,2026-07-20,Completed,4,36000.0
ORD001999,CUST01999,PRD0002,2024-08-19,Completed,1,20000.0
ORD002000,CUST02000,PRD0029,2026-05-25,COMPLETED,3,63750.0
ORD002001,CUST02001,PRD0010,2026-06-28,Completed,5,17500.0
ORD002002,CUST02002,PRD0002,2026-06-29,Pending,4,12600.0
ORD002003,CUST02003,PRD0008,2024-09-21,Completed,2,17000.0
ORD002004,CUST02004,PRD0011,2026-03-03,cancelled,5,42500.0
ORD002005,CUST02005,PRD0007,2024-04-04,Cancelled,4,144000.0
ORD002006,CUST02006,PRD0011,2025-09-07,Completed,1,9500.0
ORD002007,CUST02007,PRD0028,2024-08-22,Returned,2,68000.0
ORD002008,CUST02008,PRD0003,2024-06-02,Completed,2,45000.0
ORD002009,CUST02009,PRD0018,2026-02-10,Completed,5,100000.0
ORD002010,CUST02010,PRD0016,2026-01-15,cancelled,2,27000.0
ORD002011,CUST02011,PRD0018,2024-05-04,completed,2,192000.0
ORD002012,CUST02012,PRD0020,2026-07-25,cancelled,2,8500.0
ORD002013,CUST02013,PRD0001,2025-09-06,,5,63750.0
ORD002014,CUST02014,PRD0012,2024-11-21,,3,191250.0
ORD002015,CUST02015,PRD0002,2025-02-22,Completed,5,356250.0
ORD002016,CUST02016,PRD0012,2025-09-18,completed,4,384000.0
ORD002017,CUST02017,PRD0024,2026-05-23,COMPLETED,2,228000.0
ORD002018,CUST02018,PRD0015,2026-08-27,Completed,1,36000.0
ORD002019,CUST02019,PRD0010,2026-05-26,cancelled,3,18000.0
ORD002020,CUST02020,PRD0026,2026-04-27,Completed,2,204000.0
ORD002021,CUST02021,PRD0012,2026-06-20,COMPLETED,3,120000.0
ORD002022,CUST02022,PRD0023,2026-05-29,Pending,3,12000.0
ORD002023,CUST02023,PRD0013,2025-02-20,,1,102000.0
ORD002024,CUST02024,PRD0027,2024-04-15,COMPLETED,1,9000.0
ORD002025,CUST02025,PRD0021,2024-01-25,,2,120000.0
ORD002026,CUST02026,PRD0020,2025-03-01,Pending,2,192000.0
ORD002027,CUST02027,PRD0011,2025-01-12,Returned,4,152000.0
ORD002028,CUST02028,PRD0006,2026-06-26,Completed,3,191250.0
ORD002029,CUST02029,PRD0017,2025-08-08,Pending,1,67500.0
ORD002030,CUST02030,PRD0029,2026-04-13,Returned,2,10000.0
ORD002031,CUST02031,PRD0004,2025-10-02,Cancelled,2,142500.0
ORD002032,CUST02032,PRD0006,2024-02-10,cancelled,5,570000.0
ORD002033,CUST02033,PRD0003,2024-08-22,Pending,5,17500.0
ORD002034,CUST02034,PRD0015,2024-11-25,Completed,2,192000.0
ORD002035,CUST02035,PRD0004,2025-03-03,Pending,3,38250.0
ORD002036,CUST02036,PRD0005,2026-07-06,,3,25500.0
ORD002037,CUST02037,PRD0006,2026-05-23,,1,8000.0
ORD002038,CUST02038,PRD0021,2025-02-11,cancelled,5,106250.0
ORD002039,CUST02039,PRD0009,2025-06-02,cancelled,5,14000.0
ORD002040,CUST02040,PRD0006,2025-06-10,completed,1,108000.0
ORD002041,CUST02041,PRD0005,2024-10-04,cancelled,2,120000.0
ORD002042,CUST02042,PRD0021,2024-07-27,Pending,2,30000.0
ORD002043,CUST02043,PRD0009,2024-09-24,Completed,4,30000.0
ORD002044,CUST02044,PRD0017,2024-08-31,completed,3,67500.0
ORD002045,CUST02045,PRD0025,2026-04-06,,4,11200.0
ORD002046,CUST02046,PRD0015,2025-09-07,,4,240000.0
ORD002047,CUST02047,PRD0021,2026-04-09,Pending,2,27000.0
ORD002048,CUST02048,PRD0002,2024-05-08,completed,5,67500.0
ORD002049,CUST02049,PRD0002,2025-09-07,Pending,1,9000.0
ORD002050,CUST02050,PRD0002,2024-12-13,,4,48000.0
ORD002051,CUST02051,PRD0004,2026-02-03,Completed,2,18000.0
ORD002052,CUST02052,PRD0012,2025-01-13,Pending,4,17000.0
ORD002053,CUST02053,PRD0020,2025-11-17,Pending,4,17000.0
ORD002054,CUST02054,PRD0021,2025-05-30,completed,1,4500.0
ORD002055,CUST02055,PRD0002,2024-01-28,Completed,4,128000.0
ORD002056,CUST02056,PRD0019,2025-05-05,Completed,4,17000.0
ORD002057,CUST02057,PRD0017,2025-12-16,Completed,2,240000.0
ORD002058,CUST02058,PRD0014,2024-07-11,Cancelled,1,14250.0
ORD002059,CUST02059,PRD0023,2024-01-13,COMPLETED,1,75000.0
ORD002060,CUST02060,PRD0027,2024-01-28,completed,3,18000.0
ORD002061,CUST02061,PRD0014,2025-01-05,completed,3,342000.0
ORD002062,CUST02062,PRD0015,2026-07-09,Returned,4,19000.0
ORD002063,CUST02063,PRD0011,2026-02-19,Completed,3,306000.0
ORD002064,CUST02064,PRD0023,2025-10-18,Returned,4,128000.0
ORD002065,CUST02065,PRD0016,2025-10-14,,4,128000.0
ORD002066,CUST02066,PRD0010,2025-10-14,COMPLETED,4,51000.0
ORD002067,CUST02067,PRD0011,2024-07-14,Cancelled,3,191250.0
ORD002068,CUST02068,PRD0016,2026-08-30,COMPLETED,3,28500.0
ORD002069,CUST02069,PRD0002,2025-02-02,pending,5,63750.0
ORD002070,CUST02070,PRD0029,2025-01-29,Cancelled,2,80000.0
ORD002071,CUST02071,PRD0002,2026-02-02,Completed,1,67500.0
ORD002072,CUST02072,PRD0029,2024-08-24,Completed,1,2975.0
ORD002073,CUST02073,PRD0017,2025-10-02,Cancelled,2,45000.0
ORD002074,CUST02074,PRD0024,2026-01-28,,4,11900.0
ORD002075,CUST02075,PRD0015,2025-06-03,completed,1,102000.0
ORD002076,CUST02076,PRD0014,2026-06-03,Pending,5,37500.0
ORD002077,CUST02077,PRD0002,2024-01-25,Completed,4,18000.0
ORD002078,CUST02078,PRD0002,2026-08-19,Cancelled,1,4500.0
ORD002079,CUST02079,PRD0027,2025-05-09,completed,3,63750.0
ORD002080,CUST02080,PRD0027,2026-07-09,Completed,5,118750.0
ORD002081,CUST02081,PRD0019,2025-08-21,Completed,3,324000.0
ORD002082,CUST02082,PRD0013,2025-09-23,completed,5,170000.0
ORD002083,CUST02083,PRD0024,2024-10-09,Completed,2,45000.0
ORD002084,CUST02084,PRD0002,2024-05-11,,5,14000.0
ORD002085,CUST02085,PRD0005,2025-01-25,completed,2,40000.0
ORD002086,CUST02086,PRD0030,2025-11-20,,4,152000.0
ORD002087,CUST02087,PRD0011,2026-02-23,cancelled,1,12750.0
ORD002088,CUST02088,PRD0006,2024-04-21,Cancelled,3,15000.0
ORD002089,CUST02089,PRD0012,2025-11-14,Cancelled,3,120000.0
ORD002090,CUST02090,PRD0027,2026-04-27,pending,2,5950.0
ORD002091,CUST02091,PRD0019,2025-06-05,,3,12750.0
ORD002092,CUST02092,PRD0008,2024-08-09,completed,2,19000.0
ORD002093,CUST02093,PRD0023,2024-11-28,Completed,2,5600.0
ORD002094,CUST02094,PRD0006,2024-02-17,completed,5,60000.0
ORD002095,CUST02095,PRD0007,2024-08-09,Completed,4,408000.0
ORD002096,CUST02096,PRD0021,2026-08-20,,1,96000.0
ORD002097,CUST02097,PRD0021,2025-01-15,completed,5,118750.0
ORD002098,CUST02098,PRD0012,2025-11-27,,5,20000.0
ORD002099,CUST02099,PRD0022,2024-12-23,Pending,3,191250.0
ORD002100,CUST02100,PRD0028,2024-04-22,Returned,1,22500.0
ORD002101,CUST02101,PRD0001,2024-08-29,COMPLETED,2,9000.0
ORD002102,CUST02102,PRD0020,2024-04-09,Cancelled,2,30000.0
ORD002103,CUST02103,PRD0001,2026-04-25,completed,3,9975.0
ORD002104,CUST02104,PRD0018,2025-09-10,,1,38000.0
ORD002105,CUST02105,PRD0010,2026-05-16,completed,1,4000.0
ORD002106,CUST02106,PRD0001,2026-07-04,Completed,1,6000.0
ORD002107,CUST02107,PRD0002,2026-06-12,Returned,4,11200.0
ORD002108,CUST02108,PRD0025,2026-03-16,COMPLETED,5,67500.0
ORD002109,CUST02109,PRD0002,2025-12-25,,3,102000.0
ORD002110,CUST02110,PRD0012,2024-05-30,completed,2,45000.0
ORD002111,CUST02111,PRD0028,2025-01-20,Cancelled,1,15000.0
ORD002112,CUST02112,PRD0015,2026-08-24,Cancelled,3,19125.0
ORD002113,CUST02113,PRD0025,2024-01-10,,5,180000.0
ORD002114,CUST02114,PRD0021,2025-01-30,cancelled,5,118750.0
ORD002115,CUST02115,PRD0024,2026-04-29,Cancelled,4,25500.0
ORD002116,CUST02116,PRD0012,2025-10-04,cancelled,1,2975.0
ORD002117,CUST02117,PRD0023,2025-08-06,Cancelled,2,216000.0
ORD002118,CUST02118,PRD0003,2025-03-05,Cancelled,5,480000.0
ORD002119,CUST02119,PRD0010,2025-05-12,Cancelled,4,13300.0
ORD002120,CUST02120,PRD0017,2026-03-30,Completed,3,13500.0
ORD002121,CUST02121,PRD0024,2026-05-05,Cancelled,5,40000.0
ORD002122,CUST02122,PRD0019,2024-11-27,completed,4,128000.0
ORD002123,CUST02123,PRD0019,2026-05-31,Completed,1,7500.0
ORD002124,CUST02124,PRD0018,2025-05-08,Completed,3,13500.0
ORD002125,CUST02125,PRD0018,2024-04-16,Cancelled,2,28500.0
ORD002126,CUST02126,PRD0013,2025-05-15,cancelled,5,15750.0
ORD002127,CUST02127,PRD0011,2026-03-20,Pending,3,14250.0
ORD002128,CUST02128,PRD0025,2026-07-12,pending,3,27000.0
ORD002129,CUST02129,PRD0015,2026-04-06,cancelled,5,106250.0
ORD002130,CUST02130,PRD0016,2026-03-07,pending,3,24000.0
ORD002131,CUST02131,PRD0010,2024-03-15,Completed,1,6750.0
ORD002132,CUST02132,PRD0027,2024-03-24,Cancelled,5,112500.0
ORD002133,CUST02133,PRD0022,2025-05-19,cancelled,4,30000.0
ORD002134,CUST02134,PRD0008,2024-08-18,Returned,1,9500.0
ORD002135,CUST02135,PRD0001,2025-05-21,Pending,5,22500.0
ORD002136,CUST02136,PRD0013,2026-06-29,cancelled,5,40000.0
ORD002137,CUST02137,PRD0023,2024-02-06,Returned,5,480000.0
ORD002138,CUST02138,PRD0010,2024-03-19,completed,2,16000.0
ORD002139,CUST02139,PRD0029,2024-08-20,cancelled,1,9000.0
ORD002140,CUST02140,PRD0013,2025-09-11,pending,5,300000.0
ORD002141,CUST02141,PRD0023,2026-02-04,Completed,2,24000.0
ORD002142,CUST02142,PRD0014,2024-05-12,Completed,4,51000.0
ORD002143,CUST02143,PRD0026,2024-09-16,pending,4,60000.0
ORD002144,CUST02144,PRD0021,2025-05-23,Cancelled,3,36000.0
ORD002145,CUST02145,PRD0015,2025-04-15,cancelled,2,28500.0
ORD002146,CUST02146,PRD0013,2026-02-20,Cancelled,3,120000.0
ORD002147,CUST02147,PRD0014,2026-08-05,Pending,2,228000.0
ORD002148,CUST02148,PRD0018,2025-01-08,Cancelled,1,75000.0
ORD002149,CUST02149,PRD0005,2026-05-27,Cancelled,3,13500.0
ORD002150,CUST02150,PRD0023,2025-01-19,Returned,4,18000.0
ORD002151,CUST02151,PRD0012,2026-05-11,Pending,5,63750.0
ORD002152,CUST02152,PRD0005,2024-05-20,COMPLETED,3,202500.0
ORD002153,CUST02153,PRD0002,2026-01-22,pending,4,100000.0
ORD002154,CUST02154,PRD0024,2024-11-21,COMPLETED,3,38250.0
ORD002155,CUST02155,PRD0017,2026-08-08,COMPLETED,5,125000.0
ORD002156,CUST02156,PRD0006,2025-07-05,Returned,5,30000.0
ORD002157,CUST02157,PRD0005,2024-02-16,,3,191250.0
ORD002158,CUST02158,PRD0027,2024-03-18,Completed,4,60000.0
ORD002159,CUST02159,PRD0026,2024-01-07,Completed,2,20000.0
ORD002160,CUST02160,PRD0017,2024-12-03,COMPLETED,4,136000.0
ORD002161,CUST02161,PRD0021,2026-04-05,Completed,4,95000.0
ORD002162,CUST02162,PRD0019,2026-07-01,cancelled,3,18000.0
ORD002163,CUST02163,PRD0016,2025-04-07,Completed,1,120000.0
ORD002164,CUST02164,PRD0010,2025-12-23,Cancelled,2,17000.0
ORD002165,CUST02165,PRD0030,2026-05-23,pending,2,30000.0
ORD002166,CUST02166,PRD0029,2026-02-12,completed,1,8500.0
ORD002167,CUST02167,PRD0016,2024-09-09,Completed,1,6000.0
ORD002168,CUST02168,PRD0004,2025-05-13,Completed,2,142500.0
ORD002169,CUST02169,PRD0029,2026-05-13,Completed,4,48000.0
ORD002170,CUST02170,PRD0014,2026-07-22,Completed,5,356250.0
ORD002171,CUST02171,PRD0004,2024-07-28,Pending,5,170000.0
ORD002172,CUST02172,PRD0019,2025-04-09,,1,32000.0
ORD002173,CUST02173,PRD0029,2024-09-01,Returned,4,57000.0
ORD002174,CUST02174,PRD0004,2024-10-20,COMPLETED,1,102000.0
ORD002175,CUST02175,PRD0017,2024-01-28,Cancelled,3,202500.0
ORD002176,CUST02176,PRD0004,2026-01-02,Completed,4,285000.0
ORD002177,CUST02177,PRD0015,2024-11-22,,5,170000.0
ORD002178,CUST02178,PRD0011,2025-02-17,Completed,1,22500.0
ORD002179,CUST02179,PRD0019,2025-09-23,COMPLETED,4,30000.0
ORD002180,CUST02180,PRD0009,2024-10-19,COMPLETED,5,23750.0
ORD002181,CUST02181,PRD0016,2024-07-11,Pending,3,21375.0
ORD002182,CUST02182,PRD0010,2026-02-08,cancelled,4,18000.0
ORD002183,CUST02183,PRD0002,2026-08-07,Completed,5,337500.0
ORD002184,CUST02184,PRD0009,2025-06-12,pending,1,12000.0
ORD002185,CUST02185,PRD0003,2024-09-02,completed,3,102000.0
ORD002186,CUST02186,PRD0020,2026-07-27,COMPLETED,2,142500.0
ORD002187,CUST02187,PRD0021,2024-01-14,cancelled,1,114000.0
ORD002188,CUST02188,PRD0022,2026-04-04,Cancelled,5,14875.0
ORD002189,CUST02189,PRD0019,2025-01-18,pending,3,60000.0
ORD002190,CUST02190,PRD0004,2026-04-18,Cancelled,2,80000.0
ORD002191,CUST02191,PRD0026,2024-11-15,cancelled,5,16625.0
ORD002192,CUST02192,PRD0004,2025-11-13,Completed,5,31875.0
ORD002193,CUST02193,PRD0016,2024-12-16,Cancelled,3,306000.0
ORD002194,CUST02194,PRD0014,2025-05-10,Returned,3,12000.0
ORD002195,CUST02195,PRD0006,2024-06-12,Returned,4,54000.0
ORD002196,CUST02196,PRD0017,2025-03-01,Cancelled,4,90000.0
ORD002197,CUST02197,PRD0010,2026-02-14,Completed,1,75000.0
ORD002198,CUST02198,PRD0023,2025-07-27,cancelled,2,204000.0
ORD002199,CUST02199,PRD0008,2025-05-11,completed,3,9975.0
ORD002200,CUST02200,PRD0014,2024-07-17,,4,90000.0
ORD002201,CUST02201,PRD0006,2025-12-17,cancelled,3,102000.0
ORD002202,CUST02202,PRD0004,2024-02-24,Completed,3,63750.0
ORD002203,CUST02203,PRD0020,2025-08-20,completed,4,80000.0
ORD002204,CUST02204,PRD0018,2025-09-07,Cancelled,2,17000.0
ORD002205,CUST02205,PRD0009,2025-06-07,Pending,5,14000.0
ORD002206,CUST02206,PRD0014,2026-05-18,completed,5,35625.0
ORD002207,CUST02207,PRD0014,2026-03-17,cancelled,2,24000.0
ORD002208,CUST02208,PRD0022,2024-02-06,completed,3,67500.0
ORD002209,CUST02209,PRD0014,2024-06-02,pending,1,75000.0
ORD002210,CUST02210,PRD0025,2026-01-19,Completed,1,9500.0
ORD002211,CUST02211,PRD0023,2025-04-19,completed,1,3500.0
ORD002212,CUST02212,PRD0022,2026-02-05,completed,4,240000.0
ORD002213,CUST02213,PRD0021,2025-03-19,Pending,4,36000.0
ORD002214,CUST02214,PRD0020,2024-05-17,,3,191250.0
ORD002215,CUST02215,PRD0013,2026-07-03,Completed,5,20000.0
ORD002216,CUST02216,PRD0008,2024-09-02,cancelled,1,15000.0
ORD002217,CUST02217,PRD0009,2026-04-10,,2,13500.0
ORD002218,CUST02218,PRD0005,2024-11-14,pending,2,192000.0
ORD002219,CUST02219,PRD0030,2026-06-19,Completed,3,202500.0
ORD002220,CUST02220,PRD0006,2026-06-14,cancelled,2,228000.0
ORD002221,CUST02221,PRD0013,2026-06-01,Completed,2,25500.0
ORD002222,CUST02222,PRD0021,2025-05-26,,3,25500.0
ORD002223,CUST02223,PRD0008,2025-03-15,Completed,4,255000.0
ORD002224,CUST02224,PRD0021,2024-06-10,,1,60000.0
ORD002225,CUST02225,PRD0004,2024-01-29,Cancelled,3,60000.0
ORD002226,CUST02226,PRD0021,2024-05-27,,1,25000.0
ORD002227,CUST02227,PRD0015,2026-06-23,pending,4,60000.0
ORD002228,CUST02228,PRD0025,2026-02-12,Returned,2,192000.0
ORD002229,CUST02229,PRD0029,2024-08-17,cancelled,1,6750.0
ORD002230,CUST02230,PRD0027,2024-01-02,Pending,5,118750.0
ORD002231,CUST02231,PRD0012,2024-04-09,,2,50000.0
ORD002232,CUST02232,PRD0025,2024-05-24,Cancelled,4,32000.0
ORD002233,CUST02233,PRD0027,2025-03-15,pending,4,285000.0
ORD002234,CUST02234,PRD0013,2024-08-31,,3,22500.0
ORD002235,CUST02235,PRD0007,2025-05-16,pending,4,85000.0
ORD002236,CUST02236,PRD0028,2026-07-04,COMPLETED,5,180000.0
ORD002237,CUST02237,PRD0007,2024-11-26,completed,5,15750.0
ORD002238,CUST02238,PRD0025,2025-04-15,,2,9000.0
ORD002239,CUST02239,PRD0023,2024-10-23,Pending,4,100000.0
ORD002240,CUST02240,PRD0028,2026-05-26,Completed,5,71250.0
ORD002241,CUST02241,PRD0027,2025-11-20,completed,3,225000.0
ORD002242,CUST02242,PRD0019,2024-06-28,Completed,3,12750.0
ORD002243,CUST02243,PRD0028,2026-07-07,completed,5,375000.0
ORD002244,CUST02244,PRD0022,2025-02-16,completed,2,13500.0
ORD002245,CUST02245,PRD0012,2025-12-29,Completed,3,10500.0
ORD002246,CUST02246,PRD0012,2026-01-07,completed,5,30000.0
ORD002247,CUST02247,PRD0028,2026-02-13,pending,5,37500.0
ORD002248,CUST02248,PRD0003,2026-06-22,cancelled,4,11200.0
ORD002249,CUST02249,PRD0022,2025-06-03,cancelled,2,5600.0
ORD002250,CUST02250,PRD0006,2025-04-12,cancelled,4,384000.0
ORD002251,CUST02251,PRD0027,2026-07-04,cancelled,5,106250.0
ORD002252,CUST02252,PRD0012,2024-01-01,,5,20000.0
ORD002253,CUST02253,PRD0009,2024-08-01,Returned,4,432000.0
ORD002254,CUST02254,PRD0015,2025-11-09,,3,30000.0
ORD002255,CUST02255,PRD0022,2025-08-24,COMPLETED,2,16000.0
ORD002256,CUST02256,PRD0018,2025-05-12,Cancelled,1,8000.0
ORD002257,CUST02257,PRD0014,2025-02-15,Cancelled,5,35625.0
ORD002258,CUST02258,PRD0013,2025-12-23,Pending,1,38000.0
ORD002259,CUST02259,PRD0026,2025-07-11,Cancelled,1,2975.0
ORD002260,CUST02260,PRD0014,2024-07-25,Completed,4,480000.0
ORD002261,CUST02261,PRD0007,2025-03-28,Pending,1,14250.0
ORD002262,CUST02262,PRD0030,2025-04-21,Completed,5,67500.0
ORD002263,CUST02263,PRD0021,2025-05-14,Pending,3,202500.0
ORD002264,CUST02264,PRD0020,2024-08-26,Returned,4,48000.0
ORD002265,CUST02265,PRD0014,2026-08-08,Pending,1,12750.0
ORD002266,CUST02266,PRD0018,2024-04-02,Cancelled,4,17000.0
ORD002267,CUST02267,PRD0028,2026-04-10,cancelled,3,225000.0
ORD002268,CUST02268,PRD0024,2025-03-21,COMPLETED,4,480000.0
ORD002269,CUST02269,PRD0004,2026-07-09,Completed,2,5950.0
ORD002270,CUST02270,PRD0028,2025-04-02,,3,12000.0
ORD002271,CUST02271,PRD0014,2026-05-07,Completed,2,15000.0
ORD002272,CUST02272,PRD0024,2025-04-10,completed,2,64000.0
ORD002273,CUST02273,PRD0005,2024-05-30,Completed,5,45000.0
ORD002274,CUST02274,PRD0011,2025-03-22,pending,4,300000.0
ORD002275,CUST02275,PRD0001,2025-10-03,completed,1,75000.0
ORD002276,CUST02276,PRD0022,2026-01-27,Pending,1,9500.0
ORD002277,CUST02277,PRD0008,2024-10-05,Completed,3,213750.0
ORD002278,CUST02278,PRD0011,2025-09-11,Cancelled,4,19000.0
ORD002279,CUST02279,PRD0007,2024-03-02,COMPLETED,4,20000.0
ORD002280,CUST02280,PRD0011,2026-03-29,,3,28500.0
ORD002281,CUST02281,PRD0022,2025-06-28,,1,60000.0
ORD002282,CUST02282,PRD0001,2025-10-16,Completed,4,18000.0
ORD002283,CUST02283,PRD0005,2026-04-02,Completed,5,118750.0
ORD002284,CUST02284,PRD0008,2025-06-09,Pending,4,36000.0
ORD002285,CUST02285,PRD0017,2024-04-20,Pending,3,342000.0
ORD002286,CUST02286,PRD0028,2025-11-02,cancelled,3,360000.0
ORD002287,CUST02287,PRD0005,2026-01-08,pending,5,125000.0
ORD002288,CUST02288,PRD0022,2025-05-30,Completed,1,114000.0
ORD002289,CUST02289,PRD0020,2025-05-30,,5,300000.0
ORD002290,CUST02290,PRD0029,2026-05-05,Completed,4,136000.0
ORD002291,CUST02291,PRD0020,2024-06-05,,3,12750.0
ORD002292,CUST02292,PRD0018,2025-08-27,completed,2,6650.0
ORD002293,CUST02293,PRD0016,2025-12-20,completed,5,15750.0
ORD002294,CUST02294,PRD0017,2026-05-08,Cancelled,2,9500.0
ORD002295,CUST02295,PRD0005,2024-10-11,Completed,4,17000.0
ORD002296,CUST02296,PRD0011,2025-01-17,cancelled,3,63750.0
ORD002297,CUST02297,PRD0009,2025-03-16,completed,5,125000.0
ORD002298,CUST02298,PRD0015,2024-07-27,COMPLETED,1,10000.0
ORD002299,CUST02299,PRD0019,2025-12-15,Returned,3,40500.0
ORD002300,CUST02300,PRD0019,2026-05-21,Pending,2,204000.0
ORD002301,CUST02301,PRD0008,2025-07-06,Pending,5,118750.0
ORD002302,CUST02302,PRD0026,2025-07-28,cancelled,5,60000.0
ORD002303,CUST02303,PRD0017,2024-07-22,cancelled,3,38250.0
ORD002304,CUST02304,PRD0003,2024-01-10,Cancelled,5,20000.0
ORD002305,CUST02305,PRD0004,2024-04-15,Completed,3,114000.0
ORD002306,CUST02306,PRD0008,2025-12-02,Completed,5,33750.0
ORD002307,CUST02307,PRD0010,2026-01-03,Cancelled,3,9450.0
ORD002308,CUST02308,PRD0021,2026-06-12,,5,50000.0
ORD002309,CUST02309,PRD0012,2026-03-21,Completed,2,30000.0
ORD002310,CUST02310,PRD0012,2026-08-14,,1,23750.0
ORD002311,CUST02311,PRD0006,2026-05-15,,2,135000.0
ORD002312,CUST02312,PRD0027,2026-03-24,Completed,2,16000.0
ORD002313,CUST02313,PRD0025,2025-03-05,pending,1,10000.0
ORD002314,CUST02314,PRD0022,2025-05-08,Completed,3,306000.0
ORD002315,CUST02315,PRD0025,2024-12-29,Cancelled,3,108000.0
ORD002316,CUST02316,PRD0011,2024-02-03,Cancelled,2,14250.0
ORD002317,CUST02317,PRD0001,2025-11-06,Completed,1,40000.0
ORD002318,CUST02318,PRD0023,2025-03-08,Returned,4,30000.0
ORD002319,CUST02319,PRD0029,2025-12-16,Completed,3,19125.0
ORD002320,CUST02320,PRD0008,2025-04-20,Cancelled,3,67500.0
ORD002321,CUST02321,PRD0005,2025-09-29,Returned,4,90000.0
ORD002322,CUST02322,PRD0021,2024-06-03,completed,1,102000.0
ORD002323,CUST02323,PRD0003,2024-01-30,Completed,1,71250.0
ORD002324,CUST02324,PRD0019,2026-05-31,cancelled,1,12750.0
ORD002325,CUST02325,PRD0027,2024-06-05,cancelled,5,63750.0
ORD002326,CUST02326,PRD0015,2024-05-04,COMPLETED,2,27000.0
ORD002327,CUST02327,PRD0010,2025-09-21,pending,2,142500.0
ORD002328,CUST02328,PRD0020,2026-04-08,Completed,3,20250.0
ORD002329,CUST02329,PRD0026,2026-02-19,Completed,5,45000.0
ORD002330,CUST02330,PRD0014,2024-01-16,completed,1,75000.0
ORD002331,CUST02331,PRD0004,2024-10-24,Returned,3,225000.0
ORD002332,CUST02332,PRD0021,2026-02-18,COMPLETED,1,3325.0
ORD002333,CUST02333,PRD0014,2025-01-09,,3,30000.0
ORD002334,CUST02334,PRD0015,2025-04-19,Cancelled,3,191250.0
ORD002335,CUST02335,PRD0017,2024-01-16,COMPLETED,3,225000.0
ORD002336,CUST02336,PRD0010,2025-04-10,,5,570000.0
ORD002337,CUST02337,PRD0003,2025-02-17,COMPLETED,5,300000.0
ORD002338,CUST02338,PRD0001,2024-02-11,Returned,5,35625.0
ORD002339,CUST02339,PRD0004,2024-07-22,Completed,2,18000.0
ORD002340,CUST02340,PRD0010,2026-08-13,Pending,2,28500.0
ORD002341,CUST02341,PRD0029,2026-01-18,,2,127500.0
ORD002342,CUST02342,PRD0001,2024-12-16,,1,4250.0
ORD002343,CUST02343,PRD0013,2025-04-13,completed,1,6000.0
ORD002344,CUST02344,PRD0006,2024-01-15,,3,213750.0
ORD002345,CUST02345,PRD0015,2025-02-23,COMPLETED,4,285000.0
ORD002346,CUST02346,PRD0020,2024-10-19,cancelled,4,30000.0
ORD002347,CUST02347,PRD0018,2025-06-26,Completed,3,22500.0
ORD002348,CUST02348,PRD0012,2024-05-25,Cancelled,1,36000.0
ORD002349,CUST02349,PRD0027,2024-01-26,Completed,3,10500.0
ORD002350,CUST02350,PRD0007,2024-10-12,Pending,3,22500.0
ORD002351,CUST02351,PRD0001,2024-02-01,cancelled,4,128000.0
ORD002352,CUST02352,PRD0002,2025-11-12,Completed,5,15750.0
ORD002353,CUST02353,PRD0004,2025-06-02,Completed,1,4000.0
ORD002354,CUST02354,PRD0023,2024-09-19,COMPLETED,5,300000.0
ORD002355,CUST02355,PRD0004,2025-03-21,,4,34000.0
ORD002356,CUST02356,PRD0008,2026-03-24,,3,40500.0
ORD002357,CUST02357,PRD0006,2026-05-04,Cancelled,3,8925.0
ORD002358,CUST02358,PRD0030,2025-07-04,Completed,2,72000.0
ORD002359,CUST02359,PRD0013,2025-10-02,Pending,2,216000.0
ORD002360,CUST02360,PRD0020,2024-11-26,Cancelled,4,13300.0
ORD002361,CUST02361,PRD0009,2025-04-25,COMPLETED,2,204000.0
ORD002362,CUST02362,PRD0029,2026-02-22,Completed,3,120000.0
ORD002363,CUST02363,PRD0019,2026-01-18,Pending,1,63750.0
ORD002364,CUST02364,PRD0013,2026-07-08,completed,5,33750.0
ORD002365,CUST02365,PRD0013,2026-02-14,completed,4,255000.0
ORD002366,CUST02366,PRD0028,2025-10-29,Completed,3,28500.0
ORD002367,CUST02367,PRD0023,2026-06-17,Completed,3,45000.0
ORD002368,CUST02368,PRD0024,2024-03-19,Completed,5,25000.0
ORD002369,CUST02369,PRD0018,2024-10-07,completed,3,24000.0
ORD002370,CUST02370,PRD0002,2025-09-08,completed,3,60000.0
ORD002371,CUST02371,PRD0026,2024-02-12,completed,4,80000.0
ORD002372,CUST02372,PRD0014,2024-08-04,Pending,1,96000.0
ORD002373,CUST02373,PRD0017,2024-02-09,Completed,1,6000.0
ORD002374,CUST02374,PRD0018,2026-06-14,Returned,4,57000.0
ORD002375,CUST02375,PRD0027,2025-01-28,Returned,5,170000.0
ORD002376,CUST02376,PRD0016,2026-04-23,Completed,3,180000.0
ORD002377,CUST02377,PRD0013,2024-01-30,completed,1,36000.0
ORD002378,CUST02378,PRD0026,2025-10-17,,5,318750.0
ORD002379,CUST02379,PRD0014,2024-09-06,Completed,4,384000.0
ORD002380,CUST02380,PRD0011,2025-11-08,completed,1,8500.0
ORD002381,CUST02381,PRD0007,2025-09-02,Completed,2,64000.0
ORD002382,CUST02382,PRD0004,2026-04-08,,4,57000.0
ORD002383,CUST02383,PRD0005,2024-07-02,cancelled,2,142500.0
ORD002384,CUST02384,PRD0024,2025-11-17,Cancelled,3,360000.0
ORD002385,CUST02385,PRD0009,2026-07-12,,4,152000.0
ORD002386,CUST02386,PRD0014,2024-08-14,COMPLETED,4,285000.0
ORD002387,CUST02387,PRD0016,2026-08-26,Pending,1,60000.0
ORD002388,CUST02388,PRD0025,2024-03-23,completed,5,35625.0
ORD002389,CUST02389,PRD0029,2024-03-31,,3,20250.0
ORD002390,CUST02390,PRD0006,2025-11-20,pending,4,128000.0
ORD002391,CUST02391,PRD0030,2025-05-13,cancelled,4,51000.0
ORD002392,CUST02392,PRD0013,2026-04-04,Completed,1,96000.0
ORD002393,CUST02393,PRD0002,2026-04-21,pending,5,300000.0
ORD002394,CUST02394,PRD0006,2026-08-02,Completed,2,13500.0
ORD002395,CUST02395,PRD0023,2024-03-21,cancelled,5,42500.0
ORD002396,CUST02396,PRD0014,2024-06-15,Cancelled,4,456000.0
ORD002397,CUST02397,PRD0030,2024-12-14,cancelled,5,15750.0
ORD002398,CUST02398,PRD0014,2025-11-05,cancelled,5,112500.0
ORD002399,CUST02399,PRD0030,2024-05-28,COMPLETED,3,21375.0
ORD002400,CUST02400,PRD0003,2026-08-22,Cancelled,5,190000.0
ORD002401,CUST02401,PRD0016,2024-12-18,Completed,5,14000.0
ORD002402,CUST02402,PRD0004,2024-08-11,Returned,5,42500.0
ORD002403,CUST02403,PRD0002,2026-01-24,cancelled,1,96000.0
ORD002404,CUST02404,PRD0027,2024-04-25,Pending,2,15000.0
ORD002405,CUST02405,PRD0009,2026-05-09,,4,32000.0
ORD002406,CUST02406,PRD0015,2025-01-28,Cancelled,2,16000.0
ORD002407,CUST02407,PRD0005,2024-02-13,completed,4,30000.0
ORD002408,CUST02408,PRD0016,2025-01-12,Completed,4,48000.0
ORD002409,CUST02409,PRD0018,2026-02-21,,2,240000.0
ORD002410,CUST02410,PRD0027,2025-03-17,cancelled,2,14250.0
ORD002411,CUST02411,PRD0030,2026-08-19,pending,3,180000.0
ORD002412,CUST02412,PRD0028,2024-05-18,Completed,2,150000.0
ORD002413,CUST02413,PRD0009,2025-03-19,COMPLETED,3,8400.0
ORD002414,CUST02414,PRD0008,2026-01-24,completed,2,45000.0
ORD002415,CUST02415,PRD0030,2024-11-17,Completed,3,75000.0
ORD002416,CUST02416,PRD0008,2024-09-01,Completed,1,21250.0
ORD002417,CUST02417,PRD0010,2024-12-23,Cancelled,2,6650.0
ORD002418,CUST02418,PRD0026,2026-04-17,Cancelled,2,150000.0
ORD002419,CUST02419,PRD0015,2026-04-08,Pending,1,3150.0
ORD002420,CUST02420,PRD0009,2024-06-18,cancelled,5,50000.0
ORD002421,CUST02421,PRD0028,2026-02-25,Returned,2,42500.0
ORD002422,CUST02422,PRD0028,2024-02-24,,4,480000.0
ORD002423,CUST02423,PRD0002,2025-01-16,cancelled,3,20250.0
ORD002424,CUST02424,PRD0028,2025-12-14,completed,1,7500.0
ORD002425,CUST02425,PRD0017,2026-03-19,,1,96000.0
ORD002426,CUST02426,PRD0007,2026-03-15,Pending,3,30000.0
ORD002427,CUST02427,PRD0030,2024-02-22,pending,4,300000.0
ORD002428,CUST02428,PRD0011,2024-05-30,Returned,5,33750.0
ORD002429,CUST02429,PRD0014,2025-01-14,Cancelled,1,2975.0
ORD002430,CUST02430,PRD0001,2025-12-21,Pending,3,38250.0
ORD002431,CUST02431,PRD0005,2024-01-07,completed,3,120000.0
ORD002432,CUST02432,PRD0019,2025-07-18,Completed,1,32000.0
ORD002433,CUST02433,PRD0003,2026-08-02,completed,4,85000.0
ORD002434,CUST02434,PRD0019,2026-07-04,Completed,1,12750.0
ORD002435,CUST02435,PRD0023,2026-08-02,completed,1,21250.0
ORD002436,CUST02436,PRD0011,2026-05-06,completed,4,95000.0
ORD002437,CUST02437,PRD0006,2025-03-13,Pending,4,152000.0
ORD002438,CUST02438,PRD0021,2024-06-18,Cancelled,4,144000.0
ORD002439,CUST02439,PRD0030,2025-08-13,pending,4,13300.0
ORD002440,CUST02440,PRD0010,2024-05-19,completed,1,6000.0
ORD002441,CUST02441,PRD0001,2026-08-13,Pending,3,10500.0
ORD002442,CUST02442,PRD0001,2025-10-17,COMPLETED,5,100000.0
ORD002443,CUST02443,PRD0027,2025-02-07,Completed,3,342000.0
ORD002444,CUST02444,PRD0009,2024-11-04,,2,13500.0
ORD002445,CUST02445,PRD0006,2024-05-03,Completed,3,324000.0
ORD002446,CUST02446,PRD0005,2026-03-03,COMPLETED,2,30000.0
ORD002447,CUST02447,PRD0028,2026-02-04,Completed,4,300000.0
ORD002448,CUST02448,PRD0020,2025-08-26,Completed,5,45000.0
ORD002449,CUST02449,PRD0003,2024-03-18,Completed,5,33750.0
ORD002450,CUST02450,PRD0001,2025-08-11,Cancelled,5,16625.0
ORD002451,CUST02451,PRD0007,2025-04-24,completed,3,38250.0
ORD002452,CUST02452,PRD0012,2024-02-18,COMPLETED,4,20000.0
ORD002453,CUST02453,PRD0027,2026-03-30,pending,5,160000.0
ORD002454,CUST02454,PRD0023,2025-12-02,cancelled,4,384000.0
ORD002455,CUST02455,PRD0007,2025-06-05,Pending,3,15000.0
ORD002456,CUST02456,PRD0009,2026-05-12,Pending,3,202500.0
ORD002457,CUST02457,PRD0025,2025-09-22,Cancelled,4,128000.0
ORD002458,CUST02458,PRD0017,2025-09-22,completed,5,37500.0
ORD002459,CUST02459,PRD0020,2024-01-09,cancelled,3,27000.0
ORD002460,CUST02460,PRD0020,2026-07-02,Pending,4,144000.0
ORD002461,CUST02461,PRD0030,2026-02-12,pending,1,4750.0
ORD002462,CUST02462,PRD0028,2025-09-02,Completed,1,12750.0
ORD002463,CUST02463,PRD0029,2026-05-11,Pending,3,63750.0
ORD002464,CUST02464,PRD0018,2026-08-07,Pending,4,100000.0
ORD002465,CUST02465,PRD0021,2024-06-27,Returned,1,34000.0
ORD002466,CUST02466,PRD0009,2024-12-27,completed,4,90000.0
ORD002467,CUST02467,PRD0015,2024-12-17,Completed,1,2975.0
ORD002468,CUST02468,PRD0006,2024-02-15,COMPLETED,3,75000.0
ORD002469,CUST02469,PRD0013,2024-02-04,,3,75000.0
ORD002470,CUST02470,PRD0025,2025-07-29,cancelled,5,160000.0
ORD002471,CUST02471,PRD0029,2025-08-06,Returned,2,14250.0
ORD002472,CUST02472,PRD0015,2026-06-23,,4,16000.0
ORD002473,CUST02473,PRD0008,2026-03-29,Pending,5,337500.0
ORD002474,CUST02474,PRD0020,2024-10-24,completed,1,34000.0
ORD002475,CUST02475,PRD0002,2024-10-03,pending,1,8500.0
ORD002476,CUST02476,PRD0002,2025-09-29,Cancelled,1,96000.0
ORD002477,CUST02477,PRD0003,2025-06-13,Pending,3,27000.0
ORD002478,CUST02478,PRD0020,2025-05-12,COMPLETED,5,200000.0
ORD002479,CUST02479,PRD0004,2026-07-09,Completed,1,120000.0
ORD002480,CUST02480,PRD0016,2025-09-15,Pending,2,142500.0
ORD002481,CUST02481,PRD0008,2025-03-20,,5,180000.0
ORD002482,CUST02482,PRD0020,2024-07-16,completed,3,288000.0
ORD002483,CUST02483,PRD0026,2025-12-20,completed,2,5600.0
ORD002484,CUST02484,PRD0015,2025-08-27,Pending,4,152000.0
ORD002485,CUST02485,PRD0027,2024-04-19,completed,5,37500.0
ORD002486,CUST02486,PRD0009,2025-08-31,,4,30000.0
ORD002487,CUST02487,PRD0013,2025-06-28,Completed,4,28500.0
ORD002488,CUST02488,PRD0020,2025-03-07,Cancelled,4,30000.0
ORD002489,CUST02489,PRD0026,2024-02-26,Completed,1,36000.0
ORD002490,CUST02490,PRD0008,2024-09-27,Returned,5,118750.0
ORD002491,CUST02491,PRD0001,2024-03-07,,5,15750.0
ORD002492,CUST02492,PRD0030,2025-03-28,Pending,4,28500.0
ORD002493,CUST02493,PRD0026,2026-05-25,completed,2,6650.0
ORD002494,CUST02494,PRD0022,2025-07-20,,3,14250.0
ORD002495,CUST02495,PRD0001,2025-11-21,completed,4,25500.0
ORD002496,CUST02496,PRD0016,2026-08-21,Completed,3,102000.0
ORD002497,CUST02497,PRD0001,2026-03-13,Cancelled,4,128000.0
ORD002498,CUST02498,PRD0029,2025-02-20,completed,3,10500.0
ORD002499,CUST02499,PRD0022,2025-09-26,Completed,4,300000.0
ORD002500,CUST02500,PRD0006,2026-04-02,Pending,2,12000.0
ORD002501,CUST02501,PRD0023,2024-06-09,COMPLETED,3,20250.0
ORD002502,CUST02502,PRD0025,2024-09-02,pending,2,28500.0
ORD002503,CUST02503,PRD0008,2024-11-07,Completed,4,57000.0
ORD002504,CUST02504,PRD0025,2024-08-03,Pending,2,216000.0
ORD002505,CUST02505,PRD0013,2024-02-18,Cancelled,3,324000.0
ORD002506,CUST02506,PRD0015,2024-01-16,Pending,2,25500.0
ORD002507,CUST02507,PRD0008,2024-01-16,Completed,3,202500.0
ORD002508,CUST02508,PRD0011,2024-07-30,Completed,3,213750.0
ORD002509,CUST02509,PRD0013,2024-02-22,Cancelled,3,75000.0
ORD002510,CUST02510,PRD0026,2026-01-20,Completed,2,5950.0
ORD002511,CUST02511,PRD0012,2025-02-20,Completed,5,118750.0
ORD002512,CUST02512,PRD0018,2025-07-17,COMPLETED,5,160000.0
ORD002513,CUST02513,PRD0003,2026-02-27,pending,4,30000.0
ORD002514,CUST02514,PRD0008,2026-03-15,COMPLETED,1,6375.0
ORD002515,CUST02515,PRD0029,2025-01-22,completed,1,75000.0
ORD002516,CUST02516,PRD0007,2025-11-03,,1,40000.0
ORD002517,CUST02517,PRD0003,2024-01-01,Completed,3,12750.0
ORD002518,CUST02518,PRD0015,2025-11-12,Completed,5,570000.0
ORD002519,CUST02519,PRD0029,2025-05-06,Completed,5,540000.0
ORD002520,CUST02520,PRD0025,2024-01-31,Returned,4,144000.0
ORD002521,CUST02521,PRD0006,2025-11-28,Completed,4,384000.0
ORD002522,CUST02522,PRD0030,2025-03-08,completed,5,160000.0
ORD002523,CUST02523,PRD0016,2025-02-23,,5,40000.0
ORD002524,CUST02524,PRD0029,2024-09-04,COMPLETED,2,19000.0
ORD002525,CUST02525,PRD0003,2024-12-15,pending,4,144000.0
ORD002526,CUST02526,PRD0021,2026-03-04,,1,10000.0
ORD002527,CUST02527,PRD0006,2025-05-22,Completed,5,45000.0
ORD002528,CUST02528,PRD0016,2025-11-17,COMPLETED,5,570000.0
ORD002529,CUST02529,PRD0020,2026-05-21,Completed,2,80000.0
ORD002530,CUST02530,PRD0030,2024-10-30,Completed,1,108000.0
ORD002531,CUST02531,PRD0028,2026-08-24,pending,1,108000.0
ORD002532,CUST02532,PRD0014,2024-02-13,Cancelled,2,6650.0
ORD002533,CUST02533,PRD0003,2025-10-13,COMPLETED,2,68000.0
ORD002534,CUST02534,PRD0002,2025-02-24,cancelled,5,75000.0
ORD002535,CUST02535,PRD0010,2025-09-18,Returned,2,5600.0
ORD002536,CUST02536,PRD0026,2025-08-03,Cancelled,1,71250.0
ORD002537,CUST02537,PRD0020,2024-04-22,,2,135000.0
ORD002538,CUST02538,PRD0023,2024-11-16,Cancelled,1,114000.0
ORD002539,CUST02539,PRD0010,2025-01-26,Completed,1,7125.0
ORD002540,CUST02540,PRD0025,2024-10-07,completed,3,288000.0
ORD002541,CUST02541,PRD0011,2025-10-25,cancelled,5,35625.0
ORD002542,CUST02542,PRD0006,2026-07-27,Cancelled,1,3325.0
ORD002543,CUST02543,PRD0005,2024-04-20,,3,13500.0
ORD002544,CUST02544,PRD0011,2025-01-29,Pending,5,45000.0
ORD002545,CUST02545,PRD0022,2025-06-30,Completed,3,10500.0
ORD002546,CUST02546,PRD0029,2024-01-24,COMPLETED,2,9000.0
ORD002547,CUST02547,PRD0011,2024-05-23,Completed,2,7000.0
ORD002548,CUST02548,PRD0012,2024-01-02,Completed,3,21375.0
ORD002549,CUST02549,PRD0007,2026-01-24,Completed,3,114000.0
ORD002550,CUST02550,PRD0009,2025-08-12,Completed,3,213750.0
ORD002551,CUST02551,PRD0019,2025-04-16,completed,5,23750.0
ORD002552,CUST02552,PRD0022,2026-05-18,Completed,1,7125.0
ORD002553,CUST02553,PRD0014,2025-09-14,completed,1,60000.0
ORD002554,CUST02554,PRD0020,2024-02-13,Completed,5,20000.0
ORD002555,CUST02555,PRD0017,2025-01-13,Completed,4,100000.0
ORD002556,CUST02556,PRD0002,2026-03-31,Completed,5,356250.0
ORD002557,CUST02557,PRD0025,2026-01-13,pending,4,34000.0
ORD002558,CUST02558,PRD0012,2025-04-19,COMPLETED,2,16000.0
ORD002559,CUST02559,PRD0009,2024-09-08,Returned,4,432000.0
ORD002560,CUST02560,PRD0024,2025-09-22,cancelled,4,11900.0
ORD002561,CUST02561,PRD0023,2026-03-23,Cancelled,4,408000.0
ORD002562,CUST02562,PRD0022,2026-02-15,,4,14000.0
ORD002563,CUST02563,PRD0022,2026-06-28,Completed,3,45000.0
ORD002564,CUST02564,PRD0007,2026-08-27,pending,5,16625.0
ORD002565,CUST02565,PRD0016,2025-12-06,Cancelled,3,30000.0
ORD002566,CUST02566,PRD0026,2026-02-15,Returned,4,270000.0
ORD002567,CUST02567,PRD0021,2026-05-16,Returned,3,8400.0
ORD002568,CUST02568,PRD0009,2024-04-14,Completed,2,5950.0
ORD002569,CUST02569,PRD0007,2024-08-03,pending,4,285000.0
ORD002570,CUST02570,PRD0008,2026-05-20,completed,5,23750.0
ORD002571,CUST02571,PRD0027,2025-08-30,Cancelled,3,30000.0
ORD002572,CUST02572,PRD0010,2026-02-26,completed,5,160000.0
ORD002573,CUST02573,PRD0007,2026-08-29,Completed,5,600000.0
ORD002574,CUST02574,PRD0017,2025-12-04,Completed,2,142500.0
ORD002575,CUST02575,PRD0004,2024-03-12,Completed,1,32000.0
ORD002576,CUST02576,PRD0017,2024-04-07,,4,144000.0
ORD002577,CUST02577,PRD0024,2026-06-17,Completed,3,288000.0
ORD002578,CUST02578,PRD0008,2025-11-07,Completed,2,64000.0
ORD002579,CUST02579,PRD0007,2025-06-04,Returned,3,96000.0
ORD002580,CUST02580,PRD0024,2025-02-17,Completed,5,17500.0
ORD002581,CUST02581,PRD0025,2026-01-31,,5,71250.0
ORD002582,CUST02582,PRD0028,2024-01-24,pending,1,13500.0
ORD002583,CUST02583,PRD0011,2026-03-22,Completed,4,100000.0
ORD002584,CUST02584,PRD0025,2024-05-04,Completed,5,63750.0
ORD002585,CUST02585,PRD0015,2024-09-21,Pending,4,456000.0
ORD002586,CUST02586,PRD0011,2024-03-04,COMPLETED,1,102000.0
ORD002587,CUST02587,PRD0023,2024-01-05,Completed,4,36000.0
ORD002588,CUST02588,PRD0024,2024-05-27,,2,12750.0
ORD002589,CUST02589,PRD0022,2025-10-28,cancelled,4,300000.0
ORD002590,CUST02590,PRD0028,2024-09-26,Completed,3,9450.0
ORD002591,CUST02591,PRD0022,2025-09-21,Returned,3,9450.0
ORD002592,CUST02592,PRD0025,2024-05-08,Completed,2,8500.0
ORD002593,CUST02593,PRD0009,2024-02-25,,4,60000.0
ORD002594,CUST02594,PRD0011,2024-06-10,Cancelled,4,28500.0
ORD002595,CUST02595,PRD0014,2024-02-13,Completed,4,40000.0
ORD002596,CUST02596,PRD0007,2024-08-17,,2,30000.0
ORD002597,CUST02597,PRD0009,2025-06-01,completed,3,67500.0
ORD002598,CUST02598,PRD0002,2024-07-09,,1,114000.0
ORD002599,CUST02599,PRD0002,2026-01-16,Completed,4,255000.0
ORD002600,CUST02600,PRD0008,2025-02-28,Pending,5,37500.0
ORD002601,CUST02601,PRD0022,2026-02-23,,2,40000.0
ORD002602,CUST02602,PRD0029,2024-01-22,Completed,4,300000.0
ORD002603,CUST02603,PRD0009,2025-11-09,COMPLETED,5,15750.0
ORD002604,CUST02604,PRD0007,2024-06-21,Cancelled,5,20000.0
ORD002605,CUST02605,PRD0024,2026-06-02,completed,2,135000.0
ORD002606,CUST02606,PRD0022,2026-07-22,Completed,4,57000.0
ORD002607,CUST02607,PRD0022,2026-07-18,Pending,3,75000.0
ORD002608,CUST02608,PRD0029,2025-04-29,Completed,2,5950.0
ORD002609,CUST02609,PRD0019,2025-09-26,completed,4,300000.0
ORD002610,CUST02610,PRD0008,2024-03-22,COMPLETED,2,25500.0
ORD002611,CUST02611,PRD0003,2024-08-23,cancelled,1,8500.0
ORD002612,CUST02612,PRD0004,2025-02-22,Cancelled,1,40000.0
ORD002613,CUST02613,PRD0027,2026-01-08,pending,3,63750.0
ORD002614,CUST02614,PRD0003,2025-10-02,,4,51000.0
ORD002615,CUST02615,PRD0015,2025-01-21,Completed,5,31875.0
ORD002616,CUST02616,PRD0017,2026-05-10,Cancelled,3,202500.0
ORD002617,CUST02617,PRD0006,2024-09-18,Completed,3,360000.0
ORD002618,CUST02618,PRD0012,2025-01-01,completed,5,20000.0
ORD002619,CUST02619,PRD0008,2025-08-10,completed,1,5000.0
ORD002620,CUST02620,PRD0017,2026-07-30,Pending,4,300000.0
ORD002621,CUST02621,PRD0009,2026-03-06,Cancelled,3,27000.0
ORD002622,CUST02622,PRD0027,2025-08-16,Cancelled,3,191250.0
ORD002623,CUST02623,PRD0018,2026-07-08,Pending,5,600000.0
ORD002624,CUST02624,PRD0028,2024-03-04,COMPLETED,1,23750.0
ORD002625,CUST02625,PRD0029,2024-10-27,completed,5,160000.0
ORD002626,CUST02626,PRD0028,2024-08-03,cancelled,5,180000.0
ORD002627,CUST02627,PRD0006,2025-06-14,,2,135000.0
ORD002628,CUST02628,PRD0017,2024-01-21,,4,480000.0
ORD002629,CUST02629,PRD0001,2025-06-08,Completed,1,6375.0
ORD002630,CUST02630,PRD0002,2024-04-09,Pending,5,25000.0
ORD002631,CUST02631,PRD0026,2025-01-06,completed,3,36000.0
ORD002632,CUST02632,PRD0001,2025-04-08,Completed,4,11900.0
ORD002633,CUST02633,PRD0011,2024-11-26,Cancelled,3,342000.0
ORD002634,CUST02634,PRD0003,2026-07-10,pending,3,30000.0
ORD002635,CUST02635,PRD0010,2025-01-24,,1,71250.0
ORD002636,CUST02636,PRD0025,2024-07-13,completed,2,80000.0
ORD002637,CUST02637,PRD0029,2024-01-09,Pending,2,27000.0
ORD002638,CUST02638,PRD0004,2025-09-29,cancelled,5,63750.0
ORD002639,CUST02639,PRD0009,2026-01-25,Completed,1,9500.0
ORD002640,CUST02640,PRD0025,2024-04-04,,2,27000.0
ORD002641,CUST02641,PRD0026,2026-05-28,Completed,1,10000.0
ORD002642,CUST02642,PRD0017,2025-01-14,cancelled,3,38250.0
ORD002643,CUST02643,PRD0008,2025-10-04,Cancelled,3,27000.0
ORD002644,CUST02644,PRD0010,2025-05-29,Completed,5,17500.0
ORD002645,CUST02645,PRD0029,2026-01-05,,3,9975.0
ORD002646,CUST02646,PRD0007,2025-09-05,Cancelled,1,6000.0
ORD002647,CUST02647,PRD0005,2024-10-22,completed,2,40000.0
ORD002648,CUST02648,PRD0018,2024-08-03,Completed,1,10000.0
ORD002649,CUST02649,PRD0001,2026-04-28,Completed,4,270000.0
ORD002650,CUST02650,PRD0011,2026-08-17,Completed,5,160000.0
ORD002651,CUST02651,PRD0014,2025-11-18,COMPLETED,4,28500.0
ORD002652,CUST02652,PRD0010,2024-12-06,cancelled,5,25000.0
ORD002653,CUST02653,PRD0016,2024-08-27,pending,4,28500.0
ORD002654,CUST02654,PRD0030,2024-03-30,,4,16000.0
ORD002655,CUST02655,PRD0008,2026-08-07,completed,4,18000.0
ORD002656,CUST02656,PRD0011,2025-03-26,completed,3,306000.0
ORD002657,CUST02657,PRD0005,2025-07-02,completed,4,90000.0
ORD002658,CUST02658,PRD0009,2024-07-26,Cancelled,1,5000.0
ORD002659,CUST02659,PRD0003,2025-04-20,Completed,3,60000.0
ORD002660,CUST02660,PRD0016,2025-05-05,Completed,1,3150.0
ORD002661,CUST02661,PRD0004,2025-07-21,,1,6375.0
ORD002662,CUST02662,PRD0002,2025-09-27,Pending,1,15000.0
ORD002663,CUST02663,PRD0011,2024-12-05,Pending,5,375000.0
ORD002664,CUST02664,PRD0017,2026-05-13,Completed,2,10000.0
ORD002665,CUST02665,PRD0011,2024-02-11,completed,5,15750.0
ORD002666,CUST02666,PRD0030,2025-05-29,completed,4,100000.0
ORD002667,CUST02667,PRD0016,2025-10-13,COMPLETED,5,33750.0
ORD002668,CUST02668,PRD0009,2024-07-06,Returned,2,6650.0
ORD002669,CUST02669,PRD0024,2024-10-14,completed,3,102000.0
ORD002670,CUST02670,PRD0005,2024-04-01,,5,60000.0
ORD002671,CUST02671,PRD0014,2025-12-08,Completed,5,106250.0
ORD002672,CUST02672,PRD0028,2026-04-18,Completed,2,24000.0
ORD002673,CUST02673,PRD0017,2024-07-08,completed,3,108000.0
ORD002674,CUST02674,PRD0018,2024-08-12,COMPLETED,5,42500.0
ORD002675,CUST02675,PRD0024,2024-10-10,COMPLETED,3,38250.0
ORD002676,CUST02676,PRD0004,2024-08-21,,4,57000.0
ORD002677,CUST02677,PRD0012,2025-08-02,Completed,3,324000.0
ORD002678,CUST02678,PRD0026,2025-07-03,pending,2,12000.0
ORD002679,CUST02679,PRD0026,2025-02-18,Completed,4,13300.0
ORD002680,CUST02680,PRD0029,2024-11-30,COMPLETED,2,204000.0
ORD002681,CUST02681,PRD0007,2024-05-04,,1,8500.0
ORD002682,CUST02682,PRD0021,2026-06-20,cancelled,5,356250.0
ORD002683,CUST02683,PRD0022,2025-07-08,COMPLETED,5,125000.0
ORD002684,CUST02684,PRD0030,2024-07-07,cancelled,1,8500.0
ORD002685,CUST02685,PRD0004,2025-07-22,Completed,3,21375.0
ORD002686,CUST02686,PRD0007,2025-11-22,Returned,5,47500.0
ORD002687,CUST02687,PRD0001,2024-12-25,completed,4,160000.0
ORD002688,CUST02688,PRD0011,2025-03-28,Cancelled,2,25500.0
ORD002689,CUST02689,PRD0029,2024-08-07,Cancelled,3,225000.0
ORD002690,CUST02690,PRD0025,2024-09-01,COMPLETED,5,112500.0
ORD002691,CUST02691,PRD0016,2024-03-30,Completed,2,20000.0
ORD002692,CUST02692,PRD0017,2025-10-01,COMPLETED,4,456000.0
ORD002693,CUST02693,PRD0001,2026-03-25,Completed,5,30000.0
ORD002694,CUST02694,PRD0011,2024-07-01,Cancelled,3,202500.0
ORD002695,CUST02695,PRD0025,2024-09-15,Returned,5,510000.0
ORD002696,CUST02696,PRD0019,2024-07-02,Cancelled,5,50000.0
ORD002697,CUST02697,PRD0024,2025-02-10,,3,114000.0
ORD002698,CUST02698,PRD0012,2026-07-24,cancelled,2,25500.0
ORD002699,CUST02699,PRD0022,2024-05-02,completed,5,37500.0
ORD002700,CUST02700,PRD0013,2025-07-27,Pending,3,213750.0
ORD002701,CUST02701,PRD0025,2026-01-16,Returned,4,152000.0
ORD002702,CUST02702,PRD0022,2025-08-29,completed,2,76000.0
ORD002703,CUST02703,PRD0001,2026-05-07,cancelled,2,5950.0
ORD002704,CUST02704,PRD0008,2025-09-26,Returned,4,54000.0
ORD002705,CUST02705,PRD0006,2025-08-03,Completed,3,10500.0
ORD002706,CUST02706,PRD0004,2025-12-28,completed,2,64000.0
ORD002707,CUST02707,PRD0018,2024-04-19,Returned,1,25000.0
ORD002708,CUST02708,PRD0021,2024-04-27,cancelled,4,11200.0
ORD002709,CUST02709,PRD0020,2024-12-24,Completed,5,35625.0
ORD002710,CUST02710,PRD0018,2025-10-30,Pending,4,40000.0
ORD002711,CUST02711,PRD0009,2025-01-09,Completed,4,32000.0
ORD002712,CUST02712,PRD0026,2024-04-06,Cancelled,3,20250.0
ORD002713,CUST02713,PRD0009,2026-03-18,Completed,5,337500.0
ORD002714,CUST02714,PRD0007,2024-12-14,Returned,5,375000.0
ORD002715,CUST02715,PRD0007,2025-10-12,Returned,2,7000.0
ORD002716,CUST02716,PRD0004,2024-07-15,Completed,5,356250.0
ORD002717,CUST02717,PRD0013,2024-05-10,pending,3,18000.0
ORD002718,CUST02718,PRD0003,2026-01-10,COMPLETED,1,15000.0
ORD002719,CUST02719,PRD0027,2024-12-21,pending,5,22500.0
ORD002720,CUST02720,PRD0005,2024-10-28,completed,3,202500.0
ORD002721,CUST02721,PRD0026,2024-11-30,Completed,4,54000.0
ORD002722,CUST02722,PRD0008,2026-06-22,,3,30000.0
ORD002723,CUST02723,PRD0019,2026-07-05,pending,1,4250.0
ORD002724,CUST02724,PRD0003,2025-12-30,COMPLETED,3,191250.0
ORD002725,CUST02725,PRD0030,2024-01-27,Cancelled,2,30000.0
ORD002726,CUST02726,PRD0009,2026-05-20,completed,2,6650.0
ORD002727,CUST02727,PRD0007,2024-05-15,Pending,2,204000.0
ORD002728,CUST02728,PRD0002,2025-07-01,completed,3,108000.0
ORD002729,CUST02729,PRD0004,2026-06-02,,3,45000.0
ORD002730,CUST02730,PRD0025,2024-05-31,Completed,2,6300.0
ORD002731,CUST02731,PRD0009,2024-04-24,Completed,3,114000.0
ORD002732,CUST02732,PRD0010,2025-01-08,,2,9500.0
ORD002733,CUST02733,PRD0001,2026-08-11,Cancelled,4,13300.0
ORD002734,CUST02734,PRD0008,2025-09-09,Returned,1,34000.0
ORD002735,CUST02735,PRD0003,2025-12-26,Pending,2,42500.0
ORD002736,CUST02736,PRD0029,2025-07-22,cancelled,3,18000.0
ORD002737,CUST02737,PRD0029,2025-03-31,cancelled,5,190000.0
ORD002738,CUST02738,PRD0018,2026-04-30,,5,75000.0
ORD002739,CUST02739,PRD0017,2024-10-25,pending,2,127500.0
ORD002740,CUST02740,PRD0017,2026-06-18,completed,4,285000.0
ORD002741,CUST02741,PRD0008,2024-03-11,Completed,5,16625.0
ORD002742,CUST02742,PRD0011,2026-01-29,Returned,5,17500.0
ORD002743,CUST02743,PRD0020,2025-08-20,Pending,1,67500.0
ORD002744,CUST02744,PRD0013,2025-02-09,Pending,1,34000.0
ORD002745,CUST02745,PRD0030,2024-07-27,Pending,2,216000.0
ORD002746,CUST02746,PRD0028,2024-07-22,,4,384000.0
ORD002747,CUST02747,PRD0015,2025-03-03,completed,4,51000.0
ORD002748,CUST02748,PRD0002,2026-03-24,Completed,1,20000.0
ORD002749,CUST02749,PRD0008,2026-06-12,Completed,2,50000.0
ORD002750,CUST02750,PRD0026,2024-04-27,Completed,2,127500.0
ORD002751,CUST02751,PRD0011,2024-01-14,,4,17000.0
ORD002752,CUST02752,PRD0001,2025-02-19,Completed,4,30000.0
ORD002753,CUST02753,PRD0019,2025-06-26,completed,1,108000.0
ORD002754,CUST02754,PRD0021,2026-01-22,,4,38000.0
ORD002755,CUST02755,PRD0001,2025-10-15,Completed,3,9450.0
ORD002756,CUST02756,PRD0014,2025-09-13,COMPLETED,3,20250.0
ORD002757,CUST02757,PRD0002,2025-03-25,completed,1,71250.0
ORD002758,CUST02758,PRD0011,2024-11-02,pending,3,225000.0
ORD002759,CUST02759,PRD0020,2025-09-01,Completed,3,22500.0
ORD002760,CUST02760,PRD0009,2024-10-28,Completed,4,152000.0
ORD002761,CUST02761,PRD0001,2025-06-18,Completed,5,125000.0
ORD002762,CUST02762,PRD0027,2026-07-30,Cancelled,2,7000.0
ORD002763,CUST02763,PRD0012,2025-05-02,completed,3,25500.0
ORD002764,CUST02764,PRD0003,2025-03-02,cancelled,3,191250.0
ORD002765,CUST02765,PRD0004,2026-07-23,Completed,2,192000.0
ORD002766,CUST02766,PRD0016,2024-04-10,Pending,5,45000.0
ORD002767,CUST02767,PRD0027,2024-05-02,Pending,2,135000.0
ORD002768,CUST02768,PRD0004,2024-07-21,,4,11200.0
ORD002769,CUST02769,PRD0001,2026-08-25,Completed,1,6000.0
ORD002770,CUST02770,PRD0005,2025-10-25,Completed,1,60000.0
ORD002771,CUST02771,PRD0007,2024-03-13,,3,60000.0
ORD002772,CUST02772,PRD0027,2026-01-24,Returned,2,9000.0
ORD002773,CUST02773,PRD0024,2024-05-16,Completed,4,48000.0
ORD002774,CUST02774,PRD0003,2024-03-23,Pending,4,27000.0
ORD002775,CUST02775,PRD0022,2024-08-16,Pending,1,8500.0
ORD002776,CUST02776,PRD0017,2024-05-18,Returned,5,125000.0
ORD002777,CUST02777,PRD0026,2024-03-03,pending,3,9975.0
ORD002778,CUST02778,PRD0016,2026-01-22,Completed,2,15000.0
ORD002779,CUST02779,PRD0002,2026-03-17,cancelled,1,38000.0
ORD002780,CUST02780,PRD0020,2026-01-08,,5,31875.0
ORD002781,CUST02781,PRD0023,2025-11-11,completed,2,5600.0
ORD002782,CUST02782,PRD0007,2026-02-26,Completed,3,96000.0
ORD002783,CUST02783,PRD0011,2026-01-28,Cancelled,2,12750.0
ORD002784,CUST02784,PRD0006,2024-05-24,Cancelled,4,51000.0
ORD002785,CUST02785,PRD0030,2025-07-05,Completed,1,32000.0
ORD002786,CUST02786,PRD0013,2026-07-16,cancelled,1,75000.0
ORD002787,CUST02787,PRD0001,2025-02-04,Completed,3,288000.0
ORD002788,CUST02788,PRD0027,2025-12-02,COMPLETED,4,255000.0
ORD002789,CUST02789,PRD0012,2025-01-28,pending,5,318750.0
ORD002790,CUST02790,PRD0027,2025-10-04,,4,80000.0
ORD002791,CUST02791,PRD0023,2024-01-07,Completed,4,17000.0
ORD002792,CUST02792,PRD0023,2026-04-13,completed,5,112500.0
ORD002793,CUST02793,PRD0020,2026-01-15,Completed,2,13500.0
ORD002794,CUST02794,PRD0005,2025-03-26,pending,2,24000.0
ORD002795,CUST02795,PRD0024,2025-04-24,,5,17500.0
ORD002796,CUST02796,PRD0019,2024-05-18,Pending,1,34000.0
ORD002797,CUST02797,PRD0018,2026-05-09,COMPLETED,5,510000.0
ORD002798,CUST02798,PRD0019,2024-04-02,Cancelled,4,432000.0
ORD002799,CUST02799,PRD0003,2024-06-02,COMPLETED,2,12750.0
ORD002800,CUST02800,PRD0028,2024-04-07,cancelled,5,510000.0
ORD002801,CUST02801,PRD0015,2025-06-17,cancelled,2,12750.0
ORD002802,CUST02802,PRD0024,2026-01-23,,2,12000.0
ORD002803,CUST02803,PRD0029,2024-05-11,Completed,3,36000.0
ORD002804,CUST02804,PRD0008,2024-12-04,pending,4,48000.0
ORD002805,CUST02805,PRD0002,2026-03-30,Pending,1,114000.0
ORD002806,CUST02806,PRD0002,2025-02-26,cancelled,2,12750.0
ORD002807,CUST02807,PRD0023,2024-12-09,completed,4,16000.0
ORD002808,CUST02808,PRD0028,2025-08-16,Returned,3,120000.0
ORD002809,CUST02809,PRD0020,2026-07-24,Pending,5,33750.0
ORD002810,CUST02810,PRD0025,2026-04-08,COMPLETED,2,17000.0
ORD002811,CUST02811,PRD0022,2024-03-29,,3,360000.0
ORD002812,CUST02812,PRD0004,2025-08-01,Cancelled,5,540000.0
ORD002813,CUST02813,PRD0014,2026-08-11,pending,5,200000.0
ORD002814,CUST02814,PRD0026,2024-08-26,Completed,5,112500.0
ORD002815,CUST02815,PRD0008,2026-06-20,Returned,1,8000.0
ORD002816,CUST02816,PRD0019,2026-02-24,Completed,1,9500.0
ORD002817,CUST02817,PRD0008,2025-03-03,Completed,4,270000.0
ORD002818,CUST02818,PRD0002,2026-03-13,,2,228000.0
ORD002819,CUST02819,PRD0021,2025-08-01,Completed,2,72000.0
ORD002820,CUST02820,PRD0013,2025-09-29,Cancelled,1,8500.0
ORD002821,CUST02821,PRD0008,2024-03-14,COMPLETED,3,13500.0
ORD002822,CUST02822,PRD0018,2025-07-26,pending,2,64000.0
ORD002823,CUST02823,PRD0008,2026-06-27,Returned,1,10000.0
ORD002824,CUST02824,PRD0023,2026-08-07,completed,2,6650.0
ORD002825,CUST02825,PRD0010,2025-06-13,cancelled,1,5000.0
ORD002826,CUST02826,PRD0024,2024-07-15,completed,5,30000.0
ORD002827,CUST02827,PRD0013,2025-04-09,cancelled,5,35625.0
ORD002828,CUST02828,PRD0007,2024-09-18,completed,4,18000.0
ORD002829,CUST02829,PRD0027,2024-04-12,Pending,4,57000.0
ORD002830,CUST02830,PRD0026,2024-04-27,Completed,5,300000.0
ORD002831,CUST02831,PRD0021,2025-07-29,,4,100000.0
ORD002832,CUST02832,PRD0017,2026-01-25,cancelled,4,38000.0
ORD002833,CUST02833,PRD0015,2024-06-06,Completed,5,42500.0
ORD002834,CUST02834,PRD0012,2025-12-05,,5,510000.0
ORD002835,CUST02835,PRD0024,2025-11-07,cancelled,2,47500.0
ORD002836,CUST02836,PRD0028,2024-02-23,completed,5,30000.0
ORD002837,CUST02837,PRD0015,2024-03-24,cancelled,3,288000.0
ORD002838,CUST02838,PRD0003,2024-09-30,COMPLETED,2,18000.0
ORD002839,CUST02839,PRD0027,2024-04-16,Completed,1,32000.0
ORD002840,CUST02840,PRD0026,2026-01-11,Completed,1,6750.0
ORD002841,CUST02841,PRD0007,2025-02-09,Cancelled,4,17000.0
ORD002842,CUST02842,PRD0015,2025-08-11,,5,318750.0
ORD002843,CUST02843,PRD0021,2025-01-16,completed,4,270000.0
ORD002844,CUST02844,PRD0022,2025-03-01,,1,22500.0
ORD002845,CUST02845,PRD0029,2024-10-18,cancelled,1,40000.0
ORD002846,CUST02846,PRD0021,2024-10-18,Cancelled,2,142500.0
ORD002847,CUST02847,PRD0020,2024-05-15,,4,95000.0
ORD002848,CUST02848,PRD0011,2026-07-30,COMPLETED,2,16000.0
ORD002849,CUST02849,PRD0019,2026-05-29,Completed,5,75000.0
ORD002850,CUST02850,PRD0006,2025-08-11,Completed,5,67500.0
ORD002851,CUST02851,PRD0001,2024-01-03,,4,11900.0
ORD002852,CUST02852,PRD0007,2025-01-05,pending,2,42500.0
ORD002853,CUST02853,PRD0018,2024-03-03,Cancelled,2,18000.0
ORD002854,CUST02854,PRD0027,2025-04-08,completed,5,160000.0
ORD002855,CUST02855,PRD0008,2024-02-10,Pending,3,9450.0
ORD002856,CUST02856,PRD0012,2026-07-26,completed,1,63750.0
ORD002857,CUST02857,PRD0004,2024-03-18,cancelled,2,64000.0
ORD002858,CUST02858,PRD0012,2026-02-02,,1,67500.0
ORD002859,CUST02859,PRD0013,2025-08-30,completed,3,342000.0
ORD002860,CUST02860,PRD0008,2026-06-27,Completed,5,14875.0
ORD002861,CUST02861,PRD0013,2024-05-14,completed,4,32000.0
ORD002862,CUST02862,PRD0022,2024-05-13,Cancelled,4,48000.0
ORD002863,CUST02863,PRD0026,2026-06-13,cancelled,5,40000.0
ORD002864,CUST02864,PRD0010,2026-04-11,COMPLETED,3,38250.0
ORD002865,CUST02865,PRD0004,2025-11-24,Cancelled,3,45000.0
ORD002866,CUST02866,PRD0028,2025-03-05,,5,180000.0
ORD002867,CUST02867,PRD0007,2024-12-03,Completed,5,540000.0
ORD002868,CUST02868,PRD0007,2026-04-27,Pending,5,17500.0
ORD002869,CUST02869,PRD0013,2024-04-23,completed,1,40000.0
ORD002870,CUST02870,PRD0019,2024-06-18,completed,1,5000.0
ORD002871,CUST02871,PRD0026,2025-09-02,completed,5,30000.0
ORD002872,CUST02872,PRD0015,2025-06-05,Cancelled,4,25500.0
ORD002873,CUST02873,PRD0016,2025-04-07,,3,9975.0
ORD002874,CUST02874,PRD0023,2024-12-07,COMPLETED,1,13500.0
ORD002875,CUST02875,PRD0016,2024-03-13,COMPLETED,3,25500.0
ORD002876,CUST02876,PRD0026,2026-02-14,Cancelled,5,21250.0
ORD002877,CUST02877,PRD0027,2024-08-31,,4,255000.0
ORD002878,CUST02878,PRD0008,2026-05-12,Completed,4,456000.0
ORD002879,CUST02879,PRD0009,2025-09-02,Cancelled,1,32000.0
ORD002880,CUST02880,PRD0026,2024-10-15,pending,1,4750.0
ORD002881,CUST02881,PRD0020,2025-04-17,Completed,1,120000.0
ORD002882,CUST02882,PRD0016,2024-06-18,COMPLETED,3,38250.0
ORD002883,CUST02883,PRD0005,2024-05-16,Completed,3,21375.0
ORD002884,CUST02884,PRD0008,2025-04-01,Completed,5,45000.0
ORD002885,CUST02885,PRD0013,2026-07-02,Completed,5,300000.0
ORD002886,CUST02886,PRD0002,2024-08-05,,1,6750.0
ORD002887,CUST02887,PRD0021,2024-02-15,Pending,1,7125.0
ORD002888,CUST02888,PRD0007,2025-07-07,Completed,2,25500.0
ORD002889,CUST02889,PRD0008,2026-08-23,Cancelled,1,5000.0
ORD002890,CUST02890,PRD0010,2026-07-13,Completed,1,40000.0
ORD002891,CUST02891,PRD0023,2025-09-13,Completed,3,19125.0
ORD002892,CUST02892,PRD0024,2024-03-06,COMPLETED,3,75000.0
ORD002893,CUST02893,PRD0030,2025-11-29,pending,5,20000.0
ORD002894,CUST02894,PRD0006,2025-04-26,Returned,3,25500.0
ORD002895,CUST02895,PRD0030,2025-12-03,completed,4,11900.0
ORD002896,CUST02896,PRD0022,2025-07-02,completed,3,360000.0
ORD002897,CUST02897,PRD0008,2026-06-01,Returned,4,136000.0
ORD002898,CUST02898,PRD0025,2026-01-31,completed,2,16000.0
ORD002899,CUST02899,PRD0010,2026-06-18,completed,5,21250.0
ORD002900,CUST02900,PRD0008,2025-10-04,Completed,5,510000.0
ORD002901,CUST02901,PRD0002,2025-08-13,pending,3,24000.0
ORD002902,CUST02902,PRD0010,2024-01-20,Returned,4,480000.0
ORD002903,CUST02903,PRD0021,2025-07-28,completed,5,318750.0
ORD002904,CUST02904,PRD0003,2026-03-29,Completed,1,8000.0
ORD002905,CUST02905,PRD0011,2024-09-20,,3,9975.0
ORD002906,CUST02906,PRD0011,2024-05-10,COMPLETED,1,4500.0
ORD002907,CUST02907,PRD0011,2024-10-18,Completed,1,34000.0
ORD002908,CUST02908,PRD0014,2025-12-18,Completed,2,25500.0
ORD002909,CUST02909,PRD0007,2026-03-27,COMPLETED,4,36000.0
ORD002910,CUST02910,PRD0007,2024-07-13,,3,36000.0
ORD002911,CUST02911,PRD0014,2025-04-10,Completed,1,9000.0
ORD002912,CUST02912,PRD0020,2024-03-24,,2,28500.0
ORD002913,CUST02913,PRD0009,2026-08-04,cancelled,4,11200.0
ORD002914,CUST02914,PRD0014,2024-02-05,Cancelled,5,75000.0
ORD002915,CUST02915,PRD0027,2025-11-21,Completed,1,108000.0
ORD002916,CUST02916,PRD0006,2024-06-01,Completed,5,63750.0
ORD002917,CUST02917,PRD0028,2026-02-03,completed,2,16000.0
ORD002918,CUST02918,PRD0003,2026-03-11,Completed,2,18000.0
ORD002919,CUST02919,PRD0013,2024-09-23,cancelled,1,2800.0
ORD002920,CUST02920,PRD0003,2024-08-27,COMPLETED,5,33750.0
ORD002921,CUST02921,PRD0019,2025-06-20,pending,2,14250.0
ORD002922,CUST02922,PRD0023,2026-01-19,pending,1,38000.0
ORD002923,CUST02923,PRD0001,2024-10-19,Completed,2,50000.0
ORD002924,CUST02924,PRD0028,2024-04-17,completed,3,22500.0
ORD002925,CUST02925,PRD0012,2025-06-09,,1,3325.0
ORD002926,CUST02926,PRD0021,2025-07-20,,5,33750.0
ORD002927,CUST02927,PRD0029,2025-04-20,Completed,4,13300.0
ORD002928,CUST02928,PRD0024,2026-07-23,Cancelled,4,100000.0
ORD002929,CUST02929,PRD0023,2025-10-04,Cancelled,5,35625.0
ORD002930,CUST02930,PRD0006,2026-07-09,,2,30000.0
ORD002931,CUST02931,PRD0001,2025-05-20,Completed,5,17500.0
ORD002932,CUST02932,PRD0026,2024-12-20,,4,36000.0
ORD002933,CUST02933,PRD0009,2024-05-02,Returned,5,60000.0
ORD002934,CUST02934,PRD0005,2024-01-16,Cancelled,5,40000.0
ORD002935,CUST02935,PRD0019,2024-07-24,pending,5,190000.0
ORD002936,CUST02936,PRD0008,2024-06-13,Pending,4,30000.0
ORD002937,CUST02937,PRD0019,2024-11-25,pending,1,3500.0
ORD002938,CUST02938,PRD0014,2024-10-20,,2,45000.0
ORD002939,CUST02939,PRD0019,2024-10-02,Completed,1,4750.0
ORD002940,CUST02940,PRD0019,2025-11-26,Completed,2,14250.0
ORD002941,CUST02941,PRD0006,2025-08-16,,4,255000.0
ORD002942,CUST02942,PRD0002,2024-05-01,,1,2975.0
ORD002943,CUST02943,PRD0011,2025-01-23,Cancelled,3,213750.0
ORD002944,CUST02944,PRD0015,2025-03-20,Completed,3,27000.0
ORD002945,CUST02945,PRD0010,2026-01-03,COMPLETED,1,102000.0
ORD002946,CUST02946,PRD0012,2024-03-14,completed,2,17000.0
ORD002947,CUST02947,PRD0017,2026-01-04,Completed,2,135000.0
ORD002948,CUST02948,PRD0027,2024-07-03,Cancelled,2,50000.0
ORD002949,CUST02949,PRD0009,2025-04-21,Returned,4,160000.0
ORD002950,CUST02950,PRD0023,2024-05-08,,3,12750.0
ORD002951,CUST02951,PRD0012,2024-06-25,Completed,3,38250.0
ORD002952,CUST02952,PRD0004,2024-09-25,Completed,2,6300.0
ORD002953,CUST02953,PRD0020,2025-06-04,,2,40000.0
ORD002954,CUST02954,PRD0025,2026-07-07,cancelled,1,4250.0
ORD002955,CUST02955,PRD0015,2025-01-02,completed,2,9000.0
ORD002956,CUST02956,PRD0003,2025-02-17,Cancelled,1,40000.0
ORD002957,CUST02957,PRD0026,2024-04-08,,4,90000.0
ORD002958,CUST02958,PRD0013,2025-07-19,completed,1,4000.0
ORD002959,CUST02959,PRD0010,2025-12-25,cancelled,3,191250.0
ORD002960,CUST02960,PRD0019,2026-07-10,Cancelled,4,36000.0
ORD002961,CUST02961,PRD0013,2024-06-25,,3,27000.0
ORD002962,CUST02962,PRD0010,2024-09-27,,3,15000.0
ORD002963,CUST02963,PRD0009,2024-07-06,completed,4,60000.0
ORD002964,CUST02964,PRD0010,2024-12-11,Completed,4,384000.0
ORD002965,CUST02965,PRD0001,2026-07-18,completed,3,288000.0
ORD002966,CUST02966,PRD0015,2024-08-25,,1,34000.0
ORD002967,CUST02967,PRD0028,2024-04-25,Pending,4,20000.0
ORD002968,CUST02968,PRD0008,2025-07-27,Completed,1,40000.0
ORD002969,CUST02969,PRD0007,2025-12-01,Cancelled,2,27000.0
ORD002970,CUST02970,PRD0002,2024-02-07,COMPLETED,5,21250.0
ORD002971,CUST02971,PRD0030,2024-05-15,completed,2,24000.0
ORD002972,CUST02972,PRD0006,2026-06-21,pending,5,75000.0
ORD002973,CUST02973,PRD0025,2025-11-16,cancelled,2,216000.0
ORD002974,CUST02974,PRD0017,2026-04-20,cancelled,5,200000.0
ORD002975,CUST02975,PRD0023,2025-03-31,completed,5,23750.0
ORD002976,CUST02976,PRD0017,2025-12-27,Cancelled,4,16000.0
ORD002977,CUST02977,PRD0013,2024-05-31,Completed,5,300000.0
ORD002978,CUST02978,PRD0013,2026-05-12,,2,10000.0
ORD002979,CUST02979,PRD0012,2024-11-15,completed,3,38250.0
ORD002980,CUST02980,PRD0002,2025-11-06,cancelled,2,19000.0
ORD002981,CUST02981,PRD0005,2026-03-21,completed,5,35625.0
ORD002982,CUST02982,PRD0020,2024-08-07,Completed,5,106250.0
ORD002983,CUST02983,PRD0028,2026-01-07,Completed,2,30000.0
ORD002984,CUST02984,PRD0029,2025-07-30,Cancelled,2,8500.0
ORD002985,CUST02985,PRD0026,2025-09-02,,4,11200.0
ORD002986,CUST02986,PRD0017,2025-04-20,Completed,3,63750.0
ORD002987,CUST02987,PRD0018,2024-04-17,Returned,3,42750.0
ORD002988,CUST02988,PRD0023,2026-05-09,Completed,2,19000.0
ORD002989,CUST02989,PRD0013,2025-07-03,Completed,2,142500.0
ORD002990,CUST02990,PRD0010,2024-06-24,Completed,2,18000.0
ORD002991,CUST02991,PRD0018,2024-08-24,Returned,3,96000.0
ORD002992,CUST02992,PRD0002,2025-01-18,,2,72000.0
ORD002993,CUST02993,PRD0009,2025-10-24,Cancelled,2,5600.0
ORD002994,CUST02994,PRD0010,2026-01-01,cancelled,3,180000.0
ORD002995,CUST02995,PRD0013,2024-12-28,Cancelled,1,108000.0
ORD002996,CUST02996,PRD0006,2024-01-25,pending,4,36000.0
ORD002997,CUST02997,PRD0006,2026-02-16,Completed,1,120000.0
ORD002998,CUST02998,PRD0003,2024-05-28,Completed,4,32000.0
ORD002999,CUST02999,PRD0026,2024-06-26,cancelled,2,27000.0
ORD003000,CUST03000,PRD0025,2025-02-02,Cancelled,3,9975.0
ORD003001,CUST03001,PRD0016,2024-02-27,,1,120000.0
ORD003002,CUST03002,PRD0028,2025-06-15,cancelled,2,42500.0
ORD003003,CUST03003,PRD0024,2024-12-29,Completed,2,150000.0
ORD003004,CUST03004,PRD0021,2024-09-21,completed,2,45000.0
ORD003005,CUST03005,PRD0004,2024-02-22,Returned,4,240000.0
ORD003006,CUST03006,PRD0006,2025-04-28,cancelled,5,31875.0
ORD003007,CUST03007,PRD0020,2026-06-21,,2,7000.0
ORD003008,CUST03008,PRD0004,2025-01-06,Cancelled,1,102000.0
ORD003009,CUST03009,PRD0028,2026-05-06,Completed,2,42500.0
ORD003010,CUST03010,PRD0011,2024-11-15,Cancelled,4,24000.0
ORD003011,CUST03011,PRD0003,2025-08-30,Completed,1,75000.0
ORD003012,CUST03012,PRD0014,2024-11-29,Completed,1,5000.0
ORD003013,CUST03013,PRD0026,2024-01-29,Completed,1,8000.0
ORD003014,CUST03014,PRD0005,2025-12-17,Completed,3,9975.0
ORD003015,CUST03015,PRD0002,2024-08-13,Cancelled,4,144000.0
ORD003016,CUST03016,PRD0019,2024-01-13,completed,2,8500.0
ORD003017,CUST03017,PRD0026,2025-05-09,Completed,2,72000.0
ORD003018,CUST03018,PRD0016,2025-10-22,Cancelled,4,160000.0
ORD003019,CUST03019,PRD0009,2024-03-02,completed,4,20000.0
ORD003020,CUST03020,PRD0027,2025-03-17,,2,47500.0
ORD003021,CUST03021,PRD0027,2025-03-06,Completed,1,4250.0
ORD003022,CUST03022,PRD0003,2025-02-12,COMPLETED,4,11200.0
ORD003023,CUST03023,PRD0029,2024-04-22,,4,285000.0
ORD003024,CUST03024,PRD0015,2026-05-18,,4,30000.0
ORD003025,CUST03025,PRD0027,2024-04-29,,2,19000.0
ORD003026,CUST03026,PRD0004,2026-06-05,completed,5,35625.0
ORD003027,CUST03027,PRD0009,2026-04-19,,1,2975.0
ORD003028,CUST03028,PRD0030,2024-12-05,COMPLETED,1,7125.0
ORD003029,CUST03029,PRD0007,2025-12-29,pending,1,102000.0
ORD003030,CUST03030,PRD0013,2025-06-03,Completed,2,5600.0
ORD003031,CUST03031,PRD0018,2024-01-15,COMPLETED,2,10000.0
ORD003032,CUST03032,PRD0017,2026-01-17,,4,300000.0
ORD003033,CUST03033,PRD0028,2024-10-13,completed,2,20000.0
ORD003034,CUST03034,PRD0003,2026-07-19,completed,5,20000.0
ORD003035,CUST03035,PRD0019,2025-07-15,,4,60000.0
ORD003036,CUST03036,PRD0026,2024-03-09,Completed,1,6375.0
ORD003037,CUST03037,PRD0029,2024-03-14,pending,4,48000.0
ORD003038,CUST03038,PRD0009,2025-09-29,,3,40500.0
ORD003039,CUST03039,PRD0013,2024-08-23,cancelled,2,30000.0
ORD003040,CUST03040,PRD0023,2024-04-09,cancelled,1,3500.0
ORD003041,CUST03041,PRD0005,2024-12-02,completed,4,456000.0
ORD003042,CUST03042,PRD0027,2025-07-02,Pending,3,114000.0
ORD003043,CUST03043,PRD0005,2025-07-14,pending,2,30000.0
ORD003044,CUST03044,PRD0022,2026-07-21,Completed,1,4750.0
ORD003045,CUST03045,PRD0022,2026-04-11,Completed,2,240000.0
ORD003046,CUST03046,PRD0016,2024-03-22,Completed,1,102000.0
ORD003047,CUST03047,PRD0010,2025-12-09,Completed,4,32000.0
ORD003048,CUST03048,PRD0008,2024-09-04,Cancelled,1,36000.0
ORD003049,CUST03049,PRD0028,2024-07-20,Completed,1,4750.0
ORD003050,CUST03050,PRD0030,2024-11-17,completed,3,324000.0
ORD003051,CUST03051,PRD0022,2025-05-07,Returned,4,38000.0
ORD003052,CUST03052,PRD0023,2024-01-06,COMPLETED,4,17000.0
ORD003053,CUST03053,PRD0015,2025-02-04,Completed,5,125000.0
ORD003054,CUST03054,PRD0019,2025-10-05,COMPLETED,1,9500.0
ORD003055,CUST03055,PRD0029,2026-02-28,COMPLETED,1,36000.0
ORD003056,CUST03056,PRD0020,2024-12-18,Cancelled,5,375000.0
ORD003057,CUST03057,PRD0017,2024-09-08,cancelled,3,20250.0
ORD003058,CUST03058,PRD0004,2025-01-03,COMPLETED,1,15000.0
ORD003059,CUST03059,PRD0016,2024-06-24,,1,4250.0
ORD003060,CUST03060,PRD0027,2025-10-31,COMPLETED,4,36000.0
ORD003061,CUST03061,PRD0013,2025-09-27,Cancelled,1,67500.0
ORD003062,CUST03062,PRD0030,2025-02-14,,2,8000.0
ORD003063,CUST03063,PRD0012,2024-03-30,completed,1,71250.0
ORD003064,CUST03064,PRD0011,2024-01-09,completed,5,375000.0
ORD003065,CUST03065,PRD0005,2025-03-19,Completed,1,4250.0
ORD003066,CUST03066,PRD0009,2024-11-23,completed,4,13300.0
ORD003067,CUST03067,PRD0017,2025-07-23,Cancelled,4,18000.0
ORD003068,CUST03068,PRD0010,2026-03-14,completed,2,15000.0
ORD003069,CUST03069,PRD0007,2026-08-28,COMPLETED,5,510000.0
ORD003070,CUST03070,PRD0029,2026-04-19,Cancelled,3,20250.0
ORD003071,CUST03071,PRD0027,2024-09-03,completed,1,21250.0
ORD003072,CUST03072,PRD0003,2024-05-23,Completed,5,35625.0
ORD003073,CUST03073,PRD0008,2025-02-20,Pending,1,4750.0
ORD003074,CUST03074,PRD0008,2025-03-21,,5,75000.0
ORD003075,CUST03075,PRD0010,2025-06-09,Completed,2,76000.0
ORD003076,CUST03076,PRD0004,2024-03-05,completed,4,384000.0
ORD003077,CUST03077,PRD0007,2024-11-10,COMPLETED,5,106250.0
ORD003078,CUST03078,PRD0013,2025-08-06,Completed,4,136000.0
ORD003079,CUST03079,PRD0026,2025-04-14,,3,114000.0
ORD003080,CUST03080,PRD0022,2024-09-15,completed,5,60000.0
ORD003081,CUST03081,PRD0025,2024-05-28,completed,1,20000.0
ORD003082,CUST03082,PRD0011,2024-03-19,Completed,5,570000.0
ORD003083,CUST03083,PRD0004,2024-10-15,completed,2,150000.0
ORD003084,CUST03084,PRD0030,2024-02-06,,2,8000.0
ORD003085,CUST03085,PRD0020,2024-04-08,Completed,5,112500.0
ORD003086,CUST03086,PRD0027,2024-03-26,completed,1,63750.0
ORD003087,CUST03087,PRD0023,2026-07-18,cancelled,5,25000.0
ORD003088,CUST03088,PRD0017,2025-07-05,Cancelled,5,570000.0
ORD003089,CUST03089,PRD0004,2026-06-16,Returned,4,34000.0
ORD003090,CUST03090,PRD0009,2025-03-04,COMPLETED,2,12750.0
ORD003091,CUST03091,PRD0024,2024-08-17,Cancelled,2,24000.0
ORD003092,CUST03092,PRD0018,2026-05-26,completed,4,17000.0
ORD003093,CUST03093,PRD0027,2025-04-12,Cancelled,3,22500.0
ORD003094,CUST03094,PRD0030,2024-11-20,Completed,1,8000.0
ORD003095,CUST03095,PRD0018,2025-08-21,Completed,4,12600.0
ORD003096,CUST03096,PRD0014,2025-04-15,completed,5,200000.0
ORD003097,CUST03097,PRD0006,2025-09-07,completed,1,38000.0
ORD003098,CUST03098,PRD0017,2024-06-19,cancelled,2,204000.0
ORD003099,CUST03099,PRD0002,2024-11-21,Cancelled,1,38000.0
ORD003100,CUST03100,PRD0022,2025-06-20,cancelled,4,54000.0
ORD003101,CUST03101,PRD0014,2024-10-13,pending,3,360000.0
ORD003102,CUST03102,PRD0016,2024-07-26,pending,3,9975.0
ORD003103,CUST03103,PRD0028,2025-07-02,Pending,1,96000.0
ORD003104,CUST03104,PRD0022,2025-05-01,,2,12750.0
ORD003105,CUST03105,PRD0006,2026-07-10,,1,23750.0
ORD003106,CUST03106,PRD0014,2025-02-28,Completed,1,108000.0
ORD003107,CUST03107,PRD0016,2025-05-03,Completed,2,17000.0
ORD003108,CUST03108,PRD0009,2025-11-14,pending,1,8000.0
ORD003109,CUST03109,PRD0003,2026-06-03,completed,5,22500.0
ORD003110,CUST03110,PRD0006,2024-03-03,,1,6750.0
ORD003111,CUST03111,PRD0004,2026-04-18,Completed,1,108000.0
ORD003112,CUST03112,PRD0001,2025-05-05,,3,120000.0
ORD003113,CUST03113,PRD0016,2025-07-01,Pending,5,125000.0
ORD003114,CUST03114,PRD0022,2025-01-04,Completed,1,3150.0
ORD003115,CUST03115,PRD0005,2024-07-18,Completed,1,75000.0
ORD003116,CUST03116,PRD0003,2024-11-09,,3,30000.0
ORD003117,CUST03117,PRD0020,2024-05-27,COMPLETED,5,42500.0
ORD003118,CUST03118,PRD0004,2024-06-29,pending,4,160000.0
ORD003119,CUST03119,PRD0009,2024-06-20,COMPLETED,4,85000.0
ORD003120,CUST03120,PRD0012,2025-11-26,Cancelled,5,200000.0
ORD003121,CUST03121,PRD0019,2025-02-18,Cancelled,4,456000.0
ORD003122,CUST03122,PRD0013,2026-02-19,Cancelled,5,40000.0
ORD003123,CUST03123,PRD0002,2024-10-31,,4,27000.0
ORD003124,CUST03124,PRD0026,2025-03-22,Cancelled,3,45000.0
ORD003125,CUST03125,PRD0006,2025-06-27,cancelled,4,27000.0
ORD003126,CUST03126,PRD0030,2026-04-16,,4,12600.0
ORD003127,CUST03127,PRD0022,2025-02-09,completed,4,18000.0
ORD003128,CUST03128,PRD0010,2024-03-23,Pending,5,112500.0
ORD003129,CUST03129,PRD0016,2024-06-14,cancelled,3,342000.0
ORD003130,CUST03130,PRD0013,2025-06-13,cancelled,1,25000.0
ORD003131,CUST03131,PRD0029,2025-05-30,Pending,5,17500.0
ORD003132,CUST03132,PRD0011,2024-02-23,completed,3,36000.0
ORD003133,CUST03133,PRD0024,2024-03-15,Completed,2,8500.0
ORD003134,CUST03134,PRD0011,2025-11-18,Completed,1,23750.0
ORD003135,CUST03135,PRD0009,2024-08-27,Pending,5,63750.0
ORD003136,CUST03136,PRD0013,2024-08-09,pending,4,54000.0
ORD003137,CUST03137,PRD0007,2024-04-20,Completed,1,6000.0
ORD003138,CUST03138,PRD0013,2026-05-08,completed,4,300000.0
ORD003139,CUST03139,PRD0019,2025-08-17,Completed,4,38000.0
ORD003140,CUST03140,PRD0022,2024-06-23,Completed,5,23750.0
ORD003141,CUST03141,PRD0028,2026-07-12,completed,1,38000.0
ORD003142,CUST03142,PRD0010,2026-05-01,COMPLETED,2,120000.0
ORD003143,CUST03143,PRD0007,2024-10-23,,4,40000.0
ORD003144,CUST03144,PRD0027,2025-06-12,Pending,3,24000.0
ORD003145,CUST03145,PRD0023,2025-11-01,cancelled,2,24000.0
ORD003146,CUST03146,PRD0018,2024-12-30,Cancelled,3,63750.0
ORD003147,CUST03147,PRD0015,2024-12-29,Completed,5,31875.0
ORD003148,CUST03148,PRD0023,2024-05-23,Completed,5,20000.0
ORD003149,CUST03149,PRD0009,2025-05-02,cancelled,3,67500.0
ORD003150,CUST03150,PRD0023,2024-03-29,completed,2,50000.0
ORD003151,CUST03151,PRD0003,2025-08-17,Completed,3,28500.0
ORD003152,CUST03152,PRD0019,2026-06-03,COMPLETED,4,300000.0
ORD003153,CUST03153,PRD0023,2024-03-10,,4,90000.0
ORD003154,CUST03154,PRD0025,2026-01-27,Pending,2,9000.0
ORD003155,CUST03155,PRD0025,2026-03-04,Completed,2,228000.0
ORD003156,CUST03156,PRD0002,2026-07-13,Completed,3,14250.0
ORD003157,CUST03157,PRD0001,2026-05-08,Cancelled,4,11900.0
ORD003158,CUST03158,PRD0027,2025-09-08,Completed,5,47500.0
ORD003159,CUST03159,PRD0003,2026-01-28,Completed,4,28500.0
ORD003160,CUST03160,PRD0012,2024-12-10,completed,1,60000.0
ORD003161,CUST03161,PRD0011,2024-05-02,Completed,4,17000.0
ORD003162,CUST03162,PRD0004,2024-09-16,Returned,2,120000.0
ORD003163,CUST03163,PRD0023,2026-07-09,completed,5,170000.0
ORD003164,CUST03164,PRD0022,2026-08-25,Completed,1,20000.0
ORD003165,CUST03165,PRD0028,2025-01-26,Pending,4,34000.0
ORD003166,CUST03166,PRD0029,2025-06-24,Cancelled,5,23750.0
ORD003167,CUST03167,PRD0007,2024-08-22,completed,2,42500.0
ORD003168,CUST03168,PRD0015,2026-02-11,COMPLETED,4,480000.0
ORD003169,CUST03169,PRD0014,2026-02-26,,5,40000.0
ORD003170,CUST03170,PRD0013,2025-11-18,pending,3,63750.0
ORD003171,CUST03171,PRD0029,2025-01-15,Pending,3,15000.0
ORD003172,CUST03172,PRD0007,2026-08-09,Completed,3,63750.0
ORD003173,CUST03173,PRD0023,2025-11-06,Cancelled,4,28500.0
ORD003174,CUST03174,PRD0005,2024-05-07,COMPLETED,5,42500.0
ORD003175,CUST03175,PRD0029,2024-08-10,,4,11900.0
ORD003176,CUST03176,PRD0026,2026-01-17,COMPLETED,3,191250.0
ORD003177,CUST03177,PRD0028,2024-07-17,cancelled,2,30000.0
ORD003178,CUST03178,PRD0001,2024-07-22,cancelled,2,20000.0
ORD003179,CUST03179,PRD0026,2024-12-15,COMPLETED,1,6000.0
ORD003180,CUST03180,PRD0027,2025-04-09,cancelled,2,20000.0
ORD003181,CUST03181,PRD0009,2024-01-10,Cancelled,1,4750.0
ORD003182,CUST03182,PRD0023,2026-06-03,,1,3150.0
ORD003183,CUST03183,PRD0013,2026-06-23,completed,3,24000.0
ORD003184,CUST03184,PRD0027,2024-12-05,Pending,4,13300.0
ORD003185,CUST03185,PRD0015,2025-12-30,completed,2,10000.0
ORD003186,CUST03186,PRD0002,2025-01-04,cancelled,1,25000.0
ORD003187,CUST03187,PRD0018,2026-05-01,,5,23750.0
ORD003188,CUST03188,PRD0028,2025-09-29,cancelled,5,480000.0
ORD003189,CUST03189,PRD0001,2025-08-28,Cancelled,3,42750.0
ORD003190,CUST03190,PRD0019,2025-11-06,COMPLETED,2,13500.0
ORD003191,CUST03191,PRD0026,2025-10-12,completed,1,67500.0
ORD003192,CUST03192,PRD0022,2024-11-24,cancelled,3,14250.0
ORD003193,CUST03193,PRD0007,2025-01-10,completed,1,38000.0
ORD003194,CUST03194,PRD0001,2026-05-01,cancelled,3,102000.0
ORD003195,CUST03195,PRD0022,2026-03-02,,1,71250.0
ORD003196,CUST03196,PRD0022,2026-07-09,Completed,3,71250.0
ORD003197,CUST03197,PRD0018,2024-03-28,Completed,5,20000.0
ORD003198,CUST03198,PRD0003,2024-12-16,cancelled,3,96000.0
ORD003199,CUST03199,PRD0005,2024-01-30,pending,3,28500.0
ORD003200,CUST03200,PRD0013,2024-03-12,Completed,3,38250.0
ORD003201,CUST03201,PRD0014,2026-02-22,cancelled,2,12000.0
ORD003202,CUST03202,PRD0024,2026-08-07,Cancelled,4,12600.0
ORD003203,CUST03203,PRD0026,2025-12-03,Completed,1,5000.0
ORD003204,CUST03204,PRD0011,2025-04-24,completed,3,8400.0
ORD003205,CUST03205,PRD0016,2025-01-18,,4,80000.0
ORD003206,CUST03206,PRD0030,2026-01-08,Completed,5,170000.0
ORD003207,CUST03207,PRD0015,2024-02-14,Cancelled,5,63750.0
ORD003208,CUST03208,PRD0003,2024-03-10,Completed,1,67500.0
ORD003209,CUST03209,PRD0013,2025-11-10,Cancelled,1,6000.0
ORD003210,CUST03210,PRD0002,2025-07-19,,5,75000.0
ORD003211,CUST03211,PRD0030,2024-01-01,pending,4,25500.0
ORD003212,CUST03212,PRD0013,2026-04-02,Completed,5,23750.0
ORD003213,CUST03213,PRD0010,2025-02-26,completed,1,10000.0
ORD003214,CUST03214,PRD0004,2026-07-30,Completed,5,100000.0
ORD003215,CUST03215,PRD0021,2026-02-04,Returned,4,152000.0
ORD003216,CUST03216,PRD0010,2024-02-13,,2,76000.0
ORD003217,CUST03217,PRD0023,2025-10-10,pending,3,28500.0
ORD003218,CUST03218,PRD0026,2026-08-25,,5,63750.0
ORD003219,CUST03219,PRD0017,2024-08-23,completed,2,19000.0
ORD003220,CUST03220,PRD0007,2025-10-01,,2,7000.0
ORD003221,CUST03221,PRD0007,2026-07-14,completed,2,6300.0
ORD003222,CUST03222,PRD0022,2024-06-04,pending,5,50000.0
ORD003223,CUST03223,PRD0011,2026-05-30,COMPLETED,1,75000.0
ORD003224,CUST03224,PRD0010,2024-08-05,Completed,1,32000.0
ORD003225,CUST03225,PRD0025,2024-07-19,Completed,3,38250.0
ORD003226,CUST03226,PRD0010,2025-04-26,cancelled,4,54000.0
ORD003227,CUST03227,PRD0025,2024-01-13,Completed,1,4000.0
ORD003228,CUST03228,PRD0019,2025-02-26,,3,10500.0
ORD003229,CUST03229,PRD0020,2024-11-03,Completed,2,14250.0
ORD003230,CUST03230,PRD0010,2024-06-06,Cancelled,3,67500.0
ORD003231,CUST03231,PRD0017,2025-11-29,cancelled,3,21375.0
ORD003232,CUST03232,PRD0002,2025-09-22,Completed,4,285000.0
ORD003233,CUST03233,PRD0013,2024-12-21,,4,240000.0
ORD003234,CUST03234,PRD0027,2025-09-25,Cancelled,1,7500.0
ORD003235,CUST03235,PRD0008,2026-03-03,completed,1,22500.0
ORD003236,CUST03236,PRD0008,2024-12-16,Cancelled,2,17000.0
ORD003237,CUST03237,PRD0009,2025-11-24,Completed,2,40000.0
ORD003238,CUST03238,PRD0015,2024-09-07,Pending,2,6300.0
ORD003239,CUST03239,PRD0020,2024-11-15,,3,13500.0
ORD003240,CUST03240,PRD0001,2026-08-09,Completed,5,60000.0
ORD003241,CUST03241,PRD0030,2025-07-08,Cancelled,3,342000.0
ORD003242,CUST03242,PRD0015,2025-09-06,,4,80000.0
ORD003243,CUST03243,PRD0005,2026-08-08,completed,1,5000.0
ORD003244,CUST03244,PRD0016,2026-06-10,pending,2,50000.0
ORD003245,CUST03245,PRD0026,2024-08-10,,5,356250.0
ORD003246,CUST03246,PRD0005,2026-05-12,COMPLETED,4,18000.0
ORD003247,CUST03247,PRD0010,2026-04-16,Cancelled,3,75000.0
ORD003248,CUST03248,PRD0001,2026-07-08,COMPLETED,1,6750.0
ORD003249,CUST03249,PRD0004,2026-06-24,COMPLETED,3,18000.0
ORD003250,CUST03250,PRD0016,2024-08-19,Completed,2,80000.0
ORD003251,CUST03251,PRD0027,2025-03-24,Completed,3,75000.0
ORD003252,CUST03252,PRD0014,2025-04-29,pending,5,75000.0
ORD003253,CUST03253,PRD0029,2026-01-01,COMPLETED,1,12750.0
ORD003254,CUST03254,PRD0011,2024-01-26,Completed,4,14000.0
ORD003255,CUST03255,PRD0019,2025-06-10,cancelled,3,202500.0
ORD003256,CUST03256,PRD0002,2025-06-08,Returned,1,14250.0
ORD003257,CUST03257,PRD0026,2024-09-17,,1,10000.0
ORD003258,CUST03258,PRD0012,2024-06-20,Cancelled,3,213750.0
ORD003259,CUST03259,PRD0029,2025-07-17,Returned,1,12000.0
ORD003260,CUST03260,PRD0022,2026-06-09,Pending,2,228000.0
ORD003261,CUST03261,PRD0024,2024-12-23,,5,63750.0
ORD003262,CUST03262,PRD0001,2025-07-09,completed,4,20000.0
ORD003263,CUST03263,PRD0022,2025-05-17,,2,28500.0
ORD003264,CUST03264,PRD0011,2025-01-01,Completed,5,22500.0
ORD003265,CUST03265,PRD0012,2024-07-23,,1,36000.0
ORD003266,CUST03266,PRD0022,2026-03-26,pending,1,3150.0
ORD003267,CUST03267,PRD0024,2024-10-12,,5,47500.0
ORD003268,CUST03268,PRD0017,2024-11-09,,2,64000.0
ORD003269,CUST03269,PRD0016,2024-05-05,Pending,4,100000.0
ORD003270,CUST03270,PRD0013,2024-05-01,Completed,5,356250.0
ORD003271,CUST03271,PRD0016,2024-12-08,Completed,5,100000.0
ORD003272,CUST03272,PRD0013,2025-05-05,cancelled,5,45000.0
ORD003273,CUST03273,PRD0011,2026-08-14,,4,152000.0
ORD003274,CUST03274,PRD0030,2026-06-04,Cancelled,4,136000.0
ORD003275,CUST03275,PRD0008,2025-07-31,Cancelled,5,375000.0
ORD003276,CUST03276,PRD0012,2024-07-07,Pending,5,22500.0
ORD003277,CUST03277,PRD0030,2026-04-27,Completed,3,71250.0
ORD003278,CUST03278,PRD0020,2024-12-25,Pending,3,24000.0
ORD003279,CUST03279,PRD0012,2025-05-12,Cancelled,2,47500.0
ORD003280,CUST03280,PRD0013,2026-08-21,Completed,1,12750.0
ORD003281,CUST03281,PRD0026,2025-03-26,completed,5,75000.0
ORD003282,CUST03282,PRD0017,2025-03-12,cancelled,4,432000.0
ORD003283,CUST03283,PRD0019,2024-02-09,cancelled,4,128000.0
ORD003284,CUST03284,PRD0018,2026-03-23,Completed,2,27000.0
ORD003285,CUST03285,PRD0025,2025-05-27,Completed,4,240000.0
ORD003286,CUST03286,PRD0030,2024-03-26,Pending,4,34000.0
ORD003287,CUST03287,PRD0014,2026-06-23,,1,4500.0
ORD003288,CUST03288,PRD0009,2024-11-11,pending,2,14250.0
ORD003289,CUST03289,PRD0002,2024-12-30,Completed,1,63750.0
ORD003290,CUST03290,PRD0001,2024-12-26,pending,3,42750.0
ORD003291,CUST03291,PRD0008,2024-08-26,Completed,2,64000.0
ORD003292,CUST03292,PRD0004,2025-11-06,Cancelled,1,23750.0
ORD003293,CUST03293,PRD0021,2026-02-14,Cancelled,1,8000.0
ORD003294,CUST03294,PRD0003,2024-09-01,Pending,1,60000.0
ORD003295,CUST03295,PRD0024,2025-06-20,Completed,5,47500.0
ORD003296,CUST03296,PRD0007,2024-03-05,completed,3,120000.0
ORD003297,CUST03297,PRD0004,2024-04-15,Cancelled,1,32000.0
ORD003298,CUST03298,PRD0021,2025-01-19,Cancelled,1,25000.0
ORD003299,CUST03299,PRD0006,2025-10-20,,1,6750.0
ORD003300,CUST03300,PRD0029,2025-12-17,Completed,1,3150.0
ORD003301,CUST03301,PRD0001,2024-05-13,COMPLETED,4,51000.0
ORD003302,CUST03302,PRD0019,2024-12-11,Cancelled,1,4750.0
ORD003303,CUST03303,PRD0004,2024-06-29,pending,1,6000.0
ORD003304,CUST03304,PRD0019,2025-12-24,Completed,1,23750.0
ORD003305,CUST03305,PRD0007,2025-04-08,completed,1,2800.0
ORD003306,CUST03306,PRD0002,2025-11-17,completed,5,170000.0
ORD003307,CUST03307,PRD0014,2025-03-13,Completed,4,27000.0
ORD003308,CUST03308,PRD0008,2026-08-08,completed,3,38250.0
ORD003309,CUST03309,PRD0021,2025-10-18,Returned,4,270000.0
ORD003310,CUST03310,PRD0026,2024-08-23,Cancelled,1,6000.0
ORD003311,CUST03311,PRD0021,2025-03-25,Completed,4,51000.0
ORD003312,CUST03312,PRD0021,2024-12-30,Cancelled,2,6300.0
ORD003313,CUST03313,PRD0024,2024-07-01,Completed,5,14000.0
ORD003314,CUST03314,PRD0010,2025-09-19,cancelled,1,60000.0
ORD003315,CUST03315,PRD0030,2024-04-04,Completed,2,142500.0
ORD003316,CUST03316,PRD0014,2025-07-31,cancelled,2,12750.0
ORD003317,CUST03317,PRD0010,2024-10-10,COMPLETED,3,8925.0
ORD003318,CUST03318,PRD0005,2024-06-01,,3,19125.0
ORD003319,CUST03319,PRD0030,2025-04-08,pending,3,67500.0
ORD003320,CUST03320,PRD0016,2025-09-17,Pending,2,150000.0
ORD003321,CUST03321,PRD0021,2024-10-29,completed,2,64000.0
ORD003322,CUST03322,PRD0009,2026-03-26,COMPLETED,3,28500.0
ORD003323,CUST03323,PRD0024,2025-12-06,Returned,5,47500.0
ORD003324,CUST03324,PRD0001,2025-02-20,Pending,3,28500.0
ORD003325,CUST03325,PRD0030,2025-10-12,COMPLETED,4,13300.0
ORD003326,CUST03326,PRD0022,2024-05-03,Completed,5,118750.0
ORD003327,CUST03327,PRD0018,2024-02-03,Pending,5,37500.0
ORD003328,CUST03328,PRD0018,2025-08-17,Completed,3,13500.0
ORD003329,CUST03329,PRD0015,2025-01-27,cancelled,3,25500.0
ORD003330,CUST03330,PRD0014,2026-03-18,Completed,2,216000.0
ORD003331,CUST03331,PRD0020,2025-09-06,COMPLETED,1,22500.0
ORD003332,CUST03332,PRD0001,2025-05-17,,2,228000.0
ORD003333,CUST03333,PRD0023,2026-01-07,Cancelled,1,32000.0
ORD003334,CUST03334,PRD0026,2025-12-15,Cancelled,5,14000.0
ORD003335,CUST03335,PRD0018,2026-03-22,Cancelled,2,8500.0
ORD003336,CUST03336,PRD0027,2025-04-26,Completed,5,17500.0
ORD003337,CUST03337,PRD0010,2025-10-20,cancelled,4,255000.0
ORD003338,CUST03338,PRD0017,2026-01-27,pending,2,127500.0
ORD003339,CUST03339,PRD0003,2025-12-02,Completed,5,71250.0
ORD003340,CUST03340,PRD0003,2026-07-23,Returned,3,20250.0
ORD003341,CUST03341,PRD0015,2025-06-24,Pending,4,60000.0
ORD003342,CUST03342,PRD0028,2024-10-14,completed,4,85000.0
ORD003343,CUST03343,PRD0005,2024-10-01,Returned,3,9450.0
ORD003344,CUST03344,PRD0030,2026-06-17,Completed,1,4000.0
ORD003345,CUST03345,PRD0010,2026-05-26,Completed,4,36000.0
ORD003346,CUST03346,PRD0019,2026-06-12,Returned,5,50000.0
ORD003347,CUST03347,PRD0020,2025-02-27,COMPLETED,4,95000.0
ORD003348,CUST03348,PRD0001,2024-08-05,Returned,3,13500.0
ORD003349,CUST03349,PRD0013,2025-05-20,COMPLETED,3,324000.0
ORD003350,CUST03350,PRD0021,2025-11-20,Completed,3,24000.0
ORD003351,CUST03351,PRD0026,2026-01-17,Cancelled,4,20000.0
ORD003352,CUST03352,PRD0016,2025-08-23,,4,34000.0
ORD003353,CUST03353,PRD0008,2025-05-05,Cancelled,5,17500.0
ORD003354,CUST03354,PRD0003,2025-03-14,,3,71250.0
ORD003355,CUST03355,PRD0014,2024-10-10,pending,1,38000.0
ORD003356,CUST03356,PRD0028,2024-11-29,Completed,2,8500.0
ORD003357,CUST03357,PRD0013,2026-04-28,,3,360000.0
ORD003358,CUST03358,PRD0018,2025-01-26,Returned,1,15000.0
ORD003359,CUST03359,PRD0022,2025-04-24,Completed,2,28500.0
ORD003360,CUST03360,PRD0013,2026-03-22,completed,1,21250.0
ORD003361,CUST03361,PRD0020,2024-03-30,Pending,5,106250.0
ORD003362,CUST03362,PRD0006,2024-05-09,completed,2,120000.0
ORD003363,CUST03363,PRD0022,2025-10-31,cancelled,2,45000.0
ORD003364,CUST03364,PRD0004,2024-07-27,Cancelled,3,22500.0
ORD003365,CUST03365,PRD0009,2026-08-09,pending,3,18000.0
ORD003366,CUST03366,PRD0027,2024-08-31,COMPLETED,2,30000.0
ORD003367,CUST03367,PRD0020,2025-01-06,cancelled,4,80000.0
ORD003368,CUST03368,PRD0013,2026-05-25,Returned,5,35625.0
ORD003369,CUST03369,PRD0029,2024-04-13,Completed,2,204000.0
ORD003370,CUST03370,PRD0023,2026-04-03,COMPLETED,2,142500.0
ORD003371,CUST03371,PRD0009,2026-08-14,Cancelled,5,100000.0
ORD003372,CUST03372,PRD0028,2025-02-23,,2,8000.0
ORD003373,CUST03373,PRD0001,2024-02-10,Completed,5,200000.0
ORD003374,CUST03374,PRD0021,2025-05-16,,3,102000.0
ORD003375,CUST03375,PRD0008,2025-12-25,pending,2,10000.0
ORD003376,CUST03376,PRD0005,2024-12-01,,4,80000.0
ORD003377,CUST03377,PRD0005,2025-11-15,pending,1,4250.0
ORD003378,CUST03378,PRD0024,2025-06-05,Completed,1,4000.0
ORD003379,CUST03379,PRD0003,2025-09-04,Completed,3,102000.0
ORD003380,CUST03380,PRD0001,2026-03-18,Pending,4,20000.0
ORD003381,CUST03381,PRD0016,2024-03-05,Pending,3,288000.0
ORD003382,CUST03382,PRD0022,2024-03-08,COMPLETED,5,37500.0
ORD003383,CUST03383,PRD0027,2025-07-03,pending,3,288000.0
ORD003384,CUST03384,PRD0009,2024-05-27,COMPLETED,2,68000.0
ORD003385,CUST03385,PRD0020,2024-11-18,Returned,4,18000.0
ORD003386,CUST03386,PRD0021,2026-02-26,Cancelled,2,216000.0
ORD003387,CUST03387,PRD0009,2025-07-25,Completed,1,8000.0
ORD003388,CUST03388,PRD0029,2026-04-25,pending,2,72000.0
ORD003389,CUST03389,PRD0019,2026-08-31,pending,1,75000.0
ORD003390,CUST03390,PRD0012,2025-10-08,Cancelled,4,285000.0
ORD003391,CUST03391,PRD0003,2026-06-27,Pending,5,375000.0
ORD003392,CUST03392,PRD0016,2024-02-08,,2,17000.0
ORD003393,CUST03393,PRD0012,2024-01-08,completed,1,4500.0
ORD003394,CUST03394,PRD0027,2025-10-14,Completed,1,120000.0
ORD003395,CUST03395,PRD0027,2024-05-25,pending,4,51000.0
ORD003396,CUST03396,PRD0013,2026-05-11,Cancelled,2,120000.0
ORD003397,CUST03397,PRD0025,2025-08-24,Cancelled,5,75000.0
ORD003398,CUST03398,PRD0024,2026-08-15,completed,1,2800.0
ORD003399,CUST03399,PRD0017,2025-08-24,Completed,3,21375.0
ORD003400,CUST03400,PRD0017,2025-06-11,COMPLETED,5,50000.0
ORD003401,CUST03401,PRD0013,2024-03-10,,1,3500.0
ORD003402,CUST03402,PRD0010,2024-12-06,cancelled,2,6650.0
ORD003403,CUST03403,PRD0028,2024-07-04,Completed,5,23750.0
ORD003404,CUST03404,PRD0015,2025-07-29,,1,10000.0
ORD003405,CUST03405,PRD0010,2024-06-16,Completed,3,40500.0
ORD003406,CUST03406,PRD0026,2025-03-17,COMPLETED,4,25500.0
ORD003407,CUST03407,PRD0013,2025-08-20,completed,1,23750.0
ORD003408,CUST03408,PRD0019,2025-07-17,Cancelled,3,202500.0
ORD003409,CUST03409,PRD0028,2025-12-13,,5,45000.0
ORD003410,CUST03410,PRD0026,2026-01-13,,3,75000.0
ORD003411,CUST03411,PRD0005,2024-12-29,cancelled,5,510000.0
ORD003412,CUST03412,PRD0019,2025-02-01,Cancelled,2,18000.0
ORD003413,CUST03413,PRD0020,2024-02-25,Returned,2,6300.0
ORD003414,CUST03414,PRD0027,2025-07-21,COMPLETED,3,18000.0
ORD003415,CUST03415,PRD0016,2024-05-20,Completed,3,45000.0
ORD003416,CUST03416,PRD0015,2025-10-01,completed,2,30000.0
ORD003417,CUST03417,PRD0017,2025-09-23,COMPLETED,2,45000.0
ORD003418,CUST03418,PRD0025,2026-01-30,Completed,4,25500.0
ORD003419,CUST03419,PRD0017,2024-04-13,cancelled,5,21250.0
ORD003420,CUST03420,PRD0025,2024-12-04,completed,3,96000.0
ORD003421,CUST03421,PRD0018,2026-08-08,Completed,5,600000.0
ORD003422,CUST03422,PRD0005,2025-09-05,,2,16000.0
ORD003423,CUST03423,PRD0002,2026-02-10,COMPLETED,4,152000.0
ORD003424,CUST03424,PRD0025,2025-05-23,Cancelled,4,51000.0
ORD003425,CUST03425,PRD0014,2026-07-19,,2,150000.0
ORD003426,CUST03426,PRD0029,2025-12-16,Completed,3,306000.0
ORD003427,CUST03427,PRD0011,2025-01-05,cancelled,4,11200.0
ORD003428,CUST03428,PRD0025,2025-02-14,completed,3,27000.0
ORD003429,CUST03429,PRD0005,2024-01-25,,1,6375.0
ORD003430,CUST03430,PRD0009,2024-10-17,Completed,2,9500.0
ORD003431,CUST03431,PRD0003,2024-01-30,,4,11900.0
ORD003432,CUST03432,PRD0002,2024-10-13,Completed,5,480000.0
ORD003433,CUST03433,PRD0030,2025-10-17,,1,63750.0
ORD003434,CUST03434,PRD0029,2025-07-30,Completed,3,324000.0
ORD003435,CUST03435,PRD0008,2025-03-16,completed,5,570000.0
ORD003436,CUST03436,PRD0001,2024-06-19,Completed,3,8400.0
ORD003437,CUST03437,PRD0028,2024-05-07,Completed,5,16625.0
ORD003438,CUST03438,PRD0003,2026-01-23,completed,5,125000.0
ORD003439,CUST03439,PRD0001,2026-01-05,Pending,3,180000.0
ORD003440,CUST03440,PRD0008,2024-03-18,Completed,5,42500.0
ORD003441,CUST03441,PRD0023,2026-03-23,cancelled,5,47500.0
ORD003442,CUST03442,PRD0030,2025-07-19,Returned,4,456000.0
ORD003443,CUST03443,PRD0028,2024-03-10,Completed,3,63750.0
ORD003444,CUST03444,PRD0004,2025-11-20,Returned,5,37500.0
ORD003445,CUST03445,PRD0013,2026-04-01,Completed,4,34000.0
ORD003446,CUST03446,PRD0006,2025-02-27,Cancelled,4,11200.0
ORD003447,CUST03447,PRD0009,2024-03-11,Completed,2,20000.0
ORD003448,CUST03448,PRD0005,2025-11-21,Cancelled,5,23750.0
ORD003449,CUST03449,PRD0011,2024-10-01,pending,2,204000.0
ORD003450,CUST03450,PRD0018,2024-05-31,Completed,3,36000.0
ORD003451,CUST03451,PRD0014,2024-01-12,Completed,5,22500.0
ORD003452,CUST03452,PRD0010,2025-11-13,Completed,1,6375.0
ORD003453,CUST03453,PRD0015,2026-04-30,completed,4,28500.0
ORD003454,CUST03454,PRD0004,2025-04-16,Cancelled,3,324000.0
ORD003455,CUST03455,PRD0001,2024-06-22,Completed,3,9450.0
ORD003456,CUST03456,PRD0005,2024-12-09,cancelled,3,180000.0
ORD003457,CUST03457,PRD0027,2026-07-31,pending,2,18000.0
ORD003458,CUST03458,PRD0005,2024-07-10,completed,2,7000.0
ORD003459,CUST03459,PRD0010,2024-12-06,Cancelled,2,135000.0
ORD003460,CUST03460,PRD0009,2024-05-13,Returned,1,36000.0
ORD003461,CUST03461,PRD0001,2024-07-19,completed,3,40500.0
ORD003462,CUST03462,PRD0007,2024-05-29,,2,76000.0
ORD003463,CUST03463,PRD0028,2024-09-26,Completed,1,120000.0
ORD003464,CUST03464,PRD0022,2026-06-14,completed,4,100000.0
ORD003465,CUST03465,PRD0030,2025-02-10,Completed,2,240000.0
ORD003466,CUST03466,PRD0006,2026-05-17,Completed,2,120000.0
ORD003467,CUST03467,PRD0002,2024-06-28,Returned,4,285000.0
ORD003468,CUST03468,PRD0014,2026-06-07,Pending,3,120000.0
ORD003469,CUST03469,PRD0018,2024-01-06,pending,2,6650.0
ORD003470,CUST03470,PRD0002,2024-08-08,Cancelled,3,102000.0
ORD003471,CUST03471,PRD0023,2025-05-09,pending,2,12750.0
ORD003472,CUST03472,PRD0022,2025-06-07,COMPLETED,2,5950.0
ORD003473,CUST03473,PRD0023,2025-03-12,Completed,2,9500.0
ORD003474,CUST03474,PRD0001,2025-09-08,Completed,4,456000.0
ORD003475,CUST03475,PRD0019,2025-02-16,completed,5,200000.0
ORD003476,CUST03476,PRD0019,2024-12-14,,5,180000.0
ORD003477,CUST03477,PRD0030,2024-01-16,cancelled,4,30000.0
ORD003478,CUST03478,PRD0025,2024-10-25,,4,16000.0
ORD003479,CUST03479,PRD0024,2024-10-17,pending,4,90000.0
ORD003480,CUST03480,PRD0020,2026-07-11,cancelled,5,200000.0
ORD003481,CUST03481,PRD0021,2025-01-28,completed,5,20000.0
ORD003482,CUST03482,PRD0009,2025-09-27,,2,135000.0
ORD003483,CUST03483,PRD0022,2025-10-15,,3,8925.0
ORD003484,CUST03484,PRD0028,2024-07-03,Completed,4,136000.0
ORD003485,CUST03485,PRD0021,2025-11-05,Completed,4,32000.0
ORD003486,CUST03486,PRD0016,2024-01-17,pending,4,480000.0
ORD003487,CUST03487,PRD0021,2025-01-03,cancelled,2,12000.0
ORD003488,CUST03488,PRD0012,2025-08-23,Returned,4,24000.0
ORD003489,CUST03489,PRD0017,2025-08-23,Returned,5,100000.0
ORD003490,CUST03490,PRD0019,2026-03-14,,5,31875.0
ORD003491,CUST03491,PRD0027,2026-02-03,Completed,5,200000.0
ORD003492,CUST03492,PRD0028,2025-02-19,COMPLETED,3,342000.0
ORD003493,CUST03493,PRD0025,2024-12-30,COMPLETED,2,12750.0
ORD003494,CUST03494,PRD0006,2024-04-26,Cancelled,1,63750.0
ORD003495,CUST03495,PRD0012,2024-11-29,Returned,3,14250.0
ORD003496,CUST03496,PRD0011,2024-12-04,cancelled,1,32000.0
ORD003497,CUST03497,PRD0007,2026-02-16,Returned,5,190000.0
ORD003498,CUST03498,PRD0010,2024-08-15,Returned,1,8000.0
ORD003499,CUST03499,PRD0029,2024-07-13,COMPLETED,5,35625.0
ORD003500,CUST03500,PRD0020,2026-01-06,Cancelled,4,480000.0
ORD003501,CUST03501,PRD0009,2026-05-30,pending,4,36000.0
ORD003502,CUST03502,PRD0015,2025-04-17,completed,3,12750.0
ORD003503,CUST03503,PRD0002,2026-04-04,,4,17000.0
ORD003504,CUST03504,PRD0017,2025-01-30,Cancelled,4,17000.0
ORD003505,CUST03505,PRD0027,2025-10-03,Completed,1,71250.0
ORD003506,CUST03506,PRD0013,2026-07-21,COMPLETED,3,360000.0
ORD003507,CUST03507,PRD0004,2024-06-14,pending,5,600000.0
ORD003508,CUST03508,PRD0006,2025-07-03,Cancelled,5,160000.0
ORD003509,CUST03509,PRD0012,2024-11-13,,2,27000.0
ORD003510,CUST03510,PRD0002,2026-07-29,Cancelled,1,8000.0
ORD003511,CUST03511,PRD0006,2024-10-03,Completed,1,4500.0
ORD003512,CUST03512,PRD0021,2026-06-27,Returned,1,4500.0
ORD003513,CUST03513,PRD0016,2025-11-03,Completed,4,27000.0
ORD003514,CUST03514,PRD0011,2026-07-28,completed,5,21250.0
ORD003515,CUST03515,PRD0018,2026-05-02,COMPLETED,4,30000.0
ORD003516,CUST03516,PRD0007,2026-01-23,,2,6300.0
ORD003517,CUST03517,PRD0009,2024-01-09,,4,48000.0
ORD003518,CUST03518,PRD0025,2026-08-12,completed,2,17000.0
ORD003519,CUST03519,PRD0024,2026-07-18,,5,45000.0
ORD003520,CUST03520,PRD0018,2024-07-01,,4,128000.0
ORD003521,CUST03521,PRD0009,2025-12-28,Completed,2,150000.0
ORD003522,CUST03522,PRD0016,2025-02-02,Cancelled,1,23750.0
ORD003523,CUST03523,PRD0030,2024-04-07,Cancelled,4,85000.0
ORD003524,CUST03524,PRD0008,2025-01-24,cancelled,2,5600.0
ORD003525,CUST03525,PRD0018,2024-10-10,,1,4750.0
ORD003526,CUST03526,PRD0011,2026-02-13,pending,4,90000.0
ORD003527,CUST03527,PRD0017,2026-03-27,pending,4,18000.0
ORD003528,CUST03528,PRD0018,2026-07-07,completed,2,42500.0
ORD003529,CUST03529,PRD0001,2024-05-28,Completed,4,80000.0
ORD003530,CUST03530,PRD0017,2024-04-29,completed,1,14250.0
ORD003531,CUST03531,PRD0007,2024-06-29,Completed,4,12600.0
ORD003532,CUST03532,PRD0014,2026-04-13,cancelled,5,118750.0
ORD003533,CUST03533,PRD0030,2025-02-05,,5,16625.0
ORD003534,CUST03534,PRD0014,2026-06-25,completed,3,12000.0
ORD003535,CUST03535,PRD0022,2026-08-09,Returned,4,60000.0
ORD003536,CUST03536,PRD0021,2026-06-02,completed,4,384000.0
ORD003537,CUST03537,PRD0007,2024-02-15,completed,2,14250.0
ORD003538,CUST03538,PRD0009,2024-09-20,,1,38000.0
ORD003539,CUST03539,PRD0030,2025-07-04,Completed,3,25500.0
ORD003540,CUST03540,PRD0028,2026-04-03,,3,96000.0
ORD003541,CUST03541,PRD0022,2025-11-16,Completed,4,18000.0
ORD003542,CUST03542,PRD0013,2025-02-15,Completed,4,13300.0
ORD003543,CUST03543,PRD0030,2026-07-23,COMPLETED,4,408000.0
ORD003544,CUST03544,PRD0023,2025-06-23,Completed,2,24000.0
ORD003545,CUST03545,PRD0018,2025-10-09,,5,106250.0
ORD003546,CUST03546,PRD0002,2026-04-23,,3,75000.0
ORD003547,CUST03547,PRD0008,2025-07-13,cancelled,5,75000.0
ORD003548,CUST03548,PRD0005,2024-11-16,Pending,5,112500.0
ORD003549,CUST03549,PRD0005,2024-01-27,COMPLETED,2,28500.0
ORD003550,CUST03550,PRD0030,2024-05-02,,3,30000.0
ORD003551,CUST03551,PRD0004,2025-05-11,Completed,5,25000.0
ORD003552,CUST03552,PRD0027,2025-05-07,cancelled,2,228000.0
ORD003553,CUST03553,PRD0019,2026-05-10,Completed,4,19000.0
ORD003554,CUST03554,PRD0016,2024-01-04,,1,40000.0
ORD003555,CUST03555,PRD0016,2024-11-15,,1,12750.0
ORD003556,CUST03556,PRD0027,2024-09-15,Completed,4,80000.0
ORD003557,CUST03557,PRD0007,2024-10-09,COMPLETED,3,30000.0
ORD003558,CUST03558,PRD0018,2024-04-17,completed,4,136000.0
ORD003559,CUST03559,PRD0029,2024-01-16,,3,8925.0
ORD003560,CUST03560,PRD0022,2025-04-10,completed,1,36000.0
ORD003561,CUST03561,PRD0026,2026-04-08,Cancelled,2,15000.0
ORD003562,CUST03562,PRD0013,2026-03-27,,5,118750.0
ORD003563,CUST03563,PRD0018,2024-10-27,Cancelled,2,6650.0
ORD003564,CUST03564,PRD0023,2024-01-10,COMPLETED,4,128000.0
ORD003565,CUST03565,PRD0010,2024-08-11,completed,1,23750.0
ORD003566,CUST03566,PRD0012,2025-03-29,Completed,4,34000.0
ORD003567,CUST03567,PRD0013,2024-05-21,pending,3,67500.0
ORD003568,CUST03568,PRD0025,2026-07-12,cancelled,3,22500.0
ORD003569,CUST03569,PRD0013,2025-07-21,Pending,3,10500.0
ORD003570,CUST03570,PRD0007,2024-07-25,COMPLETED,4,19000.0
ORD003571,CUST03571,PRD0016,2025-08-24,Cancelled,4,255000.0
ORD003572,CUST03572,PRD0007,2025-12-30,completed,5,300000.0
ORD003573,CUST03573,PRD0010,2025-10-25,completed,2,204000.0
ORD003574,CUST03574,PRD0030,2024-02-22,pending,3,60000.0
ORD003575,CUST03575,PRD0020,2024-01-31,Cancelled,1,4500.0
ORD003576,CUST03576,PRD0017,2025-05-19,pending,2,18000.0
ORD003577,CUST03577,PRD0016,2024-08-09,,2,40000.0
ORD003578,CUST03578,PRD0014,2026-07-09,Completed,4,11900.0
ORD003579,CUST03579,PRD0028,2024-04-27,Completed,1,7500.0
ORD003580,CUST03580,PRD0023,2026-02-17,Cancelled,4,160000.0
ORD003581,CUST03581,PRD0019,2025-07-25,Cancelled,5,71250.0
ORD003582,CUST03582,PRD0005,2024-06-21,completed,5,33750.0
ORD003583,CUST03583,PRD0017,2026-03-29,Pending,3,30000.0
ORD003584,CUST03584,PRD0007,2026-05-10,Completed,5,30000.0
ORD003585,CUST03585,PRD0024,2025-08-24,Completed,5,112500.0
ORD003586,CUST03586,PRD0003,2024-01-16,pending,5,30000.0
ORD003587,CUST03587,PRD0024,2025-07-06,Completed,4,16000.0
ORD003588,CUST03588,PRD0020,2025-07-10,Completed,1,7125.0
ORD003589,CUST03589,PRD0018,2025-12-25,Cancelled,1,10000.0
ORD003590,CUST03590,PRD0015,2026-06-30,COMPLETED,3,25500.0
ORD003591,CUST03591,PRD0021,2026-05-30,Cancelled,3,25500.0
ORD003592,CUST03592,PRD0012,2024-09-04,Completed,3,10500.0
ORD003593,CUST03593,PRD0027,2026-02-16,Cancelled,1,7125.0
ORD003594,CUST03594,PRD0005,2024-06-14,Completed,5,63750.0
ORD003595,CUST03595,PRD0028,2026-04-29,Completed,4,30000.0
ORD003596,CUST03596,PRD0014,2024-10-18,Returned,4,255000.0
ORD003597,CUST03597,PRD0019,2024-01-18,completed,1,12000.0
ORD003598,CUST03598,PRD0027,2025-04-23,Completed,3,27000.0
ORD003599,CUST03599,PRD0027,2024-12-21,,3,60000.0
ORD003600,CUST03600,PRD0001,2025-02-18,Pending,1,36000.0
ORD003601,CUST03601,PRD0023,2025-09-26,pending,1,13500.0
ORD003602,CUST03602,PRD0013,2025-10-30,,3,225000.0
ORD003603,CUST03603,PRD0005,2026-04-14,pending,3,225000.0
ORD003604,CUST03604,PRD0009,2024-01-05,Completed,1,12000.0
ORD003605,CUST03605,PRD0025,2024-02-07,Cancelled,2,8000.0
ORD003606,CUST03606,PRD0004,2026-06-10,COMPLETED,2,8000.0
ORD003607,CUST03607,PRD0021,2024-04-07,cancelled,2,40000.0
ORD003608,CUST03608,PRD0025,2024-03-15,Completed,1,20000.0
ORD003609,CUST03609,PRD0015,2024-02-11,completed,5,33750.0
ORD003610,CUST03610,PRD0017,2025-01-10,,1,7125.0
ORD003611,CUST03611,PRD0002,2025-05-18,Cancelled,3,202500.0
ORD003612,CUST03612,PRD0009,2024-12-28,completed,3,36000.0
ORD003613,CUST03613,PRD0008,2024-01-16,Cancelled,2,8500.0
ORD003614,CUST03614,PRD0005,2024-06-28,Cancelled,5,15750.0
ORD003615,CUST03615,PRD0016,2026-03-24,Cancelled,3,71250.0
ORD003616,CUST03616,PRD0016,2026-06-27,,5,540000.0
ORD003617,CUST03617,PRD0030,2024-06-29,Completed,3,21375.0
ORD003618,CUST03618,PRD0006,2026-03-19,completed,2,14250.0
ORD003619,CUST03619,PRD0016,2025-10-11,Pending,4,20000.0
ORD003620,CUST03620,PRD0011,2024-09-05,,5,300000.0
ORD003621,CUST03621,PRD0016,2024-04-01,Completed,2,80000.0
ORD003622,CUST03622,PRD0005,2024-07-16,Cancelled,1,20000.0
ORD003623,CUST03623,PRD0030,2025-02-02,Pending,2,72000.0
ORD003624,CUST03624,PRD0019,2024-02-05,cancelled,3,202500.0
ORD003625,CUST03625,PRD0029,2025-09-16,Completed,1,12750.0
ORD003626,CUST03626,PRD0005,2024-09-25,Completed,5,31875.0
ORD003627,CUST03627,PRD0019,2024-05-12,,3,22500.0
ORD003628,CUST03628,PRD0009,2025-10-09,,2,142500.0
ORD003629,CUST03629,PRD0019,2025-11-18,Pending,3,114000.0
ORD003630,CUST03630,PRD0018,2024-05-08,Pending,1,7125.0
ORD003631,CUST03631,PRD0017,2025-04-26,Completed,1,7500.0
ORD003632,CUST03632,PRD0017,2024-11-04,COMPLETED,1,7500.0
ORD003633,CUST03633,PRD0027,2024-09-27,Cancelled,5,112500.0
ORD003634,CUST03634,PRD0017,2024-03-06,Pending,1,36000.0
ORD003635,CUST03635,PRD0020,2026-05-24,Completed,2,20000.0
ORD003636,CUST03636,PRD0005,2024-06-10,,2,12750.0
ORD003637,CUST03637,PRD0013,2024-05-28,Completed,3,28500.0
ORD003638,CUST03638,PRD0011,2024-11-04,pending,5,118750.0
ORD003639,CUST03639,PRD0008,2025-12-06,Completed,3,63750.0
ORD003640,CUST03640,PRD0011,2024-07-04,Completed,4,40000.0
ORD003641,CUST03641,PRD0026,2026-05-06,completed,1,7500.0
ORD003642,CUST03642,PRD0021,2024-06-20,completed,3,67500.0
ORD003643,CUST03643,PRD0019,2025-01-08,Cancelled,5,75000.0
ORD003644,CUST03644,PRD0003,2025-06-05,Cancelled,3,20250.0
ORD003645,CUST03645,PRD0024,2024-09-04,Pending,1,2800.0
ORD003646,CUST03646,PRD0017,2026-02-22,completed,5,67500.0
ORD003647,CUST03647,PRD0029,2025-03-13,completed,3,202500.0
ORD003648,CUST03648,PRD0023,2024-05-14,COMPLETED,2,6300.0
ORD003649,CUST03649,PRD0018,2025-01-21,completed,3,114000.0
ORD003650,CUST03650,PRD0017,2024-01-16,completed,5,67500.0
ORD003651,CUST03651,PRD0006,2025-07-17,Completed,3,40500.0
ORD003652,CUST03652,PRD0030,2026-04-30,Pending,2,42500.0
ORD003653,CUST03653,PRD0003,2024-06-01,cancelled,4,270000.0
ORD003654,CUST03654,PRD0014,2025-06-24,completed,3,20250.0
ORD003655,CUST03655,PRD0019,2025-04-08,COMPLETED,4,11900.0
ORD003656,CUST03656,PRD0001,2024-01-22,cancelled,5,67500.0
ORD003657,CUST03657,PRD0012,2024-04-01,Returned,1,71250.0
ORD003658,CUST03658,PRD0004,2025-05-21,,3,22500.0
ORD003659,CUST03659,PRD0005,2025-06-17,Completed,1,3150.0
ORD003660,CUST03660,PRD0021,2025-08-14,Cancelled,1,96000.0
ORD003661,CUST03661,PRD0020,2024-05-11,Completed,2,47500.0
ORD003662,CUST03662,PRD0030,2024-09-29,COMPLETED,3,21375.0
ORD003663,CUST03663,PRD0009,2024-09-27,pending,4,90000.0
ORD003664,CUST03664,PRD0025,2026-01-30,COMPLETED,3,24000.0
ORD003665,CUST03665,PRD0021,2026-08-03,cancelled,4,54000.0
ORD003666,CUST03666,PRD0024,2025-11-03,Returned,2,18000.0
ORD003667,CUST03667,PRD0004,2024-12-15,Completed,3,28500.0
ORD003668,CUST03668,PRD0029,2026-03-09,,3,30000.0
ORD003669,CUST03669,PRD0018,2025-10-07,Completed,5,375000.0
ORD003670,CUST03670,PRD0022,2026-03-19,,5,170000.0
ORD003671,CUST03671,PRD0019,2025-06-11,Cancelled,1,2800.0
ORD003672,CUST03672,PRD0021,2025-11-04,Pending,1,20000.0
ORD003673,CUST03673,PRD0029,2024-02-25,Cancelled,4,27000.0
ORD003674,CUST03674,PRD0007,2025-07-29,Completed,5,31875.0
ORD003675,CUST03675,PRD0030,2025-07-09,,4,90000.0
ORD003676,CUST03676,PRD0008,2026-08-10,cancelled,1,14250.0
ORD003677,CUST03677,PRD0006,2025-06-19,Returned,3,324000.0
ORD003678,CUST03678,PRD0015,2026-07-09,COMPLETED,5,16625.0
ORD003679,CUST03679,PRD0003,2024-04-10,cancelled,4,12600.0
ORD003680,CUST03680,PRD0013,2025-08-03,Completed,5,23750.0
ORD003681,CUST03681,PRD0018,2026-01-09,COMPLETED,2,18000.0
ORD003682,CUST03682,PRD0010,2024-02-11,Completed,5,23750.0
ORD003683,CUST03683,PRD0014,2025-01-06,completed,3,114000.0
ORD003684,CUST03684,PRD0002,2024-02-06,,1,114000.0
ORD003685,CUST03685,PRD0020,2024-09-08,,1,96000.0
ORD003686,CUST03686,PRD0028,2024-04-12,Cancelled,4,38000.0
ORD003687,CUST03687,PRD0006,2025-10-20,cancelled,3,19125.0
ORD003688,CUST03688,PRD0028,2024-08-06,COMPLETED,5,170000.0
ORD003689,CUST03689,PRD0007,2025-03-11,cancelled,4,27000.0
ORD003690,CUST03690,PRD0004,2024-03-04,Pending,1,6000.0
ORD003691,CUST03691,PRD0006,2024-02-29,,1,63750.0
ORD003692,CUST03692,PRD0028,2025-06-22,COMPLETED,2,68000.0
ORD003693,CUST03693,PRD0004,2024-08-16,Pending,4,384000.0
ORD003694,CUST03694,PRD0021,2025-10-29,Completed,2,8500.0
ORD003695,CUST03695,PRD0023,2024-11-22,pending,4,95000.0
ORD003696,CUST03696,PRD0007,2025-07-12,Cancelled,4,90000.0
ORD003697,CUST03697,PRD0023,2025-06-04,Pending,2,9500.0
ORD003698,CUST03698,PRD0026,2024-02-25,Completed,1,3500.0
ORD003699,CUST03699,PRD0013,2026-08-27,Returned,2,64000.0
ORD003700,CUST03700,PRD0030,2025-01-22,completed,4,384000.0
ORD003701,CUST03701,PRD0012,2024-01-01,Cancelled,2,16000.0
ORD003702,CUST03702,PRD0026,2025-01-26,COMPLETED,5,31875.0
ORD003703,CUST03703,PRD0024,2024-05-18,Cancelled,1,3325.0
ORD003704,CUST03704,PRD0009,2026-05-26,,5,16625.0
ORD003705,CUST03705,PRD0020,2025-03-20,Cancelled,4,38000.0
ORD003706,CUST03706,PRD0009,2024-08-18,COMPLETED,3,324000.0
ORD003707,CUST03707,PRD0021,2025-04-22,cancelled,4,160000.0
ORD003708,CUST03708,PRD0005,2025-08-04,pending,2,72000.0
ORD003709,CUST03709,PRD0004,2025-08-12,Completed,2,8000.0
ORD003710,CUST03710,PRD0015,2024-04-12,Pending,1,96000.0
ORD003711,CUST03711,PRD0003,2024-08-25,COMPLETED,5,160000.0
ORD003712,CUST03712,PRD0013,2026-07-20,cancelled,1,12750.0
ORD003713,CUST03713,PRD0006,2024-08-31,completed,5,40000.0
ORD003714,CUST03714,PRD0008,2025-08-17,Cancelled,5,337500.0
ORD003715,CUST03715,PRD0004,2024-08-03,Returned,4,85000.0
ORD003716,CUST03716,PRD0025,2025-06-28,Completed,3,28500.0
ORD003717,CUST03717,PRD0009,2026-04-10,pending,3,9975.0
ORD003718,CUST03718,PRD0022,2025-12-01,Pending,3,306000.0
ORD003719,CUST03719,PRD0008,2025-08-23,Completed,3,213750.0
ORD003720,CUST03720,PRD0020,2025-07-23,Completed,2,204000.0
ORD003721,CUST03721,PRD0025,2025-12-08,completed,5,190000.0
ORD003722,CUST03722,PRD0008,2026-08-06,Cancelled,3,12750.0
ORD003723,CUST03723,PRD0026,2025-06-09,pending,4,25500.0
ORD003724,CUST03724,PRD0015,2024-12-03,COMPLETED,5,23750.0
ORD003725,CUST03725,PRD0030,2025-11-28,,3,213750.0
ORD003726,CUST03726,PRD0011,2024-04-05,,2,120000.0
ORD003727,CUST03727,PRD0029,2026-01-17,Cancelled,4,160000.0
ORD003728,CUST03728,PRD0007,2024-05-13,Completed,4,85000.0
ORD003729,CUST03729,PRD0004,2025-12-09,Pending,4,128000.0
ORD003730,CUST03730,PRD0006,2025-07-17,,1,67500.0
ORD003731,CUST03731,PRD0010,2024-06-29,,5,510000.0
ORD003732,CUST03732,PRD0028,2024-05-18,,5,40000.0
ORD003733,CUST03733,PRD0010,2025-11-02,Pending,4,384000.0
ORD003734,CUST03734,PRD0026,2024-02-04,cancelled,3,12750.0
ORD003735,CUST03735,PRD0015,2026-08-06,Returned,4,160000.0
ORD003736,CUST03736,PRD0027,2025-04-02,Completed,2,192000.0
ORD003737,CUST03737,PRD0016,2026-03-09,cancelled,2,9000.0
ORD003738,CUST03738,PRD0018,2024-04-17,,1,8500.0
ORD003739,CUST03739,PRD0015,2025-03-05,,2,9500.0
ORD003740,CUST03740,PRD0011,2024-11-25,COMPLETED,4,85000.0
ORD003741,CUST03741,PRD0004,2024-10-04,Completed,4,128000.0
ORD003742,CUST03742,PRD0010,2025-09-13,Pending,5,75000.0
ORD003743,CUST03743,PRD0022,2026-02-20,pending,5,118750.0
ORD003744,CUST03744,PRD0029,2024-06-17,Cancelled,1,3150.0
ORD003745,CUST03745,PRD0012,2026-07-22,Completed,1,96000.0
ORD003746,CUST03746,PRD0006,2026-06-09,Completed,4,90000.0
ORD003747,CUST03747,PRD0020,2026-07-31,Completed,3,22500.0
ORD003748,CUST03748,PRD0014,2024-07-28,COMPLETED,2,216000.0
ORD003749,CUST03749,PRD0003,2025-05-12,Completed,5,42500.0
ORD003750,CUST03750,PRD0009,2024-05-12,Cancelled,5,600000.0
ORD003751,CUST03751,PRD0021,2025-08-19,pending,1,3325.0
ORD003752,CUST03752,PRD0025,2024-10-06,,2,45000.0
ORD003753,CUST03753,PRD0004,2024-06-04,,2,19000.0
ORD003754,CUST03754,PRD0007,2025-12-17,Completed,5,15750.0
ORD003755,CUST03755,PRD0030,2026-07-01,COMPLETED,5,480000.0
ORD003756,CUST03756,PRD0015,2025-09-21,Completed,2,47500.0
ORD003757,CUST03757,PRD0023,2025-03-11,Completed,5,31875.0
ORD003758,CUST03758,PRD0028,2025-03-18,,5,540000.0
ORD003759,CUST03759,PRD0007,2024-06-14,Pending,3,36000.0
ORD003760,CUST03760,PRD0005,2025-05-21,Cancelled,2,47500.0
ORD003761,CUST03761,PRD0005,2026-03-03,Completed,2,8000.0
ORD003762,CUST03762,PRD0015,2026-04-16,COMPLETED,3,180000.0
ORD003763,CUST03763,PRD0011,2026-04-17,,4,160000.0
ORD003764,CUST03764,PRD0022,2025-08-25,Cancelled,4,24000.0
ORD003765,CUST03765,PRD0024,2024-09-04,COMPLETED,1,108000.0
ORD003766,CUST03766,PRD0022,2024-09-11,Cancelled,5,21250.0
ORD003767,CUST03767,PRD0013,2024-02-17,Cancelled,3,28500.0
ORD003768,CUST03768,PRD0018,2026-01-04,pending,1,21250.0
ORD003769,CUST03769,PRD0008,2026-03-10,cancelled,1,4500.0
ORD003770,CUST03770,PRD0023,2026-01-01,pending,1,32000.0
ORD003771,CUST03771,PRD0011,2024-02-01,,2,127500.0
ORD003772,CUST03772,PRD0019,2025-06-30,Completed,2,10000.0
ORD003773,CUST03773,PRD0001,2025-06-15,COMPLETED,1,71250.0
ORD003774,CUST03774,PRD0003,2026-06-08,completed,4,20000.0
ORD003775,CUST03775,PRD0016,2024-08-18,Cancelled,4,95000.0
ORD003776,CUST03776,PRD0025,2026-04-17,,1,4000.0
ORD003777,CUST03777,PRD0021,2026-02-20,Completed,1,9000.0
ORD003778,CUST03778,PRD0008,2026-05-12,pending,2,13500.0
ORD003779,CUST03779,PRD0006,2025-05-05,pending,3,191250.0
ORD003780,CUST03780,PRD0028,2026-02-01,Cancelled,5,318750.0
ORD003781,CUST03781,PRD0004,2024-08-01,,2,50000.0
ORD003782,CUST03782,PRD0023,2026-07-20,,2,17000.0
ORD003783,CUST03783,PRD0017,2025-05-28,Cancelled,3,27000.0
ORD003784,CUST03784,PRD0030,2024-04-12,completed,5,190000.0
ORD003785,CUST03785,PRD0013,2026-08-07,COMPLETED,5,35625.0
ORD003786,CUST03786,PRD0005,2024-08-22,Cancelled,1,2975.0
ORD003787,CUST03787,PRD0001,2024-01-05,Completed,3,18000.0
ORD003788,CUST03788,PRD0023,2026-07-23,Cancelled,1,120000.0
ORD003789,CUST03789,PRD0005,2026-01-13,cancelled,3,8400.0
ORD003790,CUST03790,PRD0005,2024-07-03,COMPLETED,2,10000.0
ORD003791,CUST03791,PRD0013,2026-03-20,cancelled,4,90000.0
ORD003792,CUST03792,PRD0026,2024-02-06,Pending,3,27000.0
ORD003793,CUST03793,PRD0003,2025-08-25,Pending,4,12600.0
ORD003794,CUST03794,PRD0021,2024-06-25,Completed,5,160000.0
ORD003795,CUST03795,PRD0022,2024-09-11,Cancelled,3,12000.0
ORD003796,CUST03796,PRD0001,2024-11-02,cancelled,5,75000.0
ORD003797,CUST03797,PRD0002,2025-01-31,COMPLETED,3,8925.0
ORD003798,CUST03798,PRD0015,2024-03-17,pending,3,342000.0
ORD003799,CUST03799,PRD0016,2025-10-03,pending,2,80000.0
ORD003800,CUST03800,PRD0030,2025-06-21,Completed,2,228000.0
ORD003801,CUST03801,PRD0014,2025-01-14,Returned,4,432000.0
ORD003802,CUST03802,PRD0027,2025-12-09,cancelled,2,8500.0
ORD003803,CUST03803,PRD0024,2024-12-20,Completed,1,2800.0
ORD003804,CUST03804,PRD0029,2026-07-12,Cancelled,3,28500.0
ORD003805,CUST03805,PRD0025,2024-06-17,Completed,1,22500.0
ORD003806,CUST03806,PRD0029,2024-09-26,Completed,1,6000.0
ORD003807,CUST03807,PRD0019,2024-01-13,cancelled,3,71250.0
ORD003808,CUST03808,PRD0023,2024-12-05,Completed,2,127500.0
ORD003809,CUST03809,PRD0001,2026-08-01,pending,2,120000.0
ORD003810,CUST03810,PRD0006,2025-04-26,COMPLETED,3,202500.0
ORD003811,CUST03811,PRD0027,2024-08-21,Returned,2,30000.0
ORD003812,CUST03812,PRD0010,2025-11-19,,3,38250.0
ORD003813,CUST03813,PRD0014,2025-08-08,Pending,1,7500.0
ORD003814,CUST03814,PRD0020,2025-07-29,Completed,4,11200.0
ORD003815,CUST03815,PRD0002,2024-09-22,COMPLETED,4,90000.0
ORD003816,CUST03816,PRD0013,2026-04-09,Pending,2,228000.0
ORD003817,CUST03817,PRD0013,2024-07-30,Returned,1,4250.0
ORD003818,CUST03818,PRD0025,2024-06-14,cancelled,2,10000.0
ORD003819,CUST03819,PRD0009,2025-03-27,Pending,4,11900.0
ORD003820,CUST03820,PRD0002,2026-06-05,Pending,2,8500.0
ORD003821,CUST03821,PRD0001,2025-07-03,Completed,5,60000.0
ORD003822,CUST03822,PRD0025,2025-11-20,completed,3,202500.0
ORD003823,CUST03823,PRD0020,2024-12-31,completed,2,9500.0
ORD003824,CUST03824,PRD0028,2025-04-24,completed,3,12000.0
ORD003825,CUST03825,PRD0024,2024-10-15,Pending,3,180000.0
ORD003826,CUST03826,PRD0005,2024-11-16,Cancelled,2,150000.0
ORD003827,CUST03827,PRD0014,2024-07-06,Completed,4,384000.0
ORD003828,CUST03828,PRD0007,2025-06-04,Completed,2,8000.0
ORD003829,CUST03829,PRD0014,2025-01-24,COMPLETED,3,19125.0
ORD003830,CUST03830,PRD0002,2024-07-13,Completed,2,8500.0
ORD003831,CUST03831,PRD0022,2024-10-22,,5,42500.0
ORD003832,CUST03832,PRD0028,2025-05-11,completed,1,4000.0
ORD003833,CUST03833,PRD0006,2024-05-15,pending,2,216000.0
ORD003834,CUST03834,PRD0022,2026-07-16,,3,306000.0
ORD003835,CUST03835,PRD0014,2026-04-07,Cancelled,5,45000.0
ORD003836,CUST03836,PRD0018,2024-08-02,COMPLETED,4,25500.0
ORD003837,CUST03837,PRD0004,2024-10-24,Pending,3,12000.0
ORD003838,CUST03838,PRD0014,2026-08-20,pending,3,24000.0
ORD003839,CUST03839,PRD0027,2024-12-25,,4,136000.0
ORD003840,CUST03840,PRD0023,2024-01-12,COMPLETED,5,17500.0
ORD003841,CUST03841,PRD0003,2024-10-26,Pending,3,25500.0
ORD003842,CUST03842,PRD0001,2024-03-29,Completed,2,142500.0
ORD003843,CUST03843,PRD0003,2024-05-18,Completed,3,12750.0
ORD003844,CUST03844,PRD0030,2024-05-28,Completed,3,8925.0
ORD003845,CUST03845,PRD0025,2025-06-27,,1,8500.0
ORD003846,CUST03846,PRD0023,2025-08-12,COMPLETED,5,16625.0
ORD003847,CUST03847,PRD0002,2024-07-30,Returned,5,45000.0
ORD003848,CUST03848,PRD0014,2026-08-11,Cancelled,5,100000.0
ORD003849,CUST03849,PRD0014,2025-08-17,Cancelled,5,20000.0
ORD003850,CUST03850,PRD0026,2024-04-06,completed,1,40000.0
ORD003851,CUST03851,PRD0012,2026-02-20,Completed,1,12750.0
ORD003852,CUST03852,PRD0007,2025-06-29,COMPLETED,2,228000.0
ORD003853,CUST03853,PRD0030,2025-01-13,Pending,2,204000.0
ORD003854,CUST03854,PRD0021,2025-03-27,cancelled,1,102000.0
ORD003855,CUST03855,PRD0022,2024-10-06,COMPLETED,2,14250.0
ORD003856,CUST03856,PRD0001,2024-10-28,Completed,5,71250.0
ORD003857,CUST03857,PRD0011,2026-02-09,COMPLETED,4,12600.0
ORD003858,CUST03858,PRD0015,2025-01-18,Cancelled,4,24000.0
ORD003859,CUST03859,PRD0027,2025-09-15,Completed,4,160000.0
ORD003860,CUST03860,PRD0006,2026-02-18,,1,63750.0
ORD003861,CUST03861,PRD0024,2026-01-17,Completed,2,150000.0
ORD003862,CUST03862,PRD0026,2025-11-14,Pending,3,8400.0
ORD003863,CUST03863,PRD0018,2025-12-27,Completed,5,100000.0
ORD003864,CUST03864,PRD0004,2024-05-14,Completed,2,216000.0
ORD003865,CUST03865,PRD0023,2025-01-28,Cancelled,4,408000.0
ORD003866,CUST03866,PRD0027,2025-07-14,completed,5,118750.0
ORD003867,CUST03867,PRD0019,2026-08-19,Completed,5,300000.0
ORD003868,CUST03868,PRD0007,2024-05-10,Completed,5,300000.0
ORD003869,CUST03869,PRD0011,2026-08-17,completed,2,13500.0
ORD003870,CUST03870,PRD0009,2024-12-12,cancelled,5,33750.0
ORD003871,CUST03871,PRD0023,2024-02-21,,1,3325.0
ORD003872,CUST03872,PRD0022,2026-07-08,Completed,2,13500.0
ORD003873,CUST03873,PRD0025,2025-07-23,cancelled,2,42500.0
ORD003874,CUST03874,PRD0018,2025-02-28,Pending,1,3325.0
ORD003875,CUST03875,PRD0027,2026-07-07,Completed,2,127500.0
ORD003876,CUST03876,PRD0026,2024-08-15,Pending,3,63750.0
ORD003877,CUST03877,PRD0012,2025-05-31,Completed,4,270000.0
ORD003878,CUST03878,PRD0024,2024-02-22,Cancelled,4,57000.0
ORD003879,CUST03879,PRD0021,2026-07-01,COMPLETED,1,120000.0
ORD003880,CUST03880,PRD0004,2024-04-15,COMPLETED,5,125000.0
ORD003881,CUST03881,PRD0010,2025-11-29,cancelled,4,16000.0
ORD003882,CUST03882,PRD0012,2025-03-24,Cancelled,4,408000.0
ORD003883,CUST03883,PRD0016,2024-02-05,,4,300000.0
ORD003884,CUST03884,PRD0004,2024-02-03,cancelled,1,67500.0
ORD003885,CUST03885,PRD0024,2026-05-24,Pending,3,12000.0
ORD003886,CUST03886,PRD0003,2026-08-27,cancelled,4,480000.0
ORD003887,CUST03887,PRD0015,2024-09-02,pending,1,5000.0
ORD003888,CUST03888,PRD0004,2024-02-26,Completed,3,12750.0
ORD003889,CUST03889,PRD0020,2025-02-02,Completed,1,102000.0
ORD003890,CUST03890,PRD0029,2025-02-03,Returned,1,4500.0
ORD003891,CUST03891,PRD0003,2025-06-20,Cancelled,1,25000.0
ORD003892,CUST03892,PRD0027,2026-04-18,Completed,4,24000.0
ORD003893,CUST03893,PRD0011,2025-10-04,Completed,2,80000.0
ORD003894,CUST03894,PRD0002,2024-01-17,Completed,4,144000.0
ORD003895,CUST03895,PRD0006,2024-10-27,Cancelled,3,324000.0
ORD003896,CUST03896,PRD0026,2025-02-04,,3,22500.0
ORD003897,CUST03897,PRD0009,2025-03-04,,5,15750.0
ORD003898,CUST03898,PRD0009,2025-05-18,Cancelled,2,216000.0
ORD003899,CUST03899,PRD0006,2026-08-14,COMPLETED,3,63750.0
ORD003900,CUST03900,PRD0029,2025-04-25,COMPLETED,3,75000.0
ORD003901,CUST03901,PRD0022,2024-03-29,Cancelled,4,40000.0
ORD003902,CUST03902,PRD0027,2026-06-24,Cancelled,3,60000.0
ORD003903,CUST03903,PRD0009,2025-06-23,Cancelled,5,20000.0
ORD003904,CUST03904,PRD0003,2025-03-09,Pending,5,71250.0
ORD003905,CUST03905,PRD0011,2026-06-22,Completed,4,38000.0
ORD003906,CUST03906,PRD0003,2025-11-17,cancelled,2,42500.0
ORD003907,CUST03907,PRD0011,2025-11-03,completed,4,408000.0
ORD003908,CUST03908,PRD0009,2025-12-27,pending,3,18000.0
ORD003909,CUST03909,PRD0024,2024-12-18,Completed,2,135000.0
ORD003910,CUST03910,PRD0025,2025-04-16,Cancelled,4,160000.0
ORD003911,CUST03911,PRD0022,2025-09-20,completed,3,12750.0
ORD003912,CUST03912,PRD0023,2025-02-18,cancelled,2,25500.0
ORD003913,CUST03913,PRD0020,2025-10-16,Cancelled,2,17000.0
ORD003914,CUST03914,PRD0029,2025-05-30,cancelled,5,337500.0
ORD003915,CUST03915,PRD0011,2024-07-10,,2,27000.0
ORD003916,CUST03916,PRD0010,2024-07-29,COMPLETED,2,19000.0
ORD003917,CUST03917,PRD0027,2024-01-24,Completed,5,540000.0
ORD003918,CUST03918,PRD0007,2024-11-19,Returned,4,30000.0
ORD003919,CUST03919,PRD0003,2026-03-03,Completed,1,3150.0
ORD003920,CUST03920,PRD0002,2025-01-20,completed,3,25500.0
ORD003921,CUST03921,PRD0020,2025-11-08,Cancelled,4,270000.0
ORD003922,CUST03922,PRD0023,2026-04-21,Pending,3,342000.0
ORD003923,CUST03923,PRD0006,2024-01-01,Completed,3,15000.0
ORD003924,CUST03924,PRD0008,2025-05-25,Cancelled,1,120000.0
ORD003925,CUST03925,PRD0010,2026-06-13,,3,12000.0
ORD003926,CUST03926,PRD0021,2026-01-17,Cancelled,5,35625.0
ORD003927,CUST03927,PRD0021,2026-04-21,cancelled,3,9975.0
ORD003928,CUST03928,PRD0015,2026-01-15,Completed,2,40000.0
ORD003929,CUST03929,PRD0016,2026-07-29,completed,4,480000.0
ORD003930,CUST03930,PRD0001,2026-04-20,Cancelled,1,15000.0
ORD003931,CUST03931,PRD0021,2024-10-27,COMPLETED,4,240000.0
ORD003932,CUST03932,PRD0017,2024-02-24,Completed,4,34000.0
ORD003933,CUST03933,PRD0019,2025-12-06,completed,5,375000.0
ORD003934,CUST03934,PRD0015,2024-11-05,Pending,4,408000.0
ORD003935,CUST03935,PRD0012,2024-03-07,Completed,3,30000.0
ORD003936,CUST03936,PRD0023,2025-10-26,Completed,3,21375.0
ORD003937,CUST03937,PRD0026,2025-11-13,COMPLETED,4,285000.0
ORD003938,CUST03938,PRD0030,2025-12-19,cancelled,3,108000.0
ORD003939,CUST03939,PRD0001,2025-12-30,Completed,4,300000.0
ORD003940,CUST03940,PRD0018,2025-10-21,COMPLETED,2,204000.0
ORD003941,CUST03941,PRD0016,2025-07-23,COMPLETED,3,25500.0
ORD003942,CUST03942,PRD0028,2025-04-11,Cancelled,4,17000.0
ORD003943,CUST03943,PRD0003,2026-05-02,cancelled,2,216000.0
ORD003944,CUST03944,PRD0026,2026-08-20,Completed,4,90000.0
ORD003945,CUST03945,PRD0013,2025-11-15,Pending,1,4750.0
ORD003946,CUST03946,PRD0007,2025-01-14,pending,3,20250.0
ORD003947,CUST03947,PRD0001,2025-01-02,pending,1,9000.0
ORD003948,CUST03948,PRD0030,2025-05-26,Completed,5,190000.0
ORD003949,CUST03949,PRD0014,2025-05-25,Cancelled,4,85000.0
ORD003950,CUST03950,PRD0015,2026-07-11,cancelled,5,67500.0
ORD003951,CUST03951,PRD0030,2024-03-07,cancelled,3,306000.0
ORD003952,CUST03952,PRD0028,2025-03-23,Completed,5,17500.0
ORD003953,CUST03953,PRD0011,2024-09-23,,1,6375.0
ORD003954,CUST03954,PRD0012,2024-06-07,cancelled,3,36000.0
ORD003955,CUST03955,PRD0019,2026-08-16,,5,67500.0
ORD003956,CUST03956,PRD0018,2025-11-30,Returned,3,102000.0
ORD003957,CUST03957,PRD0002,2025-08-15,COMPLETED,1,114000.0
ORD003958,CUST03958,PRD0029,2026-08-23,Completed,3,75000.0
ORD003959,CUST03959,PRD0010,2026-05-27,,1,63750.0
ORD003960,CUST03960,PRD0015,2026-07-26,Returned,2,24000.0
ORD003961,CUST03961,PRD0028,2025-11-24,Completed,5,356250.0
ORD003962,CUST03962,PRD0013,2024-12-19,completed,3,22500.0
ORD003963,CUST03963,PRD0013,2026-07-30,Cancelled,5,510000.0
ORD003964,CUST03964,PRD0005,2024-10-04,Cancelled,3,288000.0
ORD003965,CUST03965,PRD0022,2025-11-05,pending,4,144000.0
ORD003966,CUST03966,PRD0004,2024-05-19,completed,1,40000.0
ORD003967,CUST03967,PRD0021,2026-01-13,pending,5,300000.0
ORD003968,CUST03968,PRD0020,2026-07-28,Completed,3,63750.0
ORD003969,CUST03969,PRD0016,2025-03-24,Returned,2,9500.0
ORD003970,CUST03970,PRD0027,2024-12-19,Completed,3,71250.0
ORD003971,CUST03971,PRD0022,2026-03-27,COMPLETED,4,48000.0
ORD003972,CUST03972,PRD0027,2026-01-03,Completed,1,4000.0
ORD003973,CUST03973,PRD0013,2024-11-06,,3,324000.0
ORD003974,CUST03974,PRD0012,2026-03-30,Completed,2,8000.0
ORD003975,CUST03975,PRD0022,2024-10-17,Completed,4,13300.0
ORD003976,CUST03976,PRD0007,2026-06-20,COMPLETED,1,96000.0
ORD003977,CUST03977,PRD0030,2026-02-19,cancelled,1,3500.0
ORD003978,CUST03978,PRD0027,2024-07-20,,1,8500.0
ORD003979,CUST03979,PRD0014,2025-11-02,COMPLETED,4,38000.0
ORD003980,CUST03980,PRD0014,2025-01-24,pending,1,6750.0
ORD003981,CUST03981,PRD0015,2025-05-16,Completed,1,4500.0
ORD003982,CUST03982,PRD0027,2024-12-15,completed,3,20250.0
ORD003983,CUST03983,PRD0007,2024-02-20,cancelled,5,570000.0
ORD003984,CUST03984,PRD0012,2026-04-08,completed,2,30000.0
ORD003985,CUST03985,PRD0029,2025-08-04,Pending,1,67500.0
ORD003986,CUST03986,PRD0020,2024-10-03,completed,1,7125.0
ORD003987,CUST03987,PRD0013,2025-12-27,cancelled,2,47500.0
ORD003988,CUST03988,PRD0001,2025-04-22,Pending,5,118750.0
ORD003989,CUST03989,PRD0013,2025-08-27,Returned,3,36000.0
ORD003990,CUST03990,PRD0026,2024-06-13,Completed,1,3325.0
ORD003991,CUST03991,PRD0024,2024-05-21,Pending,4,11200.0
ORD003992,CUST03992,PRD0027,2024-05-07,COMPLETED,5,106250.0
ORD003993,CUST03993,PRD0007,2025-01-13,pending,5,510000.0
ORD003994,CUST03994,PRD0029,2026-05-29,Pending,3,15000.0
ORD003995,CUST03995,PRD0011,2025-06-21,completed,2,8000.0
ORD003996,CUST03996,PRD0025,2024-07-30,Completed,5,510000.0
ORD003997,CUST03997,PRD0008,2025-03-31,Cancelled,5,170000.0
ORD003998,CUST03998,PRD0022,2026-05-12,Completed,1,120000.0
ORD003999,CUST03999,PRD0015,2024-11-26,pending,4,16000.0
ORD004000,CUST04000,PRD0015,2026-06-12,Pending,2,10000.0
ORD004001,CUST04001,PRD0017,2024-06-24,Cancelled,3,22500.0
ORD004002,CUST04002,PRD0011,2024-12-01,Returned,1,9000.0
ORD004003,CUST04003,PRD0027,2024-11-16,Completed,4,51000.0
ORD004004,CUST04004,PRD0024,2024-11-23,Completed,4,28500.0
ORD004005,CUST04005,PRD0020,2026-03-13,Cancelled,3,13500.0
ORD004006,CUST04006,PRD0005,2024-11-26,,2,13500.0
ORD004007,CUST04007,PRD0011,2025-02-01,pending,5,600000.0
ORD004008,CUST04008,PRD0006,2026-01-31,,5,21250.0
ORD004009,CUST04009,PRD0026,2025-11-23,cancelled,4,57000.0
ORD004010,CUST04010,PRD0002,2026-07-28,pending,5,17500.0
ORD004011,CUST04011,PRD0021,2026-02-28,Completed,2,72000.0
ORD004012,CUST04012,PRD0016,2025-09-28,Cancelled,3,19125.0
ORD004013,CUST04013,PRD0024,2025-11-11,Completed,2,150000.0
ORD004014,CUST04014,PRD0016,2024-02-21,Cancelled,5,337500.0
ORD004015,CUST04015,PRD0023,2025-10-24,Completed,3,288000.0
ORD004016,CUST04016,PRD0011,2026-02-11,Completed,3,13500.0
ORD004017,CUST04017,PRD0020,2024-12-19,Completed,3,8400.0
ORD004018,CUST04018,PRD0007,2024-12-04,Returned,4,85000.0
ORD004019,CUST04019,PRD0028,2025-11-19,,1,3150.0
ORD004020,CUST04020,PRD0012,2025-02-18,completed,4,255000.0
ORD004021,CUST04021,PRD0028,2024-09-23,completed,2,135000.0
ORD004022,CUST04022,PRD0018,2024-04-19,Cancelled,5,25000.0
ORD004023,CUST04023,PRD0024,2024-10-11,completed,1,32000.0
ORD004024,CUST04024,PRD0006,2026-01-06,cancelled,2,40000.0
ORD004025,CUST04025,PRD0019,2024-05-20,Returned,3,19125.0
ORD004026,CUST04026,PRD0016,2025-05-05,completed,5,15750.0
ORD004027,CUST04027,PRD0023,2024-04-15,,1,4250.0
ORD004028,CUST04028,PRD0027,2024-10-14,Completed,2,12750.0
ORD004029,CUST04029,PRD0001,2025-02-20,,5,100000.0
ORD004030,CUST04030,PRD0029,2025-07-14,,4,408000.0
ORD004031,CUST04031,PRD0009,2024-06-17,Completed,5,570000.0
ORD004032,CUST04032,PRD0024,2024-02-20,Completed,3,71250.0
ORD004033,CUST04033,PRD0020,2026-08-24,completed,2,16000.0
ORD004034,CUST04034,PRD0007,2024-05-07,Completed,5,14875.0
ORD004035,CUST04035,PRD0030,2025-12-28,completed,3,45000.0
ORD004036,CUST04036,PRD0006,2024-01-10,Cancelled,1,3150.0
ORD004037,CUST04037,PRD0020,2026-07-15,,1,8000.0
ORD004038,CUST04038,PRD0011,2025-10-11,Pending,4,85000.0
ORD004039,CUST04039,PRD0022,2025-05-03,,5,67500.0
ORD004040,CUST04040,PRD0030,2024-03-29,cancelled,2,80000.0
ORD004041,CUST04041,PRD0015,2025-01-17,,5,22500.0
ORD004042,CUST04042,PRD0026,2025-12-11,Completed,4,51000.0
ORD004043,CUST04043,PRD0005,2025-05-22,Completed,3,20250.0
ORD004044,CUST04044,PRD0020,2024-02-09,Pending,3,108000.0
ORD004045,CUST04045,PRD0027,2024-08-16,Completed,1,34000.0
ORD004046,CUST04046,PRD0021,2026-06-15,Completed,1,32000.0
ORD004047,CUST04047,PRD0007,2024-10-03,COMPLETED,4,384000.0
ORD004048,CUST04048,PRD0014,2024-08-22,completed,2,120000.0
ORD004049,CUST04049,PRD0012,2024-02-07,completed,1,7500.0
ORD004050,CUST04050,PRD0013,2025-04-02,cancelled,1,60000.0
ORD004051,CUST04051,PRD0011,2026-04-28,Completed,4,38000.0
ORD004052,CUST04052,PRD0003,2024-08-18,Pending,5,45000.0
ORD004053,CUST04053,PRD0012,2025-03-23,Pending,1,75000.0
ORD004054,CUST04054,PRD0009,2025-05-16,pending,5,15750.0
ORD004055,CUST04055,PRD0005,2025-09-21,Cancelled,4,300000.0
ORD004056,CUST04056,PRD0003,2024-03-03,,4,255000.0
ORD004057,CUST04057,PRD0001,2025-11-04,completed,5,190000.0
ORD004058,CUST04058,PRD0009,2026-01-11,Returned,1,2800.0
ORD004059,CUST04059,PRD0005,2025-07-14,cancelled,2,8500.0
ORD004060,CUST04060,PRD0019,2025-08-31,,2,7000.0
ORD004061,CUST04061,PRD0020,2024-07-13,pending,5,42500.0
ORD004062,CUST04062,PRD0005,2024-12-15,Completed,3,225000.0
ORD004063,CUST04063,PRD0023,2025-08-29,Completed,2,6650.0
ORD004064,CUST04064,PRD0001,2024-11-07,Completed,1,7125.0
ORD004065,CUST04065,PRD0027,2025-10-31,,3,28500.0
ORD004066,CUST04066,PRD0010,2026-06-20,pending,2,30000.0
ORD004067,CUST04067,PRD0018,2026-07-12,,5,14875.0
ORD004068,CUST04068,PRD0002,2024-09-15,Completed,5,50000.0
ORD004069,CUST04069,PRD0022,2025-07-29,Pending,3,40500.0
ORD004070,CUST04070,PRD0021,2025-03-05,COMPLETED,4,48000.0
ORD004071,CUST04071,PRD0029,2026-02-24,Completed,4,408000.0
ORD004072,CUST04072,PRD0025,2025-09-28,Returned,4,270000.0
ORD004073,CUST04073,PRD0026,2024-05-24,cancelled,1,102000.0
ORD004074,CUST04074,PRD0014,2025-08-09,Cancelled,1,71250.0
ORD004075,CUST04075,PRD0019,2025-12-24,Cancelled,2,40000.0
ORD004076,CUST04076,PRD0006,2026-08-28,completed,1,8500.0
ORD004077,CUST04077,PRD0026,2026-08-24,pending,5,510000.0
ORD004078,CUST04078,PRD0026,2024-01-15,,2,24000.0
ORD004079,CUST04079,PRD0017,2025-06-07,Returned,2,27000.0
ORD004080,CUST04080,PRD0013,2025-03-05,completed,5,20000.0
ORD004081,CUST04081,PRD0023,2024-08-24,,1,12000.0
ORD004082,CUST04082,PRD0030,2024-02-12,completed,2,72000.0
ORD004083,CUST04083,PRD0018,2025-12-17,completed,5,112500.0
ORD004084,CUST04084,PRD0005,2025-03-17,cancelled,3,63750.0
ORD004085,CUST04085,PRD0004,2024-01-10,Completed,2,45000.0
ORD004086,CUST04086,PRD0003,2026-04-12,Returned,5,318750.0
ORD004087,CUST04087,PRD0001,2025-05-21,pending,3,114000.0
ORD004088,CUST04088,PRD0005,2026-05-26,,1,96000.0
ORD004089,CUST04089,PRD0024,2025-02-13,Cancelled,3,180000.0
ORD004090,CUST04090,PRD0008,2024-03-11,Pending,5,42500.0
ORD004091,CUST04091,PRD0020,2025-05-10,COMPLETED,2,192000.0
ORD004092,CUST04092,PRD0028,2025-10-24,completed,2,42500.0
ORD004093,CUST04093,PRD0012,2025-07-25,Completed,3,9975.0
ORD004094,CUST04094,PRD0003,2025-07-27,,1,67500.0
ORD004095,CUST04095,PRD0005,2024-11-04,cancelled,2,204000.0
ORD004096,CUST04096,PRD0023,2024-07-18,Pending,5,42500.0
ORD004097,CUST04097,PRD0004,2024-02-20,Pending,1,3150.0
ORD004098,CUST04098,PRD0002,2025-02-05,cancelled,5,14875.0
ORD004099,CUST04099,PRD0020,2024-02-29,Cancelled,3,45000.0
ORD004100,CUST04100,PRD0022,2025-05-25,completed,5,63750.0
ORD004101,CUST04101,PRD0028,2024-01-11,completed,5,300000.0
ORD004102,CUST04102,PRD0015,2024-10-07,cancelled,5,23750.0
ORD004103,CUST04103,PRD0029,2026-02-08,Completed,4,27000.0
ORD004104,CUST04104,PRD0012,2024-03-16,Completed,4,136000.0
ORD004105,CUST04105,PRD0016,2026-03-20,cancelled,4,240000.0
ORD004106,CUST04106,PRD0024,2026-01-04,cancelled,1,8500.0
ORD004107,CUST04107,PRD0009,2026-03-25,completed,5,16625.0
ORD004108,CUST04108,PRD0020,2025-03-27,COMPLETED,1,3325.0
ORD004109,CUST04109,PRD0007,2024-05-28,COMPLETED,4,48000.0
ORD004110,CUST04110,PRD0015,2025-01-10,Pending,1,21250.0
ORD004111,CUST04111,PRD0019,2025-08-31,Pending,4,85000.0
ORD004112,CUST04112,PRD0026,2024-08-30,Completed,2,12000.0
ORD004113,CUST04113,PRD0020,2025-04-04,completed,5,30000.0
ORD004114,CUST04114,PRD0029,2024-03-21,COMPLETED,1,60000.0
ORD004115,CUST04115,PRD0014,2025-05-14,Completed,1,4750.0
ORD004116,CUST04116,PRD0001,2024-06-24,completed,1,96000.0
ORD004117,CUST04117,PRD0024,2026-02-09,cancelled,2,42500.0
ORD004118,CUST04118,PRD0007,2024-08-28,Pending,1,60000.0
ORD004119,CUST04119,PRD0020,2024-11-23,pending,5,318750.0
ORD004120,CUST04120,PRD0027,2025-11-11,Cancelled,2,17000.0
ORD004121,CUST04121,PRD0009,2025-06-26,completed,2,8500.0
ORD004122,CUST04122,PRD0026,2024-02-07,Completed,2,14250.0
ORD004123,CUST04123,PRD0003,2025-11-03,,5,170000.0
ORD004124,CUST04124,PRD0016,2026-05-09,,1,96000.0
ORD004125,CUST04125,PRD0018,2025-12-13,Pending,3,191250.0
ORD004126,CUST04126,PRD0023,2026-04-11,Completed,5,106250.0
ORD004127,CUST04127,PRD0009,2024-03-19,cancelled,1,7500.0
ORD004128,CUST04128,PRD0018,2025-02-10,COMPLETED,4,18000.0
ORD004129,CUST04129,PRD0010,2025-04-21,Completed,4,20000.0
ORD004130,CUST04130,PRD0028,2024-05-17,pending,2,80000.0
ORD004131,CUST04131,PRD0009,2025-05-21,Completed,2,68000.0
ORD004132,CUST04132,PRD0029,2024-07-22,Completed,2,76000.0
ORD004133,CUST04133,PRD0012,2025-08-14,COMPLETED,5,67500.0
ORD004134,CUST04134,PRD0023,2024-08-08,Completed,4,85000.0
ORD004135,CUST04135,PRD0006,2025-11-23,completed,1,25000.0
ORD004136,CUST04136,PRD0013,2024-11-01,,2,14250.0
ORD004137,CUST04137,PRD0004,2024-08-30,Completed,3,12000.0
ORD004138,CUST04138,PRD0016,2024-01-03,Pending,3,18000.0
ORD004139,CUST04139,PRD0004,2025-08-02,Cancelled,5,23750.0
ORD004140,CUST04140,PRD0021,2024-09-08,cancelled,2,216000.0
ORD004141,CUST04141,PRD0007,2026-03-12,completed,1,3325.0
ORD004142,CUST04142,PRD0028,2024-04-10,Completed,4,57000.0
ORD004143,CUST04143,PRD0019,2025-05-03,Cancelled,5,47500.0
ORD004144,CUST04144,PRD0001,2025-09-17,Cancelled,3,108000.0
ORD004145,CUST04145,PRD0019,2025-03-10,,1,12750.0
ORD004146,CUST04146,PRD0003,2025-03-31,Cancelled,1,15000.0
ORD004147,CUST04147,PRD0010,2025-03-22,Cancelled,3,342000.0
ORD004148,CUST04148,PRD0016,2024-10-28,Completed,2,6650.0
ORD004149,CUST04149,PRD0002,2025-11-26,Returned,2,12000.0
ORD004150,CUST04150,PRD0010,2025-09-14,Cancelled,5,14875.0
ORD004151,CUST04151,PRD0021,2025-06-05,Returned,4,11900.0
ORD004152,CUST04152,PRD0023,2024-10-25,Completed,5,106250.0
ORD004153,CUST04153,PRD0029,2024-11-17,completed,5,23750.0
ORD004154,CUST04154,PRD0026,2026-03-11,COMPLETED,2,204000.0
ORD004155,CUST04155,PRD0009,2024-05-06,Completed,1,5000.0
ORD004156,CUST04156,PRD0012,2024-03-28,pending,5,14875.0
ORD004157,CUST04157,PRD0024,2025-06-17,completed,3,12000.0
ORD004158,CUST04158,PRD0004,2026-01-16,COMPLETED,2,135000.0
ORD004159,CUST04159,PRD0020,2025-02-14,cancelled,2,6650.0
ORD004160,CUST04160,PRD0015,2024-07-19,Pending,5,47500.0
ORD004161,CUST04161,PRD0028,2024-02-18,,2,5950.0
ORD004162,CUST04162,PRD0029,2024-01-26,,4,90000.0
ORD004163,CUST04163,PRD0017,2024-12-10,COMPLETED,5,14000.0
ORD004164,CUST04164,PRD0005,2025-07-12,,3,67500.0
ORD004165,CUST04165,PRD0022,2024-11-20,Completed,5,67500.0
ORD004166,CUST04166,PRD0004,2024-01-31,Completed,2,216000.0
ORD004167,CUST04167,PRD0006,2024-05-21,Completed,1,9500.0
ORD004168,CUST04168,PRD0018,2024-06-17,,4,14000.0
ORD004169,CUST04169,PRD0008,2025-06-02,Cancelled,4,20000.0
ORD004170,CUST04170,PRD0014,2025-04-26,,1,40000.0
ORD004171,CUST04171,PRD0013,2025-01-11,Completed,2,120000.0
ORD004172,CUST04172,PRD0029,2026-08-28,,4,480000.0
ORD004173,CUST04173,PRD0023,2024-09-22,COMPLETED,4,11900.0
ORD004174,CUST04174,PRD0030,2026-06-28,,1,9000.0
ORD004175,CUST04175,PRD0019,2025-12-29,,1,34000.0
ORD004176,CUST04176,PRD0006,2026-08-05,,5,21250.0
ORD004177,CUST04177,PRD0005,2026-08-27,Completed,2,40000.0
ORD004178,CUST04178,PRD0015,2024-09-30,cancelled,2,45000.0
ORD004179,CUST04179,PRD0005,2025-03-10,Pending,2,76000.0
ORD004180,CUST04180,PRD0016,2024-06-09,Completed,5,31875.0
ORD004181,CUST04181,PRD0010,2024-03-06,Completed,2,68000.0
ORD004182,CUST04182,PRD0023,2024-09-17,Completed,3,38250.0
ORD004183,CUST04183,PRD0024,2025-11-28,Completed,2,228000.0
ORD004184,CUST04184,PRD0002,2025-12-27,cancelled,4,160000.0
ORD004185,CUST04185,PRD0001,2024-09-14,COMPLETED,1,4750.0
ORD004186,CUST04186,PRD0005,2026-08-02,Completed,2,28500.0
ORD004187,CUST04187,PRD0005,2024-01-28,Cancelled,4,285000.0
ORD004188,CUST04188,PRD0021,2026-04-06,,5,337500.0
ORD004189,CUST04189,PRD0025,2025-05-28,Pending,2,42500.0
ORD004190,CUST04190,PRD0007,2024-12-13,Returned,1,21250.0
ORD004191,CUST04191,PRD0022,2026-05-26,Cancelled,1,8000.0
ORD004192,CUST04192,PRD0024,2024-05-04,Pending,2,5950.0
ORD004193,CUST04193,PRD0014,2025-01-09,Completed,4,160000.0
ORD004194,CUST04194,PRD0017,2025-01-26,Completed,5,570000.0
ORD004195,CUST04195,PRD0006,2025-06-10,Pending,5,42500.0
ORD004196,CUST04196,PRD0010,2025-03-04,,4,152000.0
ORD004197,CUST04197,PRD0017,2025-05-15,Completed,4,160000.0
ORD004198,CUST04198,PRD0019,2025-09-12,COMPLETED,1,8500.0
ORD004199,CUST04199,PRD0004,2024-02-18,COMPLETED,1,6375.0
ORD004200,CUST04200,PRD0006,2024-12-21,Completed,3,8925.0
ORD004201,CUST04201,PRD0030,2025-03-19,completed,3,27000.0
ORD004202,CUST04202,PRD0013,2024-05-04,,2,30000.0
ORD004203,CUST04203,PRD0017,2024-05-19,pending,5,17500.0
ORD004204,CUST04204,PRD0030,2024-09-06,Returned,2,14250.0
ORD004205,CUST04205,PRD0009,2025-12-15,Returned,3,180000.0
ORD004206,CUST04206,PRD0019,2026-03-03,COMPLETED,2,45000.0
ORD004207,CUST04207,PRD0028,2025-01-06,cancelled,2,228000.0
ORD004208,CUST04208,PRD0010,2025-06-18,cancelled,2,216000.0
ORD004209,CUST04209,PRD0025,2024-04-26,,4,80000.0
ORD004210,CUST04210,PRD0016,2025-03-17,pending,1,7125.0
ORD004211,CUST04211,PRD0001,2025-12-19,cancelled,4,12600.0
ORD004212,CUST04212,PRD0011,2024-04-08,completed,1,22500.0
ORD004213,CUST04213,PRD0024,2024-11-10,,1,3500.0
ORD004214,CUST04214,PRD0024,2026-01-29,completed,1,4500.0
ORD004215,CUST04215,PRD0030,2025-10-12,Pending,1,8000.0
ORD004216,CUST04216,PRD0013,2025-09-06,Completed,1,9500.0
ORD004217,CUST04217,PRD0025,2025-08-25,,3,40500.0
ORD004218,CUST04218,PRD0029,2025-01-24,Completed,3,324000.0
ORD004219,CUST04219,PRD0022,2024-05-09,Cancelled,2,19000.0
ORD004220,CUST04220,PRD0003,2026-01-13,cancelled,5,14875.0
ORD004221,CUST04221,PRD0011,2024-09-06,Cancelled,3,342000.0
ORD004222,CUST04222,PRD0016,2025-10-19,COMPLETED,4,27000.0
ORD004223,CUST04223,PRD0014,2025-07-18,COMPLETED,1,5000.0
ORD004224,CUST04224,PRD0009,2024-12-12,Completed,2,72000.0
ORD004225,CUST04225,PRD0011,2025-06-18,Cancelled,4,384000.0
ORD004226,CUST04226,PRD0022,2026-05-23,,5,35625.0
ORD004227,CUST04227,PRD0009,2025-05-08,COMPLETED,5,337500.0
ORD004228,CUST04228,PRD0025,2025-02-12,completed,1,71250.0
ORD004229,CUST04229,PRD0022,2024-03-13,Completed,1,120000.0
ORD004230,CUST04230,PRD0015,2024-04-01,COMPLETED,1,6750.0
ORD004231,CUST04231,PRD0003,2025-08-18,cancelled,3,13500.0
ORD004232,CUST04232,PRD0011,2026-07-27,Returned,5,112500.0
ORD004233,CUST04233,PRD0021,2024-02-13,Cancelled,4,152000.0
ORD004234,CUST04234,PRD0023,2025-08-08,cancelled,2,10000.0
ORD004235,CUST04235,PRD0007,2026-01-14,completed,4,40000.0
ORD004236,CUST04236,PRD0008,2025-01-06,Cancelled,1,12750.0
ORD004237,CUST04237,PRD0022,2026-02-09,Completed,4,16000.0
ORD004238,CUST04238,PRD0009,2025-11-13,Completed,4,54000.0
ORD004239,CUST04239,PRD0004,2024-09-16,,2,9500.0
ORD004240,CUST04240,PRD0017,2026-07-08,completed,4,255000.0
ORD004241,CUST04241,PRD0015,2025-12-29,completed,3,120000.0
ORD004242,CUST04242,PRD0001,2026-08-29,Pending,2,9000.0
ORD004243,CUST04243,PRD0016,2026-08-04,,2,80000.0
ORD004244,CUST04244,PRD0015,2025-04-09,completed,3,25500.0
ORD004245,CUST04245,PRD0003,2026-08-14,completed,1,8000.0
ORD004246,CUST04246,PRD0008,2025-10-06,Cancelled,4,90000.0
ORD004247,CUST04247,PRD0011,2025-08-03,,5,356250.0
ORD004248,CUST04248,PRD0014,2024-07-30,COMPLETED,1,8500.0
ORD004249,CUST04249,PRD0004,2026-01-08,Completed,3,67500.0
ORD004250,CUST04250,PRD0018,2025-03-29,,5,300000.0
ORD004251,CUST04251,PRD0028,2025-04-01,cancelled,4,152000.0
ORD004252,CUST04252,PRD0008,2025-02-17,completed,4,136000.0
ORD004253,CUST04253,PRD0021,2025-09-30,pending,1,6000.0
ORD004254,CUST04254,PRD0028,2024-06-06,Completed,1,25000.0
ORD004255,CUST04255,PRD0012,2025-11-10,Completed,3,25500.0
ORD004256,CUST04256,PRD0024,2024-06-20,Cancelled,2,8500.0
ORD004257,CUST04257,PRD0006,2024-10-15,Completed,5,60000.0
ORD004258,CUST04258,PRD0004,2025-02-28,cancelled,1,5000.0
ORD004259,CUST04259,PRD0013,2024-08-24,Completed,1,40000.0
ORD004260,CUST04260,PRD0029,2024-03-09,Cancelled,2,17000.0
ORD004261,CUST04261,PRD0012,2025-11-18,,2,80000.0
ORD004262,CUST04262,PRD0020,2024-10-23,Completed,4,432000.0
ORD004263,CUST04263,PRD0014,2026-06-27,Cancelled,1,4000.0
ORD004264,CUST04264,PRD0022,2024-11-11,Returned,2,42500.0
ORD004265,CUST04265,PRD0021,2024-11-04,COMPLETED,3,120000.0
ORD004266,CUST04266,PRD0022,2024-11-02,completed,3,13500.0
ORD004267,CUST04267,PRD0020,2024-10-24,completed,3,102000.0
ORD004268,CUST04268,PRD0007,2026-05-03,Pending,2,127500.0
ORD004269,CUST04269,PRD0026,2024-07-16,cancelled,4,285000.0
ORD004270,CUST04270,PRD0014,2025-03-27,cancelled,1,9500.0
ORD004271,CUST04271,PRD0001,2026-06-29,,1,4500.0
ORD004272,CUST04272,PRD0017,2024-09-19,,4,85000.0
ORD004273,CUST04273,PRD0022,2025-04-16,Pending,4,255000.0
ORD004274,CUST04274,PRD0008,2025-12-14,completed,1,75000.0
ORD004275,CUST04275,PRD0016,2024-08-26,Completed,1,6000.0
ORD004276,CUST04276,PRD0014,2026-05-14,completed,1,34000.0
ORD004277,CUST04277,PRD0020,2025-11-01,cancelled,5,600000.0
ORD004278,CUST04278,PRD0002,2025-08-26,Returned,5,35625.0
ORD004279,CUST04279,PRD0001,2026-06-24,,1,34000.0
ORD004280,CUST04280,PRD0029,2024-05-11,Completed,5,100000.0
ORD004281,CUST04281,PRD0008,2024-12-29,completed,3,360000.0
ORD004282,CUST04282,PRD0024,2024-12-09,completed,3,45000.0
ORD004283,CUST04283,PRD0006,2026-06-29,Cancelled,3,14250.0
ORD004284,CUST04284,PRD0021,2024-03-13,Completed,5,50000.0
ORD004285,CUST04285,PRD0027,2025-09-20,Returned,5,33750.0
ORD004286,CUST04286,PRD0020,2024-04-08,Completed,2,25500.0
ORD004287,CUST04287,PRD0024,2024-08-04,,1,13500.0
ORD004288,CUST04288,PRD0010,2024-01-19,cancelled,1,13500.0
ORD004289,CUST04289,PRD0009,2026-04-08,Pending,1,102000.0
ORD004290,CUST04290,PRD0009,2024-10-05,,3,191250.0
ORD004291,CUST04291,PRD0029,2024-06-18,,3,13500.0
ORD004292,CUST04292,PRD0020,2026-03-08,Cancelled,5,510000.0
ORD004293,CUST04293,PRD0028,2025-01-05,Cancelled,4,57000.0
ORD004294,CUST04294,PRD0023,2024-04-05,completed,2,45000.0
ORD004295,CUST04295,PRD0007,2025-03-14,COMPLETED,1,15000.0
ORD004296,CUST04296,PRD0021,2024-08-16,,1,23750.0
ORD004297,CUST04297,PRD0024,2025-05-05,Cancelled,2,6300.0
ORD004298,CUST04298,PRD0026,2025-11-13,Completed,2,216000.0
ORD004299,CUST04299,PRD0017,2024-04-06,Completed,1,3500.0
ORD004300,CUST04300,PRD0029,2026-05-30,Completed,3,40500.0
ORD004301,CUST04301,PRD0015,2026-03-04,Completed,2,50000.0
ORD004302,CUST04302,PRD0004,2024-08-26,Cancelled,5,17500.0
ORD004303,CUST04303,PRD0016,2025-02-08,completed,3,120000.0
ORD004304,CUST04304,PRD0023,2026-05-23,Cancelled,5,31875.0
ORD004305,CUST04305,PRD0018,2026-04-27,Cancelled,3,38250.0
ORD004306,CUST04306,PRD0027,2025-03-26,,3,63750.0
ORD004307,CUST04307,PRD0024,2025-07-01,Pending,4,36000.0
ORD004308,CUST04308,PRD0007,2026-03-14,,4,54000.0
ORD004309,CUST04309,PRD0006,2024-09-08,pending,3,10500.0
ORD004310,CUST04310,PRD0030,2025-08-06,COMPLETED,1,7125.0
ORD004311,CUST04311,PRD0010,2024-12-07,Completed,1,71250.0
ORD004312,CUST04312,PRD0016,2026-04-10,,2,72000.0
ORD004313,CUST04313,PRD0020,2025-07-13,completed,1,22500.0
ORD004314,CUST04314,PRD0005,2025-06-29,completed,3,96000.0
ORD004315,CUST04315,PRD0021,2026-02-25,Pending,5,45000.0
ORD004316,CUST04316,PRD0002,2026-03-27,Completed,5,100000.0
ORD004317,CUST04317,PRD0002,2026-02-28,Returned,2,120000.0
ORD004318,CUST04318,PRD0015,2026-03-10,,4,14000.0
ORD004319,CUST04319,PRD0028,2026-06-28,COMPLETED,5,300000.0
ORD004320,CUST04320,PRD0025,2024-04-10,Completed,5,510000.0
ORD004321,CUST04321,PRD0016,2024-06-25,pending,5,21250.0
ORD004322,CUST04322,PRD0022,2025-03-04,Completed,1,12750.0
ORD004323,CUST04323,PRD0010,2024-03-26,Completed,4,160000.0
ORD004324,CUST04324,PRD0010,2025-11-03,Cancelled,5,190000.0
ORD004325,CUST04325,PRD0004,2025-05-18,Pending,2,16000.0
ORD004326,CUST04326,PRD0021,2026-07-02,Pending,1,3325.0
ORD004327,CUST04327,PRD0007,2026-03-16,cancelled,5,35625.0
ORD004328,CUST04328,PRD0014,2024-12-14,Completed,2,27000.0
ORD004329,CUST04329,PRD0018,2025-05-16,Completed,4,17000.0
ORD004330,CUST04330,PRD0023,2024-09-12,cancelled,1,9000.0
ORD004331,CUST04331,PRD0009,2024-12-29,,1,7500.0
ORD004332,CUST04332,PRD0024,2024-01-11,,5,375000.0
ORD004333,CUST04333,PRD0002,2024-04-14,cancelled,5,35625.0
ORD004334,CUST04334,PRD0012,2024-06-03,Cancelled,1,75000.0
ORD004335,CUST04335,PRD0024,2024-11-15,completed,2,12750.0
ORD004336,CUST04336,PRD0009,2024-03-19,Returned,5,71250.0
ORD004337,CUST04337,PRD0030,2025-10-22,Completed,2,216000.0
ORD004338,CUST04338,PRD0019,2026-02-02,,4,57000.0
ORD004339,CUST04339,PRD0004,2024-08-10,Cancelled,2,8000.0
ORD004340,CUST04340,PRD0015,2025-05-14,Pending,3,96000.0
ORD004341,CUST04341,PRD0019,2024-05-23,cancelled,1,4750.0
ORD004342,CUST04342,PRD0019,2025-01-22,,2,18000.0
ORD004343,CUST04343,PRD0006,2025-05-23,completed,1,3500.0
ORD004344,CUST04344,PRD0028,2025-01-06,,3,21375.0
ORD004345,CUST04345,PRD0018,2026-01-13,cancelled,1,114000.0
ORD004346,CUST04346,PRD0020,2026-03-16,Pending,3,24000.0
ORD004347,CUST04347,PRD0017,2025-11-09,Returned,2,64000.0
ORD004348,CUST04348,PRD0027,2026-07-29,,5,190000.0
ORD004349,CUST04349,PRD0017,2024-05-10,pending,5,337500.0
ORD004350,CUST04350,PRD0024,2025-10-01,Completed,1,10000.0
ORD004351,CUST04351,PRD0023,2024-10-12,Cancelled,1,8500.0
ORD004352,CUST04352,PRD0019,2025-02-08,,2,64000.0
ORD004353,CUST04353,PRD0024,2025-07-27,Returned,2,19000.0
ORD004354,CUST04354,PRD0010,2025-02-23,Completed,1,25000.0
ORD004355,CUST04355,PRD0005,2024-06-16,cancelled,3,21375.0
ORD004356,CUST04356,PRD0003,2025-03-21,Completed,2,19000.0
ORD004357,CUST04357,PRD0021,2025-01-26,pending,4,80000.0
ORD004358,CUST04358,PRD0009,2026-04-06,pending,2,228000.0
ORD004359,CUST04359,PRD0029,2025-10-06,COMPLETED,2,17000.0
ORD004360,CUST04360,PRD0029,2025-06-05,COMPLETED,4,18000.0
ORD004361,CUST04361,PRD0005,2025-06-19,completed,4,128000.0
ORD004362,CUST04362,PRD0026,2024-10-12,,5,125000.0
ORD004363,CUST04363,PRD0028,2026-06-10,Cancelled,1,15000.0
ORD004364,CUST04364,PRD0016,2026-06-15,pending,5,190000.0
ORD004365,CUST04365,PRD0004,2024-03-04,,1,15000.0
ORD004366,CUST04366,PRD0013,2026-04-07,Completed,1,96000.0
ORD004367,CUST04367,PRD0027,2025-12-04,completed,1,5000.0
ORD004368,CUST04368,PRD0003,2025-05-09,Completed,4,38000.0
ORD004369,CUST04369,PRD0030,2024-10-07,Completed,3,38250.0
ORD004370,CUST04370,PRD0005,2025-11-20,Pending,4,14000.0
ORD004371,CUST04371,PRD0026,2024-11-27,Completed,2,50000.0
ORD004372,CUST04372,PRD0027,2024-05-25,Completed,3,108000.0
ORD004373,CUST04373,PRD0013,2025-04-07,Returned,4,28500.0
ORD004374,CUST04374,PRD0023,2025-09-12,Pending,1,22500.0
ORD004375,CUST04375,PRD0020,2025-04-07,Completed,1,40000.0
ORD004376,CUST04376,PRD0008,2025-08-03,Completed,2,8000.0
ORD004377,CUST04377,PRD0028,2025-03-03,Cancelled,3,225000.0
ORD004378,CUST04378,PRD0005,2025-05-25,COMPLETED,1,8500.0
ORD004379,CUST04379,PRD0023,2025-04-01,Pending,5,40000.0
ORD004380,CUST04380,PRD0027,2025-11-02,Cancelled,2,72000.0
ORD004381,CUST04381,PRD0004,2024-11-22,Completed,2,13500.0
ORD004382,CUST04382,PRD0008,2025-01-15,Cancelled,3,8925.0
ORD004383,CUST04383,PRD0005,2026-07-28,Cancelled,1,21250.0
ORD004384,CUST04384,PRD0007,2025-01-14,pending,3,306000.0
ORD004385,CUST04385,PRD0009,2024-04-30,Cancelled,5,67500.0
ORD004386,CUST04386,PRD0007,2025-02-16,pending,5,318750.0
ORD004387,CUST04387,PRD0030,2026-06-24,cancelled,4,12600.0
ORD004388,CUST04388,PRD0009,2025-07-09,Pending,5,106250.0
ORD004389,CUST04389,PRD0017,2025-06-03,Cancelled,2,6300.0
ORD004390,CUST04390,PRD0001,2025-04-07,cancelled,1,32000.0
ORD004391,CUST04391,PRD0016,2025-01-02,Cancelled,2,240000.0
ORD004392,CUST04392,PRD0010,2026-03-18,COMPLETED,5,112500.0
ORD004393,CUST04393,PRD0006,2026-05-12,,2,204000.0
ORD004394,CUST04394,PRD0011,2025-01-21,Completed,1,3150.0
ORD004395,CUST04395,PRD0025,2026-08-15,Cancelled,1,3500.0
ORD004396,CUST04396,PRD0018,2025-01-05,COMPLETED,3,202500.0
ORD004397,CUST04397,PRD0021,2024-12-03,Completed,2,127500.0
ORD004398,CUST04398,PRD0029,2025-03-20,completed,4,57000.0
ORD004399,CUST04399,PRD0022,2024-03-06,pending,1,21250.0
ORD004400,CUST04400,PRD0004,2024-12-24,Pending,5,300000.0
ORD004401,CUST04401,PRD0004,2024-06-04,COMPLETED,1,108000.0
ORD004402,CUST04402,PRD0029,2025-12-02,Completed,2,13500.0
ORD004403,CUST04403,PRD0024,2025-09-07,Completed,1,23750.0
ORD004404,CUST04404,PRD0017,2024-05-26,pending,2,42500.0
ORD004405,CUST04405,PRD0020,2024-02-11,completed,3,21375.0
ORD004406,CUST04406,PRD0021,2025-10-16,completed,1,32000.0
ORD004407,CUST04407,PRD0006,2025-10-06,Cancelled,2,5600.0
ORD004408,CUST04408,PRD0023,2026-04-06,,4,30000.0
ORD004409,CUST04409,PRD0021,2026-02-03,Cancelled,2,14250.0
ORD004410,CUST04410,PRD0018,2024-11-04,cancelled,2,15000.0
ORD004411,CUST04411,PRD0001,2026-06-08,Completed,1,34000.0
ORD004412,CUST04412,PRD0017,2025-03-06,COMPLETED,3,67500.0
ORD004413,CUST04413,PRD0013,2026-07-23,pending,5,15750.0
ORD004414,CUST04414,PRD0009,2025-10-18,,3,306000.0
ORD004415,CUST04415,PRD0020,2025-04-17,Returned,4,100000.0
ORD004416,CUST04416,PRD0001,2024-11-30,Cancelled,3,288000.0
ORD004417,CUST04417,PRD0002,2025-03-08,COMPLETED,1,63750.0
ORD004418,CUST04418,PRD0020,2025-03-10,,1,3500.0
ORD004419,CUST04419,PRD0020,2025-06-21,completed,1,114000.0
ORD004420,CUST04420,PRD0012,2025-08-21,Completed,4,19000.0
ORD004421,CUST04421,PRD0015,2026-05-11,pending,1,23750.0
ORD004422,CUST04422,PRD0019,2025-04-27,Completed,4,144000.0
ORD004423,CUST04423,PRD0027,2024-06-11,Cancelled,5,60000.0
ORD004424,CUST04424,PRD0012,2026-01-14,completed,5,200000.0
ORD004425,CUST04425,PRD0004,2024-02-23,completed,4,54000.0
ORD004426,CUST04426,PRD0019,2025-06-06,Cancelled,5,14875.0
ORD004427,CUST04427,PRD0004,2025-03-17,COMPLETED,4,90000.0
ORD004428,CUST04428,PRD0001,2024-02-24,Completed,3,324000.0
ORD004429,CUST04429,PRD0026,2026-01-29,,1,3150.0
ORD004430,CUST04430,PRD0001,2025-01-06,Completed,4,13300.0
ORD004431,CUST04431,PRD0006,2025-06-02,Completed,3,12000.0
ORD004432,CUST04432,PRD0004,2026-05-02,pending,1,2800.0
ORD004433,CUST04433,PRD0023,2026-06-01,COMPLETED,2,9000.0
ORD004434,CUST04434,PRD0020,2025-08-28,cancelled,1,9500.0
ORD004435,CUST04435,PRD0011,2025-04-07,Returned,3,24000.0
ORD004436,CUST04436,PRD0006,2025-03-01,COMPLETED,5,118750.0
ORD004437,CUST04437,PRD0027,2024-02-10,,1,9500.0
ORD004438,CUST04438,PRD0003,2024-11-21,Completed,1,12750.0
ORD004439,CUST04439,PRD0010,2024-08-02,Completed,5,170000.0
ORD004440,CUST04440,PRD0019,2024-12-25,cancelled,3,191250.0
ORD004441,CUST04441,PRD0017,2025-03-05,,1,7125.0
ORD004442,CUST04442,PRD0020,2024-04-19,,1,6750.0
ORD004443,CUST04443,PRD0002,2025-03-23,completed,1,40000.0
ORD004444,CUST04444,PRD0017,2024-03-06,Completed,2,40000.0
ORD004445,CUST04445,PRD0018,2025-08-25,Returned,3,324000.0
ORD004446,CUST04446,PRD0027,2026-07-01,cancelled,2,25500.0
ORD004447,CUST04447,PRD0017,2026-03-19,completed,5,25000.0
ORD004448,CUST04448,PRD0025,2024-10-20,pending,5,112500.0
ORD004449,CUST04449,PRD0019,2025-08-17,,2,72000.0
ORD004450,CUST04450,PRD0003,2025-08-15,Completed,3,202500.0
ORD004451,CUST04451,PRD0018,2025-07-31,pending,3,360000.0
ORD004452,CUST04452,PRD0022,2025-04-10,Cancelled,1,3150.0
ORD004453,CUST04453,PRD0029,2025-11-18,,2,10000.0
ORD004454,CUST04454,PRD0030,2025-06-10,Returned,5,37500.0
ORD004455,CUST04455,PRD0021,2024-07-28,Cancelled,4,11900.0
ORD004456,CUST04456,PRD0008,2024-11-05,Pending,1,3150.0
ORD004457,CUST04457,PRD0019,2024-03-22,Cancelled,3,19125.0
ORD004458,CUST04458,PRD0002,2025-09-14,,4,384000.0
ORD004459,CUST04459,PRD0003,2025-08-31,completed,2,19000.0
ORD004460,CUST04460,PRD0028,2024-01-12,Pending,2,64000.0
ORD004461,CUST04461,PRD0003,2024-05-01,,4,85000.0
ORD004462,CUST04462,PRD0012,2026-03-24,completed,3,12000.0
ORD004463,CUST04463,PRD0019,2025-07-30,COMPLETED,3,36000.0
ORD004464,CUST04464,PRD0021,2025-10-26,pending,4,51000.0
ORD004465,CUST04465,PRD0025,2025-03-15,Cancelled,4,28500.0
ORD004466,CUST04466,PRD0027,2025-01-01,Completed,5,40000.0
ORD004467,CUST04467,PRD0004,2026-08-29,COMPLETED,4,285000.0
ORD004468,CUST04468,PRD0006,2026-02-18,Completed,2,216000.0
ORD004469,CUST04469,PRD0010,2026-03-09,completed,4,152000.0
ORD004470,CUST04470,PRD0018,2024-05-13,Completed,2,127500.0
ORD004471,CUST04471,PRD0025,2026-08-15,Cancelled,3,202500.0
ORD004472,CUST04472,PRD0018,2024-09-26,COMPLETED,5,180000.0
ORD004473,CUST04473,PRD0014,2025-10-31,completed,4,11900.0
ORD004474,CUST04474,PRD0021,2025-07-02,Completed,2,27000.0
ORD004475,CUST04475,PRD0027,2025-09-11,completed,5,60000.0
ORD004476,CUST04476,PRD0021,2025-04-27,Completed,4,152000.0
ORD004477,CUST04477,PRD0012,2025-11-14,completed,4,408000.0
ORD004478,CUST04478,PRD0008,2024-07-05,Completed,5,35625.0
ORD004479,CUST04479,PRD0020,2024-07-31,completed,3,12000.0
ORD004480,CUST04480,PRD0002,2024-05-19,Completed,2,50000.0
ORD004481,CUST04481,PRD0012,2026-05-21,COMPLETED,5,45000.0
ORD004482,CUST04482,PRD0012,2024-07-07,COMPLETED,1,114000.0
ORD004483,CUST04483,PRD0024,2024-03-17,Pending,3,28500.0
ORD004484,CUST04484,PRD0008,2025-08-28,Cancelled,1,4250.0
ORD004485,CUST04485,PRD0006,2025-04-11,Completed,2,120000.0
ORD004486,CUST04486,PRD0019,2026-01-05,Completed,4,95000.0
ORD004487,CUST04487,PRD0011,2024-06-09,Cancelled,5,45000.0
ORD004488,CUST04488,PRD0026,2026-02-27,completed,5,180000.0
ORD004489,CUST04489,PRD0013,2025-02-16,Completed,2,27000.0
ORD004490,CUST04490,PRD0026,2026-03-05,,3,25500.0
ORD004491,CUST04491,PRD0005,2025-08-30,Completed,3,36000.0
ORD004492,CUST04492,PRD0020,2024-08-28,pending,2,40000.0
ORD004493,CUST04493,PRD0002,2025-09-18,,2,80000.0
ORD004494,CUST04494,PRD0028,2024-08-27,Completed,4,128000.0
ORD004495,CUST04495,PRD0012,2024-12-07,Pending,1,3500.0
ORD004496,CUST04496,PRD0028,2025-10-01,completed,1,6375.0
ORD004497,CUST04497,PRD0010,2024-07-28,cancelled,4,19000.0
ORD004498,CUST04498,PRD0004,2024-01-13,cancelled,3,9450.0
ORD004499,CUST04499,PRD0021,2025-07-23,,1,12000.0
ORD004500,CUST04500,PRD0020,2024-03-27,Completed,3,114000.0
ORD004501,CUST04501,PRD0025,2025-07-10,,1,22500.0
ORD004502,CUST04502,PRD0016,2024-10-31,Cancelled,1,38000.0
ORD004503,CUST04503,PRD0003,2025-09-27,Completed,2,64000.0
ORD004504,CUST04504,PRD0006,2024-03-17,completed,5,600000.0
ORD004505,CUST04505,PRD0022,2025-12-12,,1,36000.0
ORD004506,CUST04506,PRD0006,2025-09-16,completed,3,213750.0
ORD004507,CUST04507,PRD0024,2025-04-02,pending,1,4750.0
ORD004508,CUST04508,PRD0011,2024-04-18,Completed,2,18000.0
ORD004509,CUST04509,PRD0003,2025-03-04,Completed,3,342000.0
ORD004510,CUST04510,PRD0023,2026-02-27,Completed,1,32000.0
ORD004511,CUST04511,PRD0020,2024-11-29,Completed,5,190000.0
ORD004512,CUST04512,PRD0020,2026-02-20,Returned,2,40000.0
ORD004513,CUST04513,PRD0006,2026-07-17,Completed,5,40000.0
ORD004514,CUST04514,PRD0028,2026-01-16,COMPLETED,4,27000.0
ORD004515,CUST04515,PRD0011,2025-02-21,Pending,5,106250.0
ORD004516,CUST04516,PRD0004,2025-06-01,cancelled,2,120000.0
ORD004517,CUST04517,PRD0019,2025-07-23,Completed,1,14250.0
ORD004518,CUST04518,PRD0005,2024-11-27,pending,5,100000.0
ORD004519,CUST04519,PRD0022,2026-04-07,COMPLETED,1,25000.0
ORD004520,CUST04520,PRD0003,2024-05-31,Completed,5,300000.0
ORD004521,CUST04521,PRD0021,2025-08-01,,2,50000.0
ORD004522,CUST04522,PRD0025,2025-03-02,completed,2,24000.0
ORD004523,CUST04523,PRD0016,2025-03-20,Cancelled,3,9450.0
ORD004524,CUST04524,PRD0029,2026-08-13,COMPLETED,5,600000.0
ORD004525,CUST04525,PRD0019,2024-03-30,Cancelled,2,18000.0
ORD004526,CUST04526,PRD0024,2025-04-10,Cancelled,1,25000.0
ORD004527,CUST04527,PRD0014,2025-09-14,pending,4,24000.0
ORD004528,CUST04528,PRD0026,2026-08-20,completed,3,38250.0
ORD004529,CUST04529,PRD0011,2024-10-13,Completed,1,60000.0
ORD004530,CUST04530,PRD0015,2026-05-18,Completed,3,12000.0
ORD004531,CUST04531,PRD0023,2026-06-20,COMPLETED,5,75000.0
ORD004532,CUST04532,PRD0016,2026-03-05,COMPLETED,1,4250.0
ORD004533,CUST04533,PRD0004,2024-09-12,pending,4,28500.0
ORD004534,CUST04534,PRD0014,2026-02-13,Completed,4,90000.0
ORD004535,CUST04535,PRD0022,2025-04-15,Cancelled,5,200000.0
ORD004536,CUST04536,PRD0030,2024-02-14,cancelled,3,20250.0
ORD004537,CUST04537,PRD0027,2025-12-16,Completed,5,37500.0
ORD004538,CUST04538,PRD0013,2025-07-24,completed,5,67500.0
ORD004539,CUST04539,PRD0001,2024-03-13,Cancelled,3,102000.0
ORD004540,CUST04540,PRD0024,2026-01-31,Completed,4,255000.0
ORD004541,CUST04541,PRD0007,2025-10-01,COMPLETED,1,38000.0
ORD004542,CUST04542,PRD0001,2026-07-16,Cancelled,3,45000.0
ORD004543,CUST04543,PRD0027,2024-07-08,Completed,3,63750.0
ORD004544,CUST04544,PRD0018,2025-01-19,,5,510000.0
ORD004545,CUST04545,PRD0030,2026-08-18,Completed,4,34000.0
ORD004546,CUST04546,PRD0028,2026-06-07,pending,3,38250.0
ORD004547,CUST04547,PRD0001,2026-07-29,pending,3,38250.0
ORD004548,CUST04548,PRD0017,2025-06-05,Cancelled,5,112500.0
ORD004549,CUST04549,PRD0008,2024-08-18,pending,2,50000.0
ORD004550,CUST04550,PRD0016,2026-07-25,pending,2,18000.0
ORD004551,CUST04551,PRD0024,2024-06-18,Completed,4,12600.0
ORD004552,CUST04552,PRD0012,2024-06-21,,2,8000.0
ORD004553,CUST04553,PRD0006,2025-07-05,Cancelled,5,60000.0
ORD004554,CUST04554,PRD0008,2025-02-17,,2,150000.0
ORD004555,CUST04555,PRD0004,2026-07-23,cancelled,1,114000.0
ORD004556,CUST04556,PRD0016,2025-09-17,,2,135000.0
ORD004557,CUST04557,PRD0030,2026-06-20,pending,4,40000.0
ORD004558,CUST04558,PRD0027,2026-03-24,Cancelled,3,120000.0
ORD004559,CUST04559,PRD0014,2024-03-07,,3,288000.0
ORD004560,CUST04560,PRD0022,2026-03-01,Completed,4,11200.0
ORD004561,CUST04561,PRD0002,2024-10-28,completed,3,42750.0
ORD004562,CUST04562,PRD0003,2026-02-09,Cancelled,4,34000.0
ORD004563,CUST04563,PRD0018,2026-01-28,completed,5,510000.0
ORD004564,CUST04564,PRD0011,2024-01-27,Completed,3,14250.0
ORD004565,CUST04565,PRD0016,2024-06-16,pending,2,7000.0
ORD004566,CUST04566,PRD0006,2025-07-02,Returned,3,9975.0
ORD004567,CUST04567,PRD0019,2026-06-12,Returned,1,2800.0
ORD004568,CUST04568,PRD0029,2024-03-16,Cancelled,4,54000.0
ORD004569,CUST04569,PRD0009,2024-01-13,cancelled,5,125000.0
ORD004570,CUST04570,PRD0014,2024-11-15,cancelled,4,240000.0
ORD004571,CUST04571,PRD0015,2025-11-15,Pending,2,6300.0
ORD004572,CUST04572,PRD0014,2025-10-20,Returned,2,76000.0
ORD004573,CUST04573,PRD0009,2026-07-27,Completed,3,25500.0
ORD004574,CUST04574,PRD0011,2026-04-29,Completed,3,8400.0
ORD004575,CUST04575,PRD0016,2026-06-06,Completed,5,318750.0
ORD004576,CUST04576,PRD0022,2025-05-21,Returned,4,144000.0
ORD004577,CUST04577,PRD0004,2024-07-23,Completed,4,90000.0
ORD004578,CUST04578,PRD0025,2025-01-29,completed,3,10500.0
ORD004579,CUST04579,PRD0014,2024-05-04,,3,102000.0
ORD004580,CUST04580,PRD0008,2025-09-09,,5,300000.0
ORD004581,CUST04581,PRD0014,2024-03-13,COMPLETED,4,32000.0
ORD004582,CUST04582,PRD0014,2025-10-14,Completed,4,300000.0
ORD004583,CUST04583,PRD0010,2025-09-22,,2,17000.0
ORD004584,CUST04584,PRD0011,2024-07-02,COMPLETED,4,136000.0
ORD004585,CUST04585,PRD0021,2024-08-22,Pending,5,200000.0
ORD004586,CUST04586,PRD0008,2025-08-25,pending,3,342000.0
ORD004587,CUST04587,PRD0011,2024-03-18,,4,14000.0
ORD004588,CUST04588,PRD0004,2026-08-27,Completed,3,324000.0
ORD004589,CUST04589,PRD0006,2025-11-06,completed,3,191250.0
ORD004590,CUST04590,PRD0006,2024-07-29,Cancelled,4,160000.0
ORD004591,CUST04591,PRD0014,2026-07-04,pending,1,4750.0
ORD004592,CUST04592,PRD0016,2025-04-14,,2,7000.0
ORD004593,CUST04593,PRD0018,2024-10-08,Cancelled,4,300000.0
ORD004594,CUST04594,PRD0015,2026-06-01,Pending,1,3150.0
ORD004595,CUST04595,PRD0012,2024-07-20,Cancelled,3,75000.0
ORD004596,CUST04596,PRD0030,2025-08-02,Cancelled,2,204000.0
ORD004597,CUST04597,PRD0021,2025-09-25,Returned,3,180000.0
ORD004598,CUST04598,PRD0026,2026-06-08,Completed,3,102000.0
ORD004599,CUST04599,PRD0009,2025-08-21,Completed,4,40000.0
ORD004600,CUST04600,PRD0015,2026-04-07,Pending,3,30000.0
ORD004601,CUST04601,PRD0010,2025-01-10,COMPLETED,1,10000.0
ORD004602,CUST04602,PRD0004,2025-06-22,,3,67500.0
ORD004603,CUST04603,PRD0010,2024-07-05,cancelled,3,108000.0
ORD004604,CUST04604,PRD0007,2026-08-19,COMPLETED,4,432000.0
ORD004605,CUST04605,PRD0015,2025-07-27,pending,1,36000.0
ORD004606,CUST04606,PRD0003,2026-02-23,completed,3,120000.0
ORD004607,CUST04607,PRD0008,2025-05-13,cancelled,3,30000.0
ORD004608,CUST04608,PRD0011,2024-04-26,Completed,4,408000.0
ORD004609,CUST04609,PRD0015,2025-09-02,COMPLETED,1,3150.0
ORD004610,CUST04610,PRD0021,2025-11-13,Cancelled,1,8500.0
ORD004611,CUST04611,PRD0014,2024-01-06,Completed,3,19125.0
ORD004612,CUST04612,PRD0012,2024-01-15,pending,1,6375.0
ORD004613,CUST04613,PRD0007,2026-03-21,pending,4,13300.0
ORD004614,CUST04614,PRD0006,2025-07-23,completed,1,6000.0
ORD004615,CUST04615,PRD0013,2024-04-20,,1,120000.0
ORD004616,CUST04616,PRD0017,2024-10-05,completed,1,2800.0
ORD004617,CUST04617,PRD0005,2024-10-05,Completed,2,42500.0
ORD004618,CUST04618,PRD0012,2025-12-03,cancelled,4,456000.0
ORD004619,CUST04619,PRD0001,2026-05-03,Completed,4,57000.0
ORD004620,CUST04620,PRD0002,2024-05-16,pending,5,106250.0
ORD004621,CUST04621,PRD0029,2025-07-05,Cancelled,5,540000.0
ORD004622,CUST04622,PRD0002,2024-12-03,Pending,2,19000.0
ORD004623,CUST04623,PRD0029,2024-03-08,Completed,3,30000.0
ORD004624,CUST04624,PRD0011,2025-04-07,Completed,1,108000.0
ORD004625,CUST04625,PRD0015,2025-05-23,Completed,5,35625.0
ORD004626,CUST04626,PRD0006,2026-01-19,cancelled,3,8925.0
ORD004627,CUST04627,PRD0025,2024-09-20,,3,15000.0
ORD004628,CUST04628,PRD0016,2026-03-11,Cancelled,4,240000.0
ORD004629,CUST04629,PRD0009,2026-03-01,Cancelled,2,42500.0
ORD004630,CUST04630,PRD0001,2024-07-05,cancelled,3,9975.0
ORD004631,CUST04631,PRD0009,2025-07-18,,5,30000.0
ORD004632,CUST04632,PRD0004,2025-03-26,,2,40000.0
ORD004633,CUST04633,PRD0024,2024-04-28,completed,2,5600.0
ORD004634,CUST04634,PRD0013,2024-11-27,Returned,3,25500.0
ORD004635,CUST04635,PRD0023,2025-08-08,Returned,4,85000.0
ORD004636,CUST04636,PRD0030,2025-04-18,pending,1,96000.0
ORD004637,CUST04637,PRD0015,2026-03-28,pending,5,42500.0
ORD004638,CUST04638,PRD0025,2025-03-21,cancelled,4,28500.0
ORD004639,CUST04639,PRD0017,2026-05-03,Completed,4,408000.0
ORD004640,CUST04640,PRD0022,2024-03-21,completed,1,7125.0
ORD004641,CUST04641,PRD0002,2024-08-03,Completed,1,102000.0
ORD004642,CUST04642,PRD0017,2025-10-03,Completed,2,216000.0
ORD004643,CUST04643,PRD0012,2025-07-09,pending,1,25000.0
ORD004644,CUST04644,PRD0021,2026-01-02,Completed,4,80000.0
ORD004645,CUST04645,PRD0014,2025-10-20,Pending,3,30000.0
ORD004646,CUST04646,PRD0022,2025-09-11,Cancelled,1,3325.0
ORD004647,CUST04647,PRD0020,2025-02-01,COMPLETED,2,150000.0
ORD004648,CUST04648,PRD0022,2025-01-04,COMPLETED,4,300000.0
ORD004649,CUST04649,PRD0002,2026-03-28,completed,1,21250.0
ORD004650,CUST04650,PRD0003,2025-09-01,COMPLETED,2,12750.0
ORD004651,CUST04651,PRD0027,2024-10-29,,5,40000.0
ORD004652,CUST04652,PRD0004,2024-03-28,Pending,1,12000.0
ORD004653,CUST04653,PRD0002,2024-01-23,COMPLETED,4,95000.0
ORD004654,CUST04654,PRD0007,2025-04-05,Completed,2,228000.0
ORD004655,CUST04655,PRD0004,2025-08-12,cancelled,1,7125.0
ORD004656,CUST04656,PRD0026,2024-06-21,pending,5,71250.0
ORD004657,CUST04657,PRD0021,2025-10-25,Pending,3,108000.0
ORD004658,CUST04658,PRD0019,2024-10-07,completed,5,42500.0
ORD004659,CUST04659,PRD0017,2025-11-28,COMPLETED,5,21250.0
ORD004660,CUST04660,PRD0006,2025-12-04,completed,2,68000.0
ORD004661,CUST04661,PRD0027,2025-05-17,,2,80000.0
ORD004662,CUST04662,PRD0019,2024-03-20,Pending,1,108000.0
ORD004663,CUST04663,PRD0011,2024-03-10,COMPLETED,5,67500.0
ORD004664,CUST04664,PRD0024,2024-04-06,COMPLETED,1,71250.0
ORD004665,CUST04665,PRD0019,2026-08-15,Cancelled,1,6000.0
ORD004666,CUST04666,PRD0027,2025-04-10,,1,23750.0
ORD004667,CUST04667,PRD0015,2024-12-29,Returned,5,45000.0
ORD004668,CUST04668,PRD0030,2025-01-22,cancelled,4,25500.0
ORD004669,CUST04669,PRD0004,2024-02-20,,4,12600.0
ORD004670,CUST04670,PRD0023,2026-06-29,Completed,3,63750.0
ORD004671,CUST04671,PRD0003,2026-06-21,pending,5,106250.0
ORD004672,CUST04672,PRD0021,2025-11-30,Pending,1,8000.0
ORD004673,CUST04673,PRD0017,2025-06-15,cancelled,1,67500.0
ORD004674,CUST04674,PRD0005,2026-01-29,Cancelled,5,60000.0
ORD004675,CUST04675,PRD0025,2024-06-27,Completed,4,456000.0
ORD004676,CUST04676,PRD0024,2025-04-21,Cancelled,1,108000.0
ORD004677,CUST04677,PRD0009,2024-05-16,Pending,3,21375.0
ORD004678,CUST04678,PRD0016,2025-11-18,Cancelled,1,3325.0
ORD004679,CUST04679,PRD0026,2025-05-24,completed,5,570000.0
ORD004680,CUST04680,PRD0006,2025-04-24,,2,42500.0
ORD004681,CUST04681,PRD0024,2026-04-28,completed,5,37500.0
ORD004682,CUST04682,PRD0001,2025-01-09,completed,2,40000.0
ORD004683,CUST04683,PRD0008,2024-06-19,COMPLETED,4,85000.0
ORD004684,CUST04684,PRD0028,2026-08-02,completed,2,135000.0
ORD004685,CUST04685,PRD0003,2025-08-17,COMPLETED,5,570000.0
ORD004686,CUST04686,PRD0022,2025-04-07,pending,3,342000.0
ORD004687,CUST04687,PRD0018,2025-09-19,completed,5,570000.0
ORD004688,CUST04688,PRD0013,2025-06-05,Completed,4,16000.0
ORD004689,CUST04689,PRD0026,2025-04-05,,2,50000.0
ORD004690,CUST04690,PRD0010,2025-06-30,Cancelled,1,60000.0
ORD004691,CUST04691,PRD0005,2025-10-21,Completed,1,38000.0
ORD004692,CUST04692,PRD0024,2026-01-25,Returned,3,60000.0
ORD004693,CUST04693,PRD0008,2024-08-04,Cancelled,4,11900.0
ORD004694,CUST04694,PRD0030,2026-03-28,cancelled,5,15750.0
ORD004695,CUST04695,PRD0022,2025-05-11,completed,4,432000.0
ORD004696,CUST04696,PRD0022,2024-01-29,COMPLETED,1,34000.0
ORD004697,CUST04697,PRD0005,2025-05-19,Returned,3,20250.0
ORD004698,CUST04698,PRD0008,2025-11-12,,1,38000.0
ORD004699,CUST04699,PRD0002,2024-03-22,pending,1,38000.0
ORD004700,CUST04700,PRD0023,2026-01-16,pending,4,18000.0
ORD004701,CUST04701,PRD0002,2025-05-25,Completed,1,120000.0
ORD004702,CUST04702,PRD0015,2026-03-04,COMPLETED,5,190000.0
ORD004703,CUST04703,PRD0026,2026-05-24,Completed,1,6375.0
ORD004704,CUST04704,PRD0008,2025-12-20,COMPLETED,2,9000.0
ORD004705,CUST04705,PRD0021,2024-11-08,completed,3,102000.0
ORD004706,CUST04706,PRD0009,2025-12-05,Pending,1,96000.0
ORD004707,CUST04707,PRD0023,2026-02-27,Completed,3,360000.0
ORD004708,CUST04708,PRD0005,2024-01-28,Pending,1,4250.0
ORD004709,CUST04709,PRD0016,2024-07-15,Cancelled,2,28500.0
ORD004710,CUST04710,PRD0003,2024-02-14,COMPLETED,4,85000.0
ORD004711,CUST04711,PRD0004,2025-04-02,cancelled,3,22500.0
ORD004712,CUST04712,PRD0004,2024-03-22,,1,96000.0
ORD004713,CUST04713,PRD0006,2024-09-24,Pending,5,50000.0
ORD004714,CUST04714,PRD0020,2026-08-04,Pending,5,42500.0
ORD004715,CUST04715,PRD0025,2026-06-08,COMPLETED,4,100000.0
ORD004716,CUST04716,PRD0012,2026-07-06,pending,4,28500.0
ORD004717,CUST04717,PRD0021,2025-01-15,Cancelled,4,24000.0
ORD004718,CUST04718,PRD0029,2024-08-15,Cancelled,2,27000.0
ORD004719,CUST04719,PRD0006,2024-07-01,Completed,5,160000.0
ORD004720,CUST04720,PRD0003,2025-12-08,,3,213750.0
ORD004721,CUST04721,PRD0030,2024-03-19,completed,3,30000.0
ORD004722,CUST04722,PRD0023,2026-05-05,,5,30000.0
ORD004723,CUST04723,PRD0008,2025-01-28,Completed,4,255000.0
ORD004724,CUST04724,PRD0020,2026-03-30,Returned,3,9975.0
ORD004725,CUST04725,PRD0028,2025-02-03,,2,40000.0
ORD004726,CUST04726,PRD0006,2025-10-25,completed,1,8500.0
ORD004727,CUST04727,PRD0008,2025-04-05,,3,28500.0
ORD004728,CUST04728,PRD0014,2026-08-05,completed,1,108000.0
ORD004729,CUST04729,PRD0005,2024-04-18,COMPLETED,3,180000.0
ORD004730,CUST04730,PRD0002,2024-12-13,COMPLETED,3,180000.0
ORD004731,CUST04731,PRD0026,2025-04-26,pending,4,432000.0
ORD004732,CUST04732,PRD0020,2026-02-16,completed,4,18000.0
ORD004733,CUST04733,PRD0016,2025-07-05,Cancelled,4,57000.0
ORD004734,CUST04734,PRD0017,2026-02-16,pending,1,20000.0
ORD004735,CUST04735,PRD0013,2024-06-08,Returned,5,375000.0
ORD004736,CUST04736,PRD0002,2025-01-19,pending,4,24000.0
ORD004737,CUST04737,PRD0027,2024-05-10,Pending,3,342000.0
ORD004738,CUST04738,PRD0002,2025-03-12,Completed,3,306000.0
ORD004739,CUST04739,PRD0016,2024-10-20,completed,5,23750.0
ORD004740,CUST04740,PRD0014,2026-04-18,,5,33750.0
ORD004741,CUST04741,PRD0014,2025-01-30,pending,4,11200.0
ORD004742,CUST04742,PRD0029,2024-01-10,Cancelled,3,120000.0
ORD004743,CUST04743,PRD0018,2026-04-16,completed,1,23750.0
ORD004744,CUST04744,PRD0018,2026-05-10,pending,5,25000.0
ORD004745,CUST04745,PRD0021,2024-02-01,Pending,2,228000.0
ORD004746,CUST04746,PRD0028,2024-10-11,COMPLETED,2,10000.0
ORD004747,CUST04747,PRD0007,2025-09-26,completed,4,136000.0
ORD004748,CUST04748,PRD0005,2024-09-20,,2,50000.0
ORD004749,CUST04749,PRD0004,2025-09-02,Completed,3,102000.0
ORD004750,CUST04750,PRD0015,2025-03-12,Pending,5,31875.0
ORD004751,CUST04751,PRD0012,2024-05-02,Cancelled,1,2975.0
ORD004752,CUST04752,PRD0025,2024-09-06,,5,100000.0
ORD004753,CUST04753,PRD0005,2025-12-20,,4,40000.0
ORD004754,CUST04754,PRD0027,2025-11-24,Completed,4,85000.0
ORD004755,CUST04755,PRD0014,2025-06-21,Pending,1,4250.0
ORD004756,CUST04756,PRD0030,2025-07-10,Cancelled,3,25500.0
ORD004757,CUST04757,PRD0001,2026-03-11,completed,2,14250.0
ORD004758,CUST04758,PRD0018,2025-03-07,Pending,3,60000.0
ORD004759,CUST04759,PRD0013,2024-07-15,,4,90000.0
ORD004760,CUST04760,PRD0008,2024-07-19,,4,300000.0
ORD004761,CUST04761,PRD0003,2025-09-02,completed,3,42750.0
ORD004762,CUST04762,PRD0019,2026-04-30,COMPLETED,4,32000.0
ORD004763,CUST04763,PRD0015,2024-10-19,Pending,1,21250.0
ORD004764,CUST04764,PRD0027,2026-07-19,cancelled,1,75000.0
ORD004765,CUST04765,PRD0027,2024-07-01,Completed,5,318750.0
ORD004766,CUST04766,PRD0022,2025-06-30,Completed,1,4750.0
ORD004767,CUST04767,PRD0004,2024-06-22,Completed,3,96000.0
ORD004768,CUST04768,PRD0020,2026-07-22,pending,2,28500.0
ORD004769,CUST04769,PRD0012,2026-02-04,COMPLETED,1,96000.0
ORD004770,CUST04770,PRD0027,2025-03-06,Completed,5,356250.0
ORD004771,CUST04771,PRD0029,2024-02-08,,4,13300.0
ORD004772,CUST04772,PRD0012,2024-03-31,,4,14000.0
ORD004773,CUST04773,PRD0021,2026-03-24,,3,25500.0
ORD004774,CUST04774,PRD0012,2024-07-29,Pending,1,2800.0
ORD004775,CUST04775,PRD0029,2026-08-20,Completed,4,80000.0
ORD004776,CUST04776,PRD0023,2026-03-09,COMPLETED,1,40000.0
ORD004777,CUST04777,PRD0006,2024-07-07,Returned,4,160000.0
ORD004778,CUST04778,PRD0004,2026-01-01,Completed,4,136000.0
ORD004779,CUST04779,PRD0004,2025-10-11,,3,19125.0
ORD004780,CUST04780,PRD0005,2025-08-25,Cancelled,1,25000.0
ORD004781,CUST04781,PRD0003,2025-04-08,Completed,1,10000.0
ORD004782,CUST04782,PRD0017,2024-02-10,Completed,5,50000.0
ORD004783,CUST04783,PRD0009,2025-06-19,pending,1,8000.0
ORD004784,CUST04784,PRD0030,2024-09-04,Completed,2,8000.0
ORD004785,CUST04785,PRD0029,2024-08-02,,2,150000.0
ORD004786,CUST04786,PRD0029,2024-05-27,pending,1,7500.0
ORD004787,CUST04787,PRD0026,2024-11-06,Completed,1,102000.0
ORD004788,CUST04788,PRD0013,2025-10-12,Returned,5,63750.0
ORD004789,CUST04789,PRD0012,2024-11-18,Completed,1,8500.0
ORD004790,CUST04790,PRD0025,2026-06-03,COMPLETED,2,14250.0
ORD004791,CUST04791,PRD0014,2026-08-22,COMPLETED,2,204000.0
ORD004792,CUST04792,PRD0024,2026-05-24,Completed,4,160000.0
ORD004793,CUST04793,PRD0023,2024-04-18,COMPLETED,5,21250.0
ORD004794,CUST04794,PRD0029,2026-08-21,pending,2,216000.0
ORD004795,CUST04795,PRD0007,2024-09-27,,4,14000.0
ORD004796,CUST04796,PRD0015,2024-11-16,Completed,3,108000.0
ORD004797,CUST04797,PRD0007,2025-02-02,Completed,4,456000.0
ORD004798,CUST04798,PRD0013,2024-07-04,Completed,5,37500.0
ORD004799,CUST04799,PRD0008,2025-06-29,completed,3,40500.0
ORD004800,CUST04800,PRD0029,2026-08-02,Completed,5,125000.0
ORD004801,CUST04801,PRD0007,2025-01-07,Cancelled,4,12600.0
ORD004802,CUST04802,PRD0022,2025-10-25,Completed,5,50000.0
ORD004803,CUST04803,PRD0004,2025-05-18,Completed,5,60000.0
ORD004804,CUST04804,PRD0004,2024-06-22,Completed,3,213750.0
ORD004805,CUST04805,PRD0010,2024-08-14,cancelled,5,35625.0
ORD004806,CUST04806,PRD0029,2024-12-07,Completed,1,3150.0
ORD004807,CUST04807,PRD0006,2026-05-24,Cancelled,1,4250.0
ORD004808,CUST04808,PRD0017,2024-05-13,Pending,5,106250.0
ORD004809,CUST04809,PRD0011,2025-05-28,Pending,3,108000.0
ORD004810,CUST04810,PRD0015,2024-02-05,,4,28500.0
ORD004811,CUST04811,PRD0010,2025-02-01,Cancelled,2,5950.0
ORD004812,CUST04812,PRD0022,2025-06-24,,4,16000.0
ORD004813,CUST04813,PRD0011,2025-04-13,Completed,4,36000.0
ORD004814,CUST04814,PRD0020,2025-12-31,completed,4,384000.0
ORD004815,CUST04815,PRD0028,2024-11-11,COMPLETED,5,15750.0
ORD004816,CUST04816,PRD0004,2025-08-09,Returned,3,63750.0
ORD004817,CUST04817,PRD0009,2024-12-24,COMPLETED,2,127500.0
ORD004818,CUST04818,PRD0016,2025-12-27,cancelled,1,13500.0
ORD004819,CUST04819,PRD0003,2025-06-04,Completed,2,8000.0
ORD004820,CUST04820,PRD0004,2025-08-22,Completed,4,54000.0
ORD004821,CUST04821,PRD0006,2026-06-18,COMPLETED,3,288000.0
ORD004822,CUST04822,PRD0030,2024-05-04,COMPLETED,1,21250.0
ORD004823,CUST04823,PRD0004,2026-01-14,Pending,1,96000.0
ORD004824,CUST04824,PRD0017,2026-08-24,Completed,2,7000.0
ORD004825,CUST04825,PRD0007,2025-08-01,completed,2,5600.0
ORD004826,CUST04826,PRD0018,2026-01-21,cancelled,3,14250.0
ORD004827,CUST04827,PRD0007,2025-06-10,Cancelled,2,9500.0
ORD004828,CUST04828,PRD0027,2024-07-02,Completed,1,36000.0
ORD004829,CUST04829,PRD0029,2024-05-30,completed,4,25500.0
ORD004830,CUST04830,PRD0008,2025-06-08,,3,9450.0
ORD004831,CUST04831,PRD0012,2025-11-27,,4,18000.0
ORD004832,CUST04832,PRD0015,2026-02-14,completed,5,75000.0
ORD004833,CUST04833,PRD0012,2025-03-21,Pending,2,50000.0
ORD004834,CUST04834,PRD0012,2024-02-07,Completed,5,60000.0
ORD004835,CUST04835,PRD0001,2025-05-24,cancelled,5,300000.0
ORD004836,CUST04836,PRD0001,2025-03-27,COMPLETED,1,96000.0
ORD004837,CUST04837,PRD0011,2024-09-01,,1,4500.0
ORD004838,CUST04838,PRD0019,2024-02-21,COMPLETED,4,128000.0
ORD004839,CUST04839,PRD0005,2025-03-24,COMPLETED,5,75000.0
ORD004840,CUST04840,PRD0013,2025-05-26,Completed,5,318750.0
ORD004841,CUST04841,PRD0013,2026-07-10,Completed,1,9000.0
ORD004842,CUST04842,PRD0010,2025-11-26,Cancelled,5,47500.0
ORD004843,CUST04843,PRD0010,2024-08-02,Completed,3,102000.0
ORD004844,CUST04844,PRD0030,2026-07-25,Completed,1,4000.0
ORD004845,CUST04845,PRD0021,2025-08-24,Completed,5,22500.0
ORD004846,CUST04846,PRD0006,2025-05-15,Completed,3,12750.0
ORD004847,CUST04847,PRD0026,2025-03-21,cancelled,3,324000.0
ORD004848,CUST04848,PRD0016,2026-03-23,cancelled,5,35625.0
ORD004849,CUST04849,PRD0013,2026-05-13,Pending,3,8400.0
ORD004850,CUST04850,PRD0024,2026-06-06,pending,1,4250.0
ORD004851,CUST04851,PRD0016,2025-06-17,Completed,1,32000.0
ORD004852,CUST04852,PRD0029,2025-02-11,Completed,1,8500.0
ORD004853,CUST04853,PRD0009,2025-03-19,Completed,5,125000.0
ORD004854,CUST04854,PRD0020,2024-10-05,Pending,5,16625.0
ORD004855,CUST04855,PRD0026,2024-03-20,Cancelled,2,240000.0
ORD004856,CUST04856,PRD0004,2024-05-14,Completed,3,25500.0
ORD004857,CUST04857,PRD0030,2024-11-04,,1,12750.0
ORD004858,CUST04858,PRD0018,2024-12-15,cancelled,3,40500.0
ORD004859,CUST04859,PRD0006,2026-01-28,Cancelled,1,8000.0
ORD004860,CUST04860,PRD0009,2024-12-24,Cancelled,2,19000.0
ORD004861,CUST04861,PRD0001,2025-07-31,Completed,5,23750.0
ORD004862,CUST04862,PRD0002,2024-03-04,Pending,5,20000.0
ORD004863,CUST04863,PRD0001,2026-03-10,,5,570000.0
ORD004864,CUST04864,PRD0001,2026-07-16,COMPLETED,4,60000.0
ORD004865,CUST04865,PRD0011,2025-12-16,Cancelled,1,6750.0
ORD004866,CUST04866,PRD0030,2026-07-25,Cancelled,4,25500.0
ORD004867,CUST04867,PRD0008,2025-06-03,completed,4,255000.0
ORD004868,CUST04868,PRD0028,2024-10-24,pending,5,20000.0
ORD004869,CUST04869,PRD0016,2026-07-21,Returned,2,16000.0
ORD004870,CUST04870,PRD0012,2024-03-18,Completed,5,170000.0
ORD004871,CUST04871,PRD0012,2025-09-08,COMPLETED,4,160000.0
ORD004872,CUST04872,PRD0018,2025-09-25,cancelled,4,285000.0
ORD004873,CUST04873,PRD0014,2025-01-20,pending,4,285000.0
ORD004874,CUST04874,PRD0014,2026-04-22,Pending,2,150000.0
ORD004875,CUST04875,PRD0017,2024-10-23,Completed,2,10000.0
ORD004876,CUST04876,PRD0006,2024-12-19,Completed,3,22500.0
ORD004877,CUST04877,PRD0022,2024-05-29,,5,63750.0
ORD004878,CUST04878,PRD0010,2025-04-07,completed,1,4750.0
ORD004879,CUST04879,PRD0007,2024-12-08,COMPLETED,2,9500.0
ORD004880,CUST04880,PRD0019,2025-07-13,Completed,5,600000.0
ORD004881,CUST04881,PRD0030,2024-12-18,,2,17000.0
ORD004882,CUST04882,PRD0007,2024-05-15,Pending,3,120000.0
ORD004883,CUST04883,PRD0008,2026-03-27,cancelled,3,180000.0
ORD004884,CUST04884,PRD0005,2025-06-17,,1,60000.0
ORD004885,CUST04885,PRD0008,2024-07-11,COMPLETED,4,28500.0
ORD004886,CUST04886,PRD0013,2024-04-15,Completed,5,16625.0
ORD004887,CUST04887,PRD0007,2026-02-04,Cancelled,5,160000.0
ORD004888,CUST04888,PRD0009,2026-04-17,COMPLETED,3,9450.0
ORD004889,CUST04889,PRD0016,2024-10-19,cancelled,1,14250.0
ORD004890,CUST04890,PRD0010,2025-06-15,completed,5,21250.0
ORD004891,CUST04891,PRD0015,2024-02-25,completed,1,96000.0
ORD004892,CUST04892,PRD0003,2026-07-29,completed,1,102000.0
ORD004893,CUST04893,PRD0024,2024-06-14,pending,4,14000.0
ORD004894,CUST04894,PRD0028,2025-05-28,Cancelled,2,150000.0
ORD004895,CUST04895,PRD0022,2024-04-21,Returned,4,100000.0
ORD004896,CUST04896,PRD0005,2025-06-25,Completed,3,9450.0
ORD004897,CUST04897,PRD0010,2024-09-13,Cancelled,4,34000.0
ORD004898,CUST04898,PRD0005,2026-02-19,pending,1,10000.0
ORD004899,CUST04899,PRD0025,2025-04-15,Completed,4,300000.0
ORD004900,CUST04900,PRD0022,2025-08-19,completed,4,255000.0
ORD004901,CUST04901,PRD0023,2024-05-02,Returned,3,24000.0
ORD004902,CUST04902,PRD0019,2025-12-21,Completed,4,270000.0
ORD004903,CUST04903,PRD0015,2024-06-09,,3,45000.0
ORD004904,CUST04904,PRD0010,2024-08-13,cancelled,1,8500.0
ORD004905,CUST04905,PRD0006,2024-07-03,Cancelled,1,96000.0
ORD004906,CUST04906,PRD0022,2024-04-23,completed,4,300000.0
ORD004907,CUST04907,PRD0030,2024-10-30,completed,5,45000.0
ORD004908,CUST04908,PRD0022,2026-07-28,Cancelled,4,25500.0
ORD004909,CUST04909,PRD0022,2025-02-12,Returned,5,100000.0
ORD004910,CUST04910,PRD0001,2024-03-04,Completed,1,2975.0
ORD004911,CUST04911,PRD0018,2026-01-16,pending,5,71250.0
ORD004912,CUST04912,PRD0021,2025-03-26,COMPLETED,3,21375.0
ORD004913,CUST04913,PRD0006,2024-10-23,Completed,4,90000.0
ORD004914,CUST04914,PRD0029,2025-08-16,pending,5,40000.0
ORD004915,CUST04915,PRD0019,2025-01-13,pending,5,63750.0
ORD004916,CUST04916,PRD0015,2024-04-14,COMPLETED,2,17000.0
ORD004917,CUST04917,PRD0013,2024-02-26,completed,3,202500.0
ORD004918,CUST04918,PRD0015,2026-05-30,COMPLETED,2,20000.0
ORD004919,CUST04919,PRD0019,2025-05-04,Pending,2,18000.0
ORD004920,CUST04920,PRD0015,2024-08-31,Returned,4,144000.0
ORD004921,CUST04921,PRD0030,2024-02-17,Completed,4,54000.0
ORD004922,CUST04922,PRD0002,2024-11-13,,5,17500.0
ORD004923,CUST04923,PRD0019,2025-08-03,COMPLETED,5,125000.0
ORD004924,CUST04924,PRD0021,2024-12-15,Pending,3,180000.0
ORD004925,CUST04925,PRD0018,2026-03-13,completed,5,33750.0
ORD004926,CUST04926,PRD0013,2024-01-15,Pending,1,14250.0
ORD004927,CUST04927,PRD0013,2026-08-19,Completed,5,540000.0
ORD004928,CUST04928,PRD0005,2024-09-16,pending,3,25500.0
ORD004929,CUST04929,PRD0025,2024-12-29,Cancelled,5,30000.0
ORD004930,CUST04930,PRD0017,2026-05-25,,1,32000.0
ORD004931,CUST04931,PRD0021,2024-03-04,Pending,4,34000.0
ORD004932,CUST04932,PRD0030,2024-02-25,cancelled,1,6750.0
ORD004933,CUST04933,PRD0027,2025-12-14,cancelled,2,8500.0
ORD004934,CUST04934,PRD0025,2024-11-30,Returned,3,60000.0
ORD004935,CUST04935,PRD0010,2025-10-31,pending,4,38000.0
ORD004936,CUST04936,PRD0024,2024-12-07,cancelled,3,22500.0
ORD004937,CUST04937,PRD0028,2024-08-04,Pending,3,25500.0
ORD004938,CUST04938,PRD0019,2024-10-07,Cancelled,4,90000.0
ORD004939,CUST04939,PRD0030,2025-05-09,COMPLETED,5,160000.0
ORD004940,CUST04940,PRD0014,2026-01-16,Completed,4,13300.0
ORD004941,CUST04941,PRD0011,2024-09-24,Pending,3,67500.0
ORD004942,CUST04942,PRD0004,2025-11-20,,2,10000.0
ORD004943,CUST04943,PRD0026,2026-08-07,cancelled,4,18000.0
ORD004944,CUST04944,PRD0022,2024-04-23,cancelled,4,255000.0
ORD004945,CUST04945,PRD0028,2024-12-08,completed,3,27000.0
ORD004946,CUST04946,PRD0028,2026-06-18,cancelled,5,337500.0
ORD004947,CUST04947,PRD0005,2025-01-29,pending,2,120000.0
ORD004948,CUST04948,PRD0005,2024-12-25,,4,30000.0
ORD004949,CUST04949,PRD0023,2025-11-21,Completed,2,6300.0
ORD004950,CUST04950,PRD0022,2024-12-04,COMPLETED,4,19000.0
ORD004951,CUST04951,PRD0028,2024-05-13,Completed,1,120000.0
ORD004952,CUST04952,PRD0016,2024-04-23,Completed,2,5950.0
ORD004953,CUST04953,PRD0020,2024-11-09,,5,14000.0
ORD004954,CUST04954,PRD0002,2026-04-26,Cancelled,3,20250.0
ORD004955,CUST04955,PRD0024,2025-01-01,completed,2,45000.0
ORD004956,CUST04956,PRD0026,2025-07-13,Completed,2,127500.0
ORD004957,CUST04957,PRD0001,2024-04-16,pending,4,100000.0
ORD004958,CUST04958,PRD0003,2024-03-20,completed,4,408000.0
ORD004959,CUST04959,PRD0006,2025-06-09,Pending,3,20250.0
ORD004960,CUST04960,PRD0020,2025-04-20,Pending,4,16000.0
ORD004961,CUST04961,PRD0022,2025-03-03,Returned,2,47500.0
ORD004962,CUST04962,PRD0020,2024-03-06,Completed,3,67500.0
ORD004963,CUST04963,PRD0023,2024-10-25,cancelled,4,20000.0
ORD004964,CUST04964,PRD0002,2024-07-18,Cancelled,5,63750.0
ORD004965,CUST04965,PRD0001,2025-04-30,cancelled,5,23750.0
ORD004966,CUST04966,PRD0020,2025-02-08,completed,2,19000.0
ORD004967,CUST04967,PRD0016,2025-03-23,pending,3,75000.0
ORD004968,CUST04968,PRD0021,2025-04-15,pending,1,21250.0
ORD004969,CUST04969,PRD0006,2026-01-15,,2,42500.0
ORD004970,CUST04970,PRD0010,2024-04-24,Completed,1,63750.0
ORD004971,CUST04971,PRD0007,2025-11-26,Returned,5,356250.0
ORD004972,CUST04972,PRD0005,2025-07-16,Cancelled,4,18000.0
ORD004973,CUST04973,PRD0006,2024-07-08,pending,5,180000.0
ORD004974,CUST04974,PRD0019,2025-07-06,Cancelled,4,57000.0
ORD004975,CUST04975,PRD0024,2025-11-02,Pending,4,32000.0
ORD004976,CUST04976,PRD0001,2025-04-20,Returned,3,9450.0
ORD004977,CUST04977,PRD0024,2024-05-22,Completed,3,12750.0
ORD004978,CUST04978,PRD0025,2026-02-20,Completed,1,96000.0
ORD004979,CUST04979,PRD0030,2025-11-02,,3,342000.0
ORD004980,CUST04980,PRD0027,2025-04-14,Completed,2,150000.0
ORD004981,CUST04981,PRD0024,2025-06-09,Pending,2,30000.0
ORD004982,CUST04982,PRD0025,2025-02-27,cancelled,3,40500.0
ORD004983,CUST04983,PRD0005,2025-01-19,COMPLETED,5,50000.0
ORD004984,CUST04984,PRD0008,2024-06-13,Completed,2,15000.0
ORD004985,CUST04985,PRD0008,2025-09-21,cancelled,1,67500.0
ORD004986,CUST04986,PRD0008,2026-04-30,completed,1,20000.0
ORD004987,CUST04987,PRD0016,2025-04-09,cancelled,2,16000.0
ORD004988,CUST04988,PRD0003,2026-05-03,Completed,3,10500.0
ORD004989,CUST04989,PRD0022,2026-02-13,cancelled,2,192000.0
ORD004990,CUST04990,PRD0027,2025-11-21,Cancelled,4,136000.0
ORD004991,CUST04991,PRD0024,2025-01-10,Completed,5,600000.0
ORD004992,CUST04992,PRD0011,2025-03-11,completed,5,75000.0
ORD004993,CUST04993,PRD0008,2024-05-31,Completed,5,40000.0
ORD004994,CUST04994,PRD0005,2026-04-05,Cancelled,5,37500.0
ORD004995,CUST04995,PRD0016,2026-05-22,Completed,4,14000.0
ORD004996,CUST04996,PRD0008,2026-02-14,completed,5,570000.0
ORD004997,CUST04997,PRD0030,2024-04-06,Returned,3,42750.0
ORD004998,CUST04998,PRD0002,2024-06-06,Completed,4,17000.0
ORD004999,CUST04999,PRD0021,2025-12-17,completed,2,216000.0
ORD005000,CUST05000,PRD0010,2026-08-30,Completed,5,35625.0
